path	start_line	end_line	author	commit	commit_url	authored	subject
.editorconfig	1	5	Oliver Lipkau	6c36cb7d8db2cc8538581a7de4bb3952c5c2119e	https://github.com/AtlassianPS/JiraPS/commit/6c36cb7d8db2cc8538581a7de4bb3952c5c2119e	2017-06-27T06:12:29+02:00	Enhance repo's environment (#147)
.editorconfig	7	10	Oliver Lipkau	6c36cb7d8db2cc8538581a7de4bb3952c5c2119e	https://github.com/AtlassianPS/JiraPS/commit/6c36cb7d8db2cc8538581a7de4bb3952c5c2119e	2017-06-27T06:12:29+02:00	Enhance repo's environment (#147)
.gitattributes	4	4	Oliver Lipkau	6c36cb7d8db2cc8538581a7de4bb3952c5c2119e	https://github.com/AtlassianPS/JiraPS/commit/6c36cb7d8db2cc8538581a7de4bb3952c5c2119e	2017-06-27T06:12:29+02:00	Enhance repo's environment (#147)
.gitattributes	8	8	Oliver Lipkau	6c36cb7d8db2cc8538581a7de4bb3952c5c2119e	https://github.com/AtlassianPS/JiraPS/commit/6c36cb7d8db2cc8538581a7de4bb3952c5c2119e	2017-06-27T06:12:29+02:00	Enhance repo's environment (#147)
.github/ISSUE_TEMPLATE/bug_report.md	14	14	Oliver Lipkau	47ddf23cc3df1a2d3c6dd76451e4eb81a28d4aa5	https://github.com/AtlassianPS/JiraPS/commit/47ddf23cc3df1a2d3c6dd76451e4eb81a28d4aa5	2017-07-03T18:59:18Z	fix lfcr
.github/ISSUE_TEMPLATE/bug_report.md	31	32	Oliver Lipkau	47ddf23cc3df1a2d3c6dd76451e4eb81a28d4aa5	https://github.com/AtlassianPS/JiraPS/commit/47ddf23cc3df1a2d3c6dd76451e4eb81a28d4aa5	2017-07-03T18:59:18Z	fix lfcr
.github/PULL_REQUEST_TEMPLATE.md	3	5	Oliver Lipkau	47ddf23cc3df1a2d3c6dd76451e4eb81a28d4aa5	https://github.com/AtlassianPS/JiraPS/commit/47ddf23cc3df1a2d3c6dd76451e4eb81a28d4aa5	2017-07-03T18:59:18Z	fix lfcr
.github/PULL_REQUEST_TEMPLATE.md	7	9	Oliver Lipkau	47ddf23cc3df1a2d3c6dd76451e4eb81a28d4aa5	https://github.com/AtlassianPS/JiraPS/commit/47ddf23cc3df1a2d3c6dd76451e4eb81a28d4aa5	2017-07-03T18:59:18Z	fix lfcr
.github/PULL_REQUEST_TEMPLATE.md	11	15	Oliver Lipkau	47ddf23cc3df1a2d3c6dd76451e4eb81a28d4aa5	https://github.com/AtlassianPS/JiraPS/commit/47ddf23cc3df1a2d3c6dd76451e4eb81a28d4aa5	2017-07-03T18:59:18Z	fix lfcr
.github/PULL_REQUEST_TEMPLATE.md	17	17	Oliver Lipkau	47ddf23cc3df1a2d3c6dd76451e4eb81a28d4aa5	https://github.com/AtlassianPS/JiraPS/commit/47ddf23cc3df1a2d3c6dd76451e4eb81a28d4aa5	2017-07-03T18:59:18Z	fix lfcr
.github/PULL_REQUEST_TEMPLATE.md	19	22	Oliver Lipkau	47ddf23cc3df1a2d3c6dd76451e4eb81a28d4aa5	https://github.com/AtlassianPS/JiraPS/commit/47ddf23cc3df1a2d3c6dd76451e4eb81a28d4aa5	2017-07-03T18:59:18Z	fix lfcr
.github/PULL_REQUEST_TEMPLATE.md	25	26	Oliver Lipkau	47ddf23cc3df1a2d3c6dd76451e4eb81a28d4aa5	https://github.com/AtlassianPS/JiraPS/commit/47ddf23cc3df1a2d3c6dd76451e4eb81a28d4aa5	2017-07-03T18:59:18Z	fix lfcr
.github/PULL_REQUEST_TEMPLATE.md	28	28	Oliver Lipkau	47ddf23cc3df1a2d3c6dd76451e4eb81a28d4aa5	https://github.com/AtlassianPS/JiraPS/commit/47ddf23cc3df1a2d3c6dd76451e4eb81a28d4aa5	2017-07-03T18:59:18Z	fix lfcr
.github/PULL_REQUEST_TEMPLATE.md	31	32	Oliver Lipkau	47ddf23cc3df1a2d3c6dd76451e4eb81a28d4aa5	https://github.com/AtlassianPS/JiraPS/commit/47ddf23cc3df1a2d3c6dd76451e4eb81a28d4aa5	2017-07-03T18:59:18Z	fix lfcr
.gitignore	1	1	Oliver Lipkau	f3f8338aa40b13b1b2ee08313e847602b22fec67	https://github.com/AtlassianPS/JiraPS/commit/f3f8338aa40b13b1b2ee08313e847602b22fec67	2017-08-05T09:45:36+02:00	Release v2.2.0
.gitignore	3	3	Joshua Taliaferro	4ff33f4b8340c8d249a3d6511feadc37e8548824	https://github.com/AtlassianPS/JiraPS/commit/4ff33f4b8340c8d249a3d6511feadc37e8548824	2016-12-13T20:27:59-06:00	Added Sphinx build directories
.gitignore	6	6	Joshua Taliaferro	67e3f20544971000c976e95d52e02bdeb445a7af	https://github.com/AtlassianPS/JiraPS/commit/67e3f20544971000c976e95d52e02bdeb445a7af	2017-05-22T10:22:22-05:00	Updated VSCode settings and CI pipeline
.gitignore	7	7	Oliver Lipkau	f3f8338aa40b13b1b2ee08313e847602b22fec67	https://github.com/AtlassianPS/JiraPS/commit/f3f8338aa40b13b1b2ee08313e847602b22fec67	2017-08-05T09:45:36+02:00	Release v2.2.0
.gitignore	12	12	Joshua Taliaferro	67e3f20544971000c976e95d52e02bdeb445a7af	https://github.com/AtlassianPS/JiraPS/commit/67e3f20544971000c976e95d52e02bdeb445a7af	2017-05-22T10:22:22-05:00	Updated VSCode settings and CI pipeline
.gitignore	16	20	Joshua Taliaferro	6d377bbb7305be7f3fdf2dbcf9243e1c0e5df531	https://github.com/AtlassianPS/JiraPS/commit/6d377bbb7305be7f3fdf2dbcf9243e1c0e5df531	2015-08-05T10:36:04-05:00	Updated .gitignore with OS files [skip ci]
.gitignore	22	27	Joshua Taliaferro	6d377bbb7305be7f3fdf2dbcf9243e1c0e5df531	https://github.com/AtlassianPS/JiraPS/commit/6d377bbb7305be7f3fdf2dbcf9243e1c0e5df531	2015-08-05T10:36:04-05:00	Updated .gitignore with OS files [skip ci]
.gitignore	29	30	Joshua Taliaferro	6d377bbb7305be7f3fdf2dbcf9243e1c0e5df531	https://github.com/AtlassianPS/JiraPS/commit/6d377bbb7305be7f3fdf2dbcf9243e1c0e5df531	2015-08-05T10:36:04-05:00	Updated .gitignore with OS files [skip ci]
.spelling	2	3	Oliver Lipkau	8748106fb920eaeffff5f356b59c695a1fd40122	https://github.com/AtlassianPS/JiraPS/commit/8748106fb920eaeffff5f356b59c695a1fd40122	2017-07-04T11:50:07+02:00	Allow Spell check on platyPS files
.spelling	12	12	Oliver Lipkau	8748106fb920eaeffff5f356b59c695a1fd40122	https://github.com/AtlassianPS/JiraPS/commit/8748106fb920eaeffff5f356b59c695a1fd40122	2017-07-04T11:50:07+02:00	Allow Spell check on platyPS files
.spelling	13	13	Oliver Lipkau	00ba57c72b69a6fcf3a50608393c77a8014eb204	https://github.com/AtlassianPS/JiraPS/commit/00ba57c72b69a6fcf3a50608393c77a8014eb204	2017-07-04T14:05:56+02:00	Update spelling dictionary.
.spelling	15	15	Oliver Lipkau	8748106fb920eaeffff5f356b59c695a1fd40122	https://github.com/AtlassianPS/JiraPS/commit/8748106fb920eaeffff5f356b59c695a1fd40122	2017-07-04T11:50:07+02:00	Allow Spell check on platyPS files
.vscode/settings.json	1	2	Joshua Taliaferro	67e3f20544971000c976e95d52e02bdeb445a7af	https://github.com/AtlassianPS/JiraPS/commit/67e3f20544971000c976e95d52e02bdeb445a7af	2017-05-22T10:22:22-05:00	Updated VSCode settings and CI pipeline
.vscode/settings.json	5	7	Oliver Lipkau	6c36cb7d8db2cc8538581a7de4bb3952c5c2119e	https://github.com/AtlassianPS/JiraPS/commit/6c36cb7d8db2cc8538581a7de4bb3952c5c2119e	2017-06-27T06:12:29+02:00	Enhance repo's environment (#147)
.vscode/settings.json	12	12	Oliver Lipkau	6c36cb7d8db2cc8538581a7de4bb3952c5c2119e	https://github.com/AtlassianPS/JiraPS/commit/6c36cb7d8db2cc8538581a7de4bb3952c5c2119e	2017-06-27T06:12:29+02:00	Enhance repo's environment (#147)
.vscode/settings.json	52	52	Oliver Lipkau	6c36cb7d8db2cc8538581a7de4bb3952c5c2119e	https://github.com/AtlassianPS/JiraPS/commit/6c36cb7d8db2cc8538581a7de4bb3952c5c2119e	2017-06-27T06:12:29+02:00	Enhance repo's environment (#147)
CHANGELOG.md	1	2	Oliver Lipkau	f3f8338aa40b13b1b2ee08313e847602b22fec67	https://github.com/AtlassianPS/JiraPS/commit/f3f8338aa40b13b1b2ee08313e847602b22fec67	2017-08-05T09:45:36+02:00	Release v2.2.0
CHANGELOG.md	577	577	Oliver Lipkau	f3f8338aa40b13b1b2ee08313e847602b22fec67	https://github.com/AtlassianPS/JiraPS/commit/f3f8338aa40b13b1b2ee08313e847602b22fec67	2017-08-05T09:45:36+02:00	Release v2.2.0
CHANGELOG.md	585	585	Oliver Lipkau	f3f8338aa40b13b1b2ee08313e847602b22fec67	https://github.com/AtlassianPS/JiraPS/commit/f3f8338aa40b13b1b2ee08313e847602b22fec67	2017-08-05T09:45:36+02:00	Release v2.2.0
CHANGELOG.md	587	587	Oliver Lipkau	706158d7d2607cf1c3275c97f46d437fa2f05ad9	https://github.com/AtlassianPS/JiraPS/commit/706158d7d2607cf1c3275c97f46d437fa2f05ad9	2017-06-25T17:29:50+02:00	Update ChangeLog
CHANGELOG.md	589	589	Oliver Lipkau	706158d7d2607cf1c3275c97f46d437fa2f05ad9	https://github.com/AtlassianPS/JiraPS/commit/706158d7d2607cf1c3275c97f46d437fa2f05ad9	2017-06-25T17:29:50+02:00	Update ChangeLog
CHANGELOG.md	597	597	Oliver Lipkau	706158d7d2607cf1c3275c97f46d437fa2f05ad9	https://github.com/AtlassianPS/JiraPS/commit/706158d7d2607cf1c3275c97f46d437fa2f05ad9	2017-06-25T17:29:50+02:00	Update ChangeLog
CHANGELOG.md	616	616	Oliver Lipkau	706158d7d2607cf1c3275c97f46d437fa2f05ad9	https://github.com/AtlassianPS/JiraPS/commit/706158d7d2607cf1c3275c97f46d437fa2f05ad9	2017-06-25T17:29:50+02:00	Update ChangeLog
CHANGELOG.md	618	619	Oliver Lipkau	4587517fa9064815344e74b51ad187b9d491782f	https://github.com/AtlassianPS/JiraPS/commit/4587517fa9064815344e74b51ad187b9d491782f	2017-06-24T15:59:07+02:00	Update major version: 2.0.0
CHANGELOG.md	624	624	Oliver Lipkau	4587517fa9064815344e74b51ad187b9d491782f	https://github.com/AtlassianPS/JiraPS/commit/4587517fa9064815344e74b51ad187b9d491782f	2017-06-24T15:59:07+02:00	Update major version: 2.0.0
CHANGELOG.md	626	626	Joshua Taliaferro	329e7d3852a75c7f900fd653977ab5ca31589e8d	https://github.com/AtlassianPS/JiraPS/commit/329e7d3852a75c7f900fd653977ab5ca31589e8d	2016-08-21T01:06:04-05:00	Incremented version to 1.2.5
CHANGELOG.md	628	628	Joshua Taliaferro	329e7d3852a75c7f900fd653977ab5ca31589e8d	https://github.com/AtlassianPS/JiraPS/commit/329e7d3852a75c7f900fd653977ab5ca31589e8d	2016-08-21T01:06:04-05:00	Incremented version to 1.2.5
CHANGELOG.md	639	639	Joshua Taliaferro	329e7d3852a75c7f900fd653977ab5ca31589e8d	https://github.com/AtlassianPS/JiraPS/commit/329e7d3852a75c7f900fd653977ab5ca31589e8d	2016-08-21T01:06:04-05:00	Incremented version to 1.2.5
CHANGELOG.md	641	641	Joshua Taliaferro	a403e8186bcc067412f5c8c2fb6943977d0cbde3	https://github.com/AtlassianPS/JiraPS/commit/a403e8186bcc067412f5c8c2fb6943977d0cbde3	2016-08-21T00:52:23-05:00	Fixed markdown syntax
CHANGELOG.md	643	643	Joshua Taliaferro	a403e8186bcc067412f5c8c2fb6943977d0cbde3	https://github.com/AtlassianPS/JiraPS/commit/a403e8186bcc067412f5c8c2fb6943977d0cbde3	2016-08-21T00:52:23-05:00	Fixed markdown syntax
CHANGELOG.md	646	646	Joshua Taliaferro	a403e8186bcc067412f5c8c2fb6943977d0cbde3	https://github.com/AtlassianPS/JiraPS/commit/a403e8186bcc067412f5c8c2fb6943977d0cbde3	2016-08-21T00:52:23-05:00	Fixed markdown syntax
CHANGELOG.md	651	651	Joshua Taliaferro	963ba6cda34fe8efcb0991ac43d2f941009cc019	https://github.com/AtlassianPS/JiraPS/commit/963ba6cda34fe8efcb0991ac43d2f941009cc019	2015-12-10T14:35:13-06:00	Incremented version to 1.2.4
CHANGELOG.md	653	653	Joshua Taliaferro	a403e8186bcc067412f5c8c2fb6943977d0cbde3	https://github.com/AtlassianPS/JiraPS/commit/a403e8186bcc067412f5c8c2fb6943977d0cbde3	2016-08-21T00:52:23-05:00	Fixed markdown syntax
CHANGELOG.md	655	655	Joshua Taliaferro	0ee83ed0719e691bd3b05b5451d7267d4cf1d7c9	https://github.com/AtlassianPS/JiraPS/commit/0ee83ed0719e691bd3b05b5451d7267d4cf1d7c9	2015-12-02T14:32:26-06:00	Incremented version to 1.2.3.
CHANGELOG.md	657	657	Joshua Taliaferro	0ee83ed0719e691bd3b05b5451d7267d4cf1d7c9	https://github.com/AtlassianPS/JiraPS/commit/0ee83ed0719e691bd3b05b5451d7267d4cf1d7c9	2015-12-02T14:32:26-06:00	Incremented version to 1.2.3.
CHANGELOG.md	665	665	Joshua Taliaferro	0ee83ed0719e691bd3b05b5451d7267d4cf1d7c9	https://github.com/AtlassianPS/JiraPS/commit/0ee83ed0719e691bd3b05b5451d7267d4cf1d7c9	2015-12-02T14:32:26-06:00	Incremented version to 1.2.3.
CHANGELOG.md	667	667	Joshua Taliaferro	a403e8186bcc067412f5c8c2fb6943977d0cbde3	https://github.com/AtlassianPS/JiraPS/commit/a403e8186bcc067412f5c8c2fb6943977d0cbde3	2016-08-21T00:52:23-05:00	Fixed markdown syntax
CHANGELOG.md	669	669	Joshua Taliaferro	9a2ed80bb5f41dbaae45af7f935eabece091d2d6	https://github.com/AtlassianPS/JiraPS/commit/9a2ed80bb5f41dbaae45af7f935eabece091d2d6	2015-11-16T10:30:56-06:00	Incremented version to 1.2.2
CHANGELOG.md	671	671	Joshua Taliaferro	9a2ed80bb5f41dbaae45af7f935eabece091d2d6	https://github.com/AtlassianPS/JiraPS/commit/9a2ed80bb5f41dbaae45af7f935eabece091d2d6	2015-11-16T10:30:56-06:00	Incremented version to 1.2.2
CHANGELOG.md	681	681	Joshua Taliaferro	9a2ed80bb5f41dbaae45af7f935eabece091d2d6	https://github.com/AtlassianPS/JiraPS/commit/9a2ed80bb5f41dbaae45af7f935eabece091d2d6	2015-11-16T10:30:56-06:00	Incremented version to 1.2.2
CHANGELOG.md	683	683	Joshua Taliaferro	a403e8186bcc067412f5c8c2fb6943977d0cbde3	https://github.com/AtlassianPS/JiraPS/commit/a403e8186bcc067412f5c8c2fb6943977d0cbde3	2016-08-21T00:52:23-05:00	Fixed markdown syntax
CHANGELOG.md	685	685	Joshua Taliaferro	a403e8186bcc067412f5c8c2fb6943977d0cbde3	https://github.com/AtlassianPS/JiraPS/commit/a403e8186bcc067412f5c8c2fb6943977d0cbde3	2016-08-21T00:52:23-05:00	Fixed markdown syntax
CHANGELOG.md	688	688	Joshua Taliaferro	63c6c77eeb532231f37aed321835904f7d920af3	https://github.com/AtlassianPS/JiraPS/commit/63c6c77eeb532231f37aed321835904f7d920af3	2015-10-26T09:59:51-05:00	Incremented version to 1.2.1
CHANGELOG.md	690	690	Joshua Taliaferro	47da290c27c31a4998fd1b917ddde08238e74993	https://github.com/AtlassianPS/JiraPS/commit/47da290c27c31a4998fd1b917ddde08238e74993	2015-10-16T15:15:08-05:00	Incremented version to 1.1.2
CHANGELOG.md	692	692	Joshua Taliaferro	a403e8186bcc067412f5c8c2fb6943977d0cbde3	https://github.com/AtlassianPS/JiraPS/commit/a403e8186bcc067412f5c8c2fb6943977d0cbde3	2016-08-21T00:52:23-05:00	Fixed markdown syntax
CHANGELOG.md	694	694	Joshua Taliaferro	47da290c27c31a4998fd1b917ddde08238e74993	https://github.com/AtlassianPS/JiraPS/commit/47da290c27c31a4998fd1b917ddde08238e74993	2015-10-16T15:15:08-05:00	Incremented version to 1.1.2
CHANGELOG.md	696	696	Joshua Taliaferro	a403e8186bcc067412f5c8c2fb6943977d0cbde3	https://github.com/AtlassianPS/JiraPS/commit/a403e8186bcc067412f5c8c2fb6943977d0cbde3	2016-08-21T00:52:23-05:00	Fixed markdown syntax
CHANGELOG.md	698	698	Joshua Taliaferro	47da290c27c31a4998fd1b917ddde08238e74993	https://github.com/AtlassianPS/JiraPS/commit/47da290c27c31a4998fd1b917ddde08238e74993	2015-10-16T15:15:08-05:00	Incremented version to 1.1.2
CHANGELOG.md	700	700	Joshua Taliaferro	6c1ca4709a9b2b9fb308c5011a978b24de8eb8f7	https://github.com/AtlassianPS/JiraPS/commit/6c1ca4709a9b2b9fb308c5011a978b24de8eb8f7	2015-09-17T23:10:32-05:00	Merged branch feature-userManagement and incremented version to 1.1.0
CHANGELOG.md	702	702	Joshua Taliaferro	a403e8186bcc067412f5c8c2fb6943977d0cbde3	https://github.com/AtlassianPS/JiraPS/commit/a403e8186bcc067412f5c8c2fb6943977d0cbde3	2016-08-21T00:52:23-05:00	Fixed markdown syntax
CHANGELOG.md	704	704	Joshua Taliaferro	6c1ca4709a9b2b9fb308c5011a978b24de8eb8f7	https://github.com/AtlassianPS/JiraPS/commit/6c1ca4709a9b2b9fb308c5011a978b24de8eb8f7	2015-09-17T23:10:32-05:00	Merged branch feature-userManagement and incremented version to 1.1.0
CHANGELOG.md	706	706	Joshua Taliaferro	6c1ca4709a9b2b9fb308c5011a978b24de8eb8f7	https://github.com/AtlassianPS/JiraPS/commit/6c1ca4709a9b2b9fb308c5011a978b24de8eb8f7	2015-09-17T23:10:32-05:00	Merged branch feature-userManagement and incremented version to 1.1.0
CHANGELOG.md	708	708	Joshua Taliaferro	a403e8186bcc067412f5c8c2fb6943977d0cbde3	https://github.com/AtlassianPS/JiraPS/commit/a403e8186bcc067412f5c8c2fb6943977d0cbde3	2016-08-21T00:52:23-05:00	Fixed markdown syntax
CHANGELOG.md	710	710	Joshua Taliaferro	6c1ca4709a9b2b9fb308c5011a978b24de8eb8f7	https://github.com/AtlassianPS/JiraPS/commit/6c1ca4709a9b2b9fb308c5011a978b24de8eb8f7	2015-09-17T23:10:32-05:00	Merged branch feature-userManagement and incremented version to 1.1.0
CHANGELOG.md	712	712	Joshua Taliaferro	a403e8186bcc067412f5c8c2fb6943977d0cbde3	https://github.com/AtlassianPS/JiraPS/commit/a403e8186bcc067412f5c8c2fb6943977d0cbde3	2016-08-21T00:52:23-05:00	Fixed markdown syntax
CHANGELOG.md	714	714	Joshua Taliaferro	6c1ca4709a9b2b9fb308c5011a978b24de8eb8f7	https://github.com/AtlassianPS/JiraPS/commit/6c1ca4709a9b2b9fb308c5011a978b24de8eb8f7	2015-09-17T23:10:32-05:00	Merged branch feature-userManagement and incremented version to 1.1.0
CHANGELOG.md	716	716	Joshua Taliaferro	a403e8186bcc067412f5c8c2fb6943977d0cbde3	https://github.com/AtlassianPS/JiraPS/commit/a403e8186bcc067412f5c8c2fb6943977d0cbde3	2016-08-21T00:52:23-05:00	Fixed markdown syntax
CHANGELOG.md	718	718	Joshua Taliaferro	6c1ca4709a9b2b9fb308c5011a978b24de8eb8f7	https://github.com/AtlassianPS/JiraPS/commit/6c1ca4709a9b2b9fb308c5011a978b24de8eb8f7	2015-09-17T23:10:32-05:00	Merged branch feature-userManagement and incremented version to 1.1.0
CHANGELOG.md	720	720	Joshua Taliaferro	bd249c15aedf2bf790bf90dc29716398179f93c6	https://github.com/AtlassianPS/JiraPS/commit/bd249c15aedf2bf790bf90dc29716398179f93c6	2015-09-17T22:15:58-05:00	Created changelog
CHANGELOG.md	722	722	Joshua Taliaferro	a403e8186bcc067412f5c8c2fb6943977d0cbde3	https://github.com/AtlassianPS/JiraPS/commit/a403e8186bcc067412f5c8c2fb6943977d0cbde3	2016-08-21T00:52:23-05:00	Fixed markdown syntax
CHANGELOG.md	725	727	Joshua Taliaferro	ec05d81c26761a86d639abc22868bd6e97a1fe0b	https://github.com/AtlassianPS/JiraPS/commit/ec05d81c26761a86d639abc22868bd6e97a1fe0b	2015-10-08T18:00:45-05:00	Incremented version to 1.1.1
CHANGELOG.md	728	728	Joshua Taliaferro	0ee83ed0719e691bd3b05b5451d7267d4cf1d7c9	https://github.com/AtlassianPS/JiraPS/commit/0ee83ed0719e691bd3b05b5451d7267d4cf1d7c9	2015-12-02T14:32:26-06:00	Incremented version to 1.2.3.
CHANGELOG.md	729	729	Joshua Taliaferro	ec05d81c26761a86d639abc22868bd6e97a1fe0b	https://github.com/AtlassianPS/JiraPS/commit/ec05d81c26761a86d639abc22868bd6e97a1fe0b	2015-10-08T18:00:45-05:00	Incremented version to 1.1.1
CHANGELOG.md	731	731	Joshua Taliaferro	ec05d81c26761a86d639abc22868bd6e97a1fe0b	https://github.com/AtlassianPS/JiraPS/commit/ec05d81c26761a86d639abc22868bd6e97a1fe0b	2015-10-08T18:00:45-05:00	Incremented version to 1.1.1
CHANGELOG.md	733	733	Joshua Taliaferro	ec05d81c26761a86d639abc22868bd6e97a1fe0b	https://github.com/AtlassianPS/JiraPS/commit/ec05d81c26761a86d639abc22868bd6e97a1fe0b	2015-10-08T18:00:45-05:00	Incremented version to 1.1.1
CHANGELOG.md	735	735	Oliver Lipkau	706158d7d2607cf1c3275c97f46d437fa2f05ad9	https://github.com/AtlassianPS/JiraPS/commit/706158d7d2607cf1c3275c97f46d437fa2f05ad9	2017-06-25T17:29:50+02:00	Update ChangeLog
CONTRIBUTING.md	2	2	Oliver Lipkau	47ddf23cc3df1a2d3c6dd76451e4eb81a28d4aa5	https://github.com/AtlassianPS/JiraPS/commit/47ddf23cc3df1a2d3c6dd76451e4eb81a28d4aa5	2017-07-03T18:59:18Z	fix lfcr
CONTRIBUTING.md	4	4	Oliver Lipkau	47ddf23cc3df1a2d3c6dd76451e4eb81a28d4aa5	https://github.com/AtlassianPS/JiraPS/commit/47ddf23cc3df1a2d3c6dd76451e4eb81a28d4aa5	2017-07-03T18:59:18Z	fix lfcr
CONTRIBUTING.md	6	6	Oliver Lipkau	47ddf23cc3df1a2d3c6dd76451e4eb81a28d4aa5	https://github.com/AtlassianPS/JiraPS/commit/47ddf23cc3df1a2d3c6dd76451e4eb81a28d4aa5	2017-07-03T18:59:18Z	fix lfcr
CONTRIBUTING.md	53	53	Oliver Lipkau	47ddf23cc3df1a2d3c6dd76451e4eb81a28d4aa5	https://github.com/AtlassianPS/JiraPS/commit/47ddf23cc3df1a2d3c6dd76451e4eb81a28d4aa5	2017-07-03T18:59:18Z	fix lfcr
JiraPS.build.ps1	32	32	Oliver Lipkau	64b8b4582e0d30412633d22acbc05f3a4281ff29	https://github.com/AtlassianPS/JiraPS/commit/64b8b4582e0d30412633d22acbc05f3a4281ff29	2017-06-30T15:28:34+02:00	Migration to `Invoke-Build`
JiraPS.build.ps1	81	81	Oliver Lipkau	2a8d7a0dc6dd25b8e15182526de6d32412ede101	https://github.com/AtlassianPS/JiraPS/commit/2a8d7a0dc6dd25b8e15182526de6d32412ede101	2017-07-03T14:05:03+02:00	Add debug message to Appveyor
JiraPS.build.ps1	82	82	Oliver Lipkau	64b8b4582e0d30412633d22acbc05f3a4281ff29	https://github.com/AtlassianPS/JiraPS/commit/64b8b4582e0d30412633d22acbc05f3a4281ff29	2017-06-30T15:28:34+02:00	Migration to `Invoke-Build`
JiraPS.build.ps1	126	126	Oliver Lipkau	64b8b4582e0d30412633d22acbc05f3a4281ff29	https://github.com/AtlassianPS/JiraPS/commit/64b8b4582e0d30412633d22acbc05f3a4281ff29	2017-06-30T15:28:34+02:00	Migration to `Invoke-Build`
JiraPS.build.ps1	148	149	Oliver Lipkau	64b8b4582e0d30412633d22acbc05f3a4281ff29	https://github.com/AtlassianPS/JiraPS/commit/64b8b4582e0d30412633d22acbc05f3a4281ff29	2017-06-30T15:28:34+02:00	Migration to `Invoke-Build`
JiraPS.build.ps1	174	174	Oliver Lipkau	64b8b4582e0d30412633d22acbc05f3a4281ff29	https://github.com/AtlassianPS/JiraPS/commit/64b8b4582e0d30412633d22acbc05f3a4281ff29	2017-06-30T15:28:34+02:00	Migration to `Invoke-Build`
JiraPS.build.ps1	180	181	Oliver Lipkau	64b8b4582e0d30412633d22acbc05f3a4281ff29	https://github.com/AtlassianPS/JiraPS/commit/64b8b4582e0d30412633d22acbc05f3a4281ff29	2017-06-30T15:28:34+02:00	Migration to `Invoke-Build`
JiraPS.build.ps1	193	194	Oliver Lipkau	64b8b4582e0d30412633d22acbc05f3a4281ff29	https://github.com/AtlassianPS/JiraPS/commit/64b8b4582e0d30412633d22acbc05f3a4281ff29	2017-06-30T15:28:34+02:00	Migration to `Invoke-Build`
JiraPS.build.ps1	387	387	Oliver Lipkau	64b8b4582e0d30412633d22acbc05f3a4281ff29	https://github.com/AtlassianPS/JiraPS/commit/64b8b4582e0d30412633d22acbc05f3a4281ff29	2017-06-30T15:28:34+02:00	Migration to `Invoke-Build`
JiraPS.build.ps1	404	404	Oliver Lipkau	64b8b4582e0d30412633d22acbc05f3a4281ff29	https://github.com/AtlassianPS/JiraPS/commit/64b8b4582e0d30412633d22acbc05f3a4281ff29	2017-06-30T15:28:34+02:00	Migration to `Invoke-Build`
JiraPS/JiraPS.format.ps1xml	1	4	Joshua Taliaferro	c33b95778148439dadd643091cd7d72565036653	https://github.com/AtlassianPS/JiraPS/commit/c33b95778148439dadd643091cd7d72565036653	2015-07-08T14:51:09-05:00	Initial commit
JiraPS/JiraPS.format.ps1xml	5	5	Oliver Lipkau	ed7513e37f3a05d04a2c1e1652e3ca28ded60347	https://github.com/AtlassianPS/JiraPS/commit/ed7513e37f3a05d04a2c1e1652e3ca28ded60347	2017-06-24T15:07:29+02:00	Rename module to new name `JiraPS`
JiraPS/JiraPS.format.ps1xml	6	6	Joshua Taliaferro	c33b95778148439dadd643091cd7d72565036653	https://github.com/AtlassianPS/JiraPS/commit/c33b95778148439dadd643091cd7d72565036653	2015-07-08T14:51:09-05:00	Initial commit
JiraPS/JiraPS.format.ps1xml	8	50	Joshua Taliaferro	c33b95778148439dadd643091cd7d72565036653	https://github.com/AtlassianPS/JiraPS/commit/c33b95778148439dadd643091cd7d72565036653	2015-07-08T14:51:09-05:00	Initial commit
JiraPS/JiraPS.format.ps1xml	51	51	Joshua Taliaferro	6cc3939d091bd8826fdc169b4975652547d3551c	https://github.com/AtlassianPS/JiraPS/commit/6cc3939d091bd8826fdc169b4975652547d3551c	2015-09-03T23:19:16-05:00	Added user formatting data
JiraPS/JiraPS.format.ps1xml	52	52	Oliver Lipkau	ed7513e37f3a05d04a2c1e1652e3ca28ded60347	https://github.com/AtlassianPS/JiraPS/commit/ed7513e37f3a05d04a2c1e1652e3ca28ded60347	2017-06-24T15:07:29+02:00	Rename module to new name `JiraPS`
JiraPS/JiraPS.format.ps1xml	53	53	Joshua Taliaferro	6cc3939d091bd8826fdc169b4975652547d3551c	https://github.com/AtlassianPS/JiraPS/commit/6cc3939d091bd8826fdc169b4975652547d3551c	2015-09-03T23:19:16-05:00	Added user formatting data
JiraPS/JiraPS.format.ps1xml	55	58	Joshua Taliaferro	c33b95778148439dadd643091cd7d72565036653	https://github.com/AtlassianPS/JiraPS/commit/c33b95778148439dadd643091cd7d72565036653	2015-07-08T14:51:09-05:00	Initial commit
JiraPS/JiraPS.format.ps1xml	59	59	Joshua Taliaferro	6cc3939d091bd8826fdc169b4975652547d3551c	https://github.com/AtlassianPS/JiraPS/commit/6cc3939d091bd8826fdc169b4975652547d3551c	2015-09-03T23:19:16-05:00	Added user formatting data
JiraPS/JiraPS.format.ps1xml	60	62	Joshua Taliaferro	c33b95778148439dadd643091cd7d72565036653	https://github.com/AtlassianPS/JiraPS/commit/c33b95778148439dadd643091cd7d72565036653	2015-07-08T14:51:09-05:00	Initial commit
JiraPS/JiraPS.format.ps1xml	63	64	Joshua Taliaferro	6cc3939d091bd8826fdc169b4975652547d3551c	https://github.com/AtlassianPS/JiraPS/commit/6cc3939d091bd8826fdc169b4975652547d3551c	2015-09-03T23:19:16-05:00	Added user formatting data
JiraPS/JiraPS.format.ps1xml	65	65	Joshua Taliaferro	c33b95778148439dadd643091cd7d72565036653	https://github.com/AtlassianPS/JiraPS/commit/c33b95778148439dadd643091cd7d72565036653	2015-07-08T14:51:09-05:00	Initial commit
JiraPS/JiraPS.format.ps1xml	66	66	Joshua Taliaferro	6cc3939d091bd8826fdc169b4975652547d3551c	https://github.com/AtlassianPS/JiraPS/commit/6cc3939d091bd8826fdc169b4975652547d3551c	2015-09-03T23:19:16-05:00	Added user formatting data
JiraPS/JiraPS.format.ps1xml	67	68	Joshua Taliaferro	c33b95778148439dadd643091cd7d72565036653	https://github.com/AtlassianPS/JiraPS/commit/c33b95778148439dadd643091cd7d72565036653	2015-07-08T14:51:09-05:00	Initial commit
JiraPS/JiraPS.format.ps1xml	69	69	Joshua Taliaferro	6cc3939d091bd8826fdc169b4975652547d3551c	https://github.com/AtlassianPS/JiraPS/commit/6cc3939d091bd8826fdc169b4975652547d3551c	2015-09-03T23:19:16-05:00	Added user formatting data
JiraPS/JiraPS.format.ps1xml	70	70	Joshua Taliaferro	c33b95778148439dadd643091cd7d72565036653	https://github.com/AtlassianPS/JiraPS/commit/c33b95778148439dadd643091cd7d72565036653	2015-07-08T14:51:09-05:00	Initial commit
JiraPS/JiraPS.format.ps1xml	71	72	Joshua Taliaferro	6cc3939d091bd8826fdc169b4975652547d3551c	https://github.com/AtlassianPS/JiraPS/commit/6cc3939d091bd8826fdc169b4975652547d3551c	2015-09-03T23:19:16-05:00	Added user formatting data
JiraPS/JiraPS.format.ps1xml	73	77	Joshua Taliaferro	c33b95778148439dadd643091cd7d72565036653	https://github.com/AtlassianPS/JiraPS/commit/c33b95778148439dadd643091cd7d72565036653	2015-07-08T14:51:09-05:00	Initial commit
JiraPS/JiraPS.format.ps1xml	78	78	Joshua Taliaferro	6cc3939d091bd8826fdc169b4975652547d3551c	https://github.com/AtlassianPS/JiraPS/commit/6cc3939d091bd8826fdc169b4975652547d3551c	2015-09-03T23:19:16-05:00	Added user formatting data
JiraPS/JiraPS.format.ps1xml	79	80	Joshua Taliaferro	c33b95778148439dadd643091cd7d72565036653	https://github.com/AtlassianPS/JiraPS/commit/c33b95778148439dadd643091cd7d72565036653	2015-07-08T14:51:09-05:00	Initial commit
JiraPS/JiraPS.format.ps1xml	81	81	Joshua Taliaferro	6cc3939d091bd8826fdc169b4975652547d3551c	https://github.com/AtlassianPS/JiraPS/commit/6cc3939d091bd8826fdc169b4975652547d3551c	2015-09-03T23:19:16-05:00	Added user formatting data
JiraPS/JiraPS.format.ps1xml	82	83	Joshua Taliaferro	c33b95778148439dadd643091cd7d72565036653	https://github.com/AtlassianPS/JiraPS/commit/c33b95778148439dadd643091cd7d72565036653	2015-07-08T14:51:09-05:00	Initial commit
JiraPS/JiraPS.format.ps1xml	84	84	Joshua Taliaferro	6cc3939d091bd8826fdc169b4975652547d3551c	https://github.com/AtlassianPS/JiraPS/commit/6cc3939d091bd8826fdc169b4975652547d3551c	2015-09-03T23:19:16-05:00	Added user formatting data
JiraPS/JiraPS.format.ps1xml	85	90	Joshua Taliaferro	c33b95778148439dadd643091cd7d72565036653	https://github.com/AtlassianPS/JiraPS/commit/c33b95778148439dadd643091cd7d72565036653	2015-07-08T14:51:09-05:00	Initial commit
JiraPS/JiraPS.format.ps1xml	91	91	Oliver Lipkau	6c36cb7d8db2cc8538581a7de4bb3952c5c2119e	https://github.com/AtlassianPS/JiraPS/commit/6c36cb7d8db2cc8538581a7de4bb3952c5c2119e	2017-06-27T06:12:29+02:00	Enhance repo's environment (#147)
JiraPS/JiraPS.format.ps1xml	92	92	Joshua Taliaferro	c33b95778148439dadd643091cd7d72565036653	https://github.com/AtlassianPS/JiraPS/commit/c33b95778148439dadd643091cd7d72565036653	2015-07-08T14:51:09-05:00	Initial commit
JiraPS/JiraPS.format.ps1xml	93	93	Oliver Lipkau	ed7513e37f3a05d04a2c1e1652e3ca28ded60347	https://github.com/AtlassianPS/JiraPS/commit/ed7513e37f3a05d04a2c1e1652e3ca28ded60347	2017-06-24T15:07:29+02:00	Rename module to new name `JiraPS`
JiraPS/JiraPS.psd1	2	3	Oliver Lipkau	6c36cb7d8db2cc8538581a7de4bb3952c5c2119e	https://github.com/AtlassianPS/JiraPS/commit/6c36cb7d8db2cc8538581a7de4bb3952c5c2119e	2017-06-27T06:12:29+02:00	Enhance repo's environment (#147)
JiraPS/JiraPS.psd1	5	6	Oliver Lipkau	6c36cb7d8db2cc8538581a7de4bb3952c5c2119e	https://github.com/AtlassianPS/JiraPS/commit/6c36cb7d8db2cc8538581a7de4bb3952c5c2119e	2017-06-27T06:12:29+02:00	Enhance repo's environment (#147)
JiraPS/JiraPS.psd1	8	9	Oliver Lipkau	6c36cb7d8db2cc8538581a7de4bb3952c5c2119e	https://github.com/AtlassianPS/JiraPS/commit/6c36cb7d8db2cc8538581a7de4bb3952c5c2119e	2017-06-27T06:12:29+02:00	Enhance repo's environment (#147)
JiraPS/JiraPS.psd1	11	12	Oliver Lipkau	6c36cb7d8db2cc8538581a7de4bb3952c5c2119e	https://github.com/AtlassianPS/JiraPS/commit/6c36cb7d8db2cc8538581a7de4bb3952c5c2119e	2017-06-27T06:12:29+02:00	Enhance repo's environment (#147)
JiraPS/JiraPS.psd1	14	15	Oliver Lipkau	6c36cb7d8db2cc8538581a7de4bb3952c5c2119e	https://github.com/AtlassianPS/JiraPS/commit/6c36cb7d8db2cc8538581a7de4bb3952c5c2119e	2017-06-27T06:12:29+02:00	Enhance repo's environment (#147)
JiraPS/JiraPS.psd1	17	18	Oliver Lipkau	6c36cb7d8db2cc8538581a7de4bb3952c5c2119e	https://github.com/AtlassianPS/JiraPS/commit/6c36cb7d8db2cc8538581a7de4bb3952c5c2119e	2017-06-27T06:12:29+02:00	Enhance repo's environment (#147)
JiraPS/JiraPS.psd1	20	21	Oliver Lipkau	6c36cb7d8db2cc8538581a7de4bb3952c5c2119e	https://github.com/AtlassianPS/JiraPS/commit/6c36cb7d8db2cc8538581a7de4bb3952c5c2119e	2017-06-27T06:12:29+02:00	Enhance repo's environment (#147)
JiraPS/JiraPS.psd1	23	24	Oliver Lipkau	6c36cb7d8db2cc8538581a7de4bb3952c5c2119e	https://github.com/AtlassianPS/JiraPS/commit/6c36cb7d8db2cc8538581a7de4bb3952c5c2119e	2017-06-27T06:12:29+02:00	Enhance repo's environment (#147)
JiraPS/JiraPS.psd1	26	27	Oliver Lipkau	6c36cb7d8db2cc8538581a7de4bb3952c5c2119e	https://github.com/AtlassianPS/JiraPS/commit/6c36cb7d8db2cc8538581a7de4bb3952c5c2119e	2017-06-27T06:12:29+02:00	Enhance repo's environment (#147)
JiraPS/JiraPS.psd1	29	45	Oliver Lipkau	6c36cb7d8db2cc8538581a7de4bb3952c5c2119e	https://github.com/AtlassianPS/JiraPS/commit/6c36cb7d8db2cc8538581a7de4bb3952c5c2119e	2017-06-27T06:12:29+02:00	Enhance repo's environment (#147)
JiraPS/JiraPS.psd1	47	48	Oliver Lipkau	6c36cb7d8db2cc8538581a7de4bb3952c5c2119e	https://github.com/AtlassianPS/JiraPS/commit/6c36cb7d8db2cc8538581a7de4bb3952c5c2119e	2017-06-27T06:12:29+02:00	Enhance repo's environment (#147)
JiraPS/JiraPS.psd1	50	57	Oliver Lipkau	6c36cb7d8db2cc8538581a7de4bb3952c5c2119e	https://github.com/AtlassianPS/JiraPS/commit/6c36cb7d8db2cc8538581a7de4bb3952c5c2119e	2017-06-27T06:12:29+02:00	Enhance repo's environment (#147)
JiraPS/JiraPS.psd1	59	63	Oliver Lipkau	6c36cb7d8db2cc8538581a7de4bb3952c5c2119e	https://github.com/AtlassianPS/JiraPS/commit/6c36cb7d8db2cc8538581a7de4bb3952c5c2119e	2017-06-27T06:12:29+02:00	Enhance repo's environment (#147)
JiraPS/JiraPS.psd1	65	66	Oliver Lipkau	6c36cb7d8db2cc8538581a7de4bb3952c5c2119e	https://github.com/AtlassianPS/JiraPS/commit/6c36cb7d8db2cc8538581a7de4bb3952c5c2119e	2017-06-27T06:12:29+02:00	Enhance repo's environment (#147)
JiraPS/JiraPS.psd1	68	72	Oliver Lipkau	6c36cb7d8db2cc8538581a7de4bb3952c5c2119e	https://github.com/AtlassianPS/JiraPS/commit/6c36cb7d8db2cc8538581a7de4bb3952c5c2119e	2017-06-27T06:12:29+02:00	Enhance repo's environment (#147)
JiraPS/JiraPS.psd1	74	81	Oliver Lipkau	6c36cb7d8db2cc8538581a7de4bb3952c5c2119e	https://github.com/AtlassianPS/JiraPS/commit/6c36cb7d8db2cc8538581a7de4bb3952c5c2119e	2017-06-27T06:12:29+02:00	Enhance repo's environment (#147)
JiraPS/JiraPS.psd1	83	84	Oliver Lipkau	6c36cb7d8db2cc8538581a7de4bb3952c5c2119e	https://github.com/AtlassianPS/JiraPS/commit/6c36cb7d8db2cc8538581a7de4bb3952c5c2119e	2017-06-27T06:12:29+02:00	Enhance repo's environment (#147)
JiraPS/JiraPS.psd1	86	89	Oliver Lipkau	6c36cb7d8db2cc8538581a7de4bb3952c5c2119e	https://github.com/AtlassianPS/JiraPS/commit/6c36cb7d8db2cc8538581a7de4bb3952c5c2119e	2017-06-27T06:12:29+02:00	Enhance repo's environment (#147)
JiraPS/JiraPS.psd1	99	99	Oliver Lipkau	1ae78c01598be25d631ab99cc090ab09903756eb	https://github.com/AtlassianPS/JiraPS/commit/1ae78c01598be25d631ab99cc090ab09903756eb	2017-07-04T09:50:50+02:00	Update Tags in manifest
JiraPS/JiraPS.psd1	100	104	Oliver Lipkau	6c36cb7d8db2cc8538581a7de4bb3952c5c2119e	https://github.com/AtlassianPS/JiraPS/commit/6c36cb7d8db2cc8538581a7de4bb3952c5c2119e	2017-06-27T06:12:29+02:00	Enhance repo's environment (#147)
JiraPS/JiraPS.psd1	106	107	Oliver Lipkau	6c36cb7d8db2cc8538581a7de4bb3952c5c2119e	https://github.com/AtlassianPS/JiraPS/commit/6c36cb7d8db2cc8538581a7de4bb3952c5c2119e	2017-06-27T06:12:29+02:00	Enhance repo's environment (#147)
JiraPS/JiraPS.psd1	109	115	Oliver Lipkau	6c36cb7d8db2cc8538581a7de4bb3952c5c2119e	https://github.com/AtlassianPS/JiraPS/commit/6c36cb7d8db2cc8538581a7de4bb3952c5c2119e	2017-06-27T06:12:29+02:00	Enhance repo's environment (#147)
JiraPS/JiraPS.psd1	118	128	Oliver Lipkau	6c36cb7d8db2cc8538581a7de4bb3952c5c2119e	https://github.com/AtlassianPS/JiraPS/commit/6c36cb7d8db2cc8538581a7de4bb3952c5c2119e	2017-06-27T06:12:29+02:00	Enhance repo's environment (#147)
JiraPS/JiraPS.psm1	103	103	Joshua Taliaferro	a7d865d916da30f8b1abc63acb198486cbe16a6d	https://github.com/AtlassianPS/JiraPS/commit/a7d865d916da30f8b1abc63acb198486cbe16a6d	2015-09-03T22:07:08-05:00	Removed FunctionsToExport and added Export-ModuleMember to .psm1
JiraPS/Private/ConvertTo-JiraAttachment.ps1	2	2	Joe Beaudry	71c50e896a65c16790bed873000cf48c3161168c	https://github.com/AtlassianPS/JiraPS/commit/71c50e896a65c16790bed873000cf48c3161168c	2017-06-20T08:20:54-04:00	Started building Get attachment
JiraPS/Private/ConvertTo-JiraAttachment.ps1	4	4	Joe Beaudry	71c50e896a65c16790bed873000cf48c3161168c	https://github.com/AtlassianPS/JiraPS/commit/71c50e896a65c16790bed873000cf48c3161168c	2017-06-20T08:20:54-04:00	Started building Get attachment
JiraPS/Private/ConvertTo-JiraAttachment.ps1	8	9	Joe Beaudry	71c50e896a65c16790bed873000cf48c3161168c	https://github.com/AtlassianPS/JiraPS/commit/71c50e896a65c16790bed873000cf48c3161168c	2017-06-20T08:20:54-04:00	Started building Get attachment
JiraPS/Private/ConvertTo-JiraAttachment.ps1	18	19	Joe Beaudry	71c50e896a65c16790bed873000cf48c3161168c	https://github.com/AtlassianPS/JiraPS/commit/71c50e896a65c16790bed873000cf48c3161168c	2017-06-20T08:20:54-04:00	Started building Get attachment
JiraPS/Private/ConvertTo-JiraAttachment.ps1	29	30	Joe Beaudry	71c50e896a65c16790bed873000cf48c3161168c	https://github.com/AtlassianPS/JiraPS/commit/71c50e896a65c16790bed873000cf48c3161168c	2017-06-20T08:20:54-04:00	Started building Get attachment
JiraPS/Private/ConvertTo-JiraAttachment.ps1	32	34	Joe Beaudry	71c50e896a65c16790bed873000cf48c3161168c	https://github.com/AtlassianPS/JiraPS/commit/71c50e896a65c16790bed873000cf48c3161168c	2017-06-20T08:20:54-04:00	Started building Get attachment
JiraPS/Private/ConvertTo-JiraComment.ps1	2	2	Joshua Taliaferro	c33b95778148439dadd643091cd7d72565036653	https://github.com/AtlassianPS/JiraPS/commit/c33b95778148439dadd643091cd7d72565036653	2015-07-08T14:51:09-05:00	Initial commit
JiraPS/Private/ConvertTo-JiraComment.ps1	4	4	Joshua Taliaferro	c33b95778148439dadd643091cd7d72565036653	https://github.com/AtlassianPS/JiraPS/commit/c33b95778148439dadd643091cd7d72565036653	2015-07-08T14:51:09-05:00	Initial commit
JiraPS/Private/ConvertTo-JiraComment.ps1	8	9	Joshua Taliaferro	c33b95778148439dadd643091cd7d72565036653	https://github.com/AtlassianPS/JiraPS/commit/c33b95778148439dadd643091cd7d72565036653	2015-07-08T14:51:09-05:00	Initial commit
JiraPS/Private/ConvertTo-JiraComment.ps1	10	11	Oliver Lipkau	6c36cb7d8db2cc8538581a7de4bb3952c5c2119e	https://github.com/AtlassianPS/JiraPS/commit/6c36cb7d8db2cc8538581a7de4bb3952c5c2119e	2017-06-27T06:12:29+02:00	Enhance repo's environment (#147)
JiraPS/Private/ConvertTo-JiraComment.ps1	13	13	Joshua Taliaferro	c33b95778148439dadd643091cd7d72565036653	https://github.com/AtlassianPS/JiraPS/commit/c33b95778148439dadd643091cd7d72565036653	2015-07-08T14:51:09-05:00	Initial commit
JiraPS/Private/ConvertTo-JiraComment.ps1	24	24	Joshua Taliaferro	316d9f567af7313caa065a5f717b3a0fb0256da9	https://github.com/AtlassianPS/JiraPS/commit/316d9f567af7313caa065a5f717b3a0fb0256da9	2015-09-17T22:24:48-05:00	Whitespace and newline cleanup
JiraPS/Private/ConvertTo-JiraComment.ps1	26	26	Joshua Taliaferro	c33b95778148439dadd643091cd7d72565036653	https://github.com/AtlassianPS/JiraPS/commit/c33b95778148439dadd643091cd7d72565036653	2015-07-08T14:51:09-05:00	Initial commit
JiraPS/Private/ConvertTo-JiraComment.ps1	28	28	Joshua Taliaferro	c33b95778148439dadd643091cd7d72565036653	https://github.com/AtlassianPS/JiraPS/commit/c33b95778148439dadd643091cd7d72565036653	2015-07-08T14:51:09-05:00	Initial commit
JiraPS/Private/ConvertTo-JiraComment.ps1	30	30	Joshua Taliaferro	c33b95778148439dadd643091cd7d72565036653	https://github.com/AtlassianPS/JiraPS/commit/c33b95778148439dadd643091cd7d72565036653	2015-07-08T14:51:09-05:00	Initial commit
JiraPS/Private/ConvertTo-JiraComment.ps1	32	32	Joshua Taliaferro	c33b95778148439dadd643091cd7d72565036653	https://github.com/AtlassianPS/JiraPS/commit/c33b95778148439dadd643091cd7d72565036653	2015-07-08T14:51:09-05:00	Initial commit
JiraPS/Private/ConvertTo-JiraComment.ps1	34	35	Joshua Taliaferro	c33b95778148439dadd643091cd7d72565036653	https://github.com/AtlassianPS/JiraPS/commit/c33b95778148439dadd643091cd7d72565036653	2015-07-08T14:51:09-05:00	Initial commit
JiraPS/Private/ConvertTo-JiraComment.ps1	36	36	Joshua Taliaferro	316d9f567af7313caa065a5f717b3a0fb0256da9	https://github.com/AtlassianPS/JiraPS/commit/316d9f567af7313caa065a5f717b3a0fb0256da9	2015-09-17T22:24:48-05:00	Whitespace and newline cleanup
JiraPS/Private/ConvertTo-JiraComponent.ps1	2	2	Axel Gluth	ce3a6b73eb4aa82051663cdd870e9d60422e0057	https://github.com/AtlassianPS/JiraPS/commit/ce3a6b73eb4aa82051663cdd870e9d60422e0057	2017-01-03T07:33:45+01:00	Created functions Get-JiraComponent and ConvertTo-JiraComponent plus tests for both.
JiraPS/Private/ConvertTo-JiraComponent.ps1	4	4	Axel Gluth	ce3a6b73eb4aa82051663cdd870e9d60422e0057	https://github.com/AtlassianPS/JiraPS/commit/ce3a6b73eb4aa82051663cdd870e9d60422e0057	2017-01-03T07:33:45+01:00	Created functions Get-JiraComponent and ConvertTo-JiraComponent plus tests for both.
JiraPS/Private/ConvertTo-JiraComponent.ps1	8	9	Axel Gluth	ce3a6b73eb4aa82051663cdd870e9d60422e0057	https://github.com/AtlassianPS/JiraPS/commit/ce3a6b73eb4aa82051663cdd870e9d60422e0057	2017-01-03T07:33:45+01:00	Created functions Get-JiraComponent and ConvertTo-JiraComponent plus tests for both.
JiraPS/Private/ConvertTo-JiraComponent.ps1	10	11	Oliver Lipkau	6c36cb7d8db2cc8538581a7de4bb3952c5c2119e	https://github.com/AtlassianPS/JiraPS/commit/6c36cb7d8db2cc8538581a7de4bb3952c5c2119e	2017-06-27T06:12:29+02:00	Enhance repo's environment (#147)
JiraPS/Private/ConvertTo-JiraComponent.ps1	13	14	Axel Gluth	ce3a6b73eb4aa82051663cdd870e9d60422e0057	https://github.com/AtlassianPS/JiraPS/commit/ce3a6b73eb4aa82051663cdd870e9d60422e0057	2017-01-03T07:33:45+01:00	Created functions Get-JiraComponent and ConvertTo-JiraComponent plus tests for both.
JiraPS/Private/ConvertTo-JiraComponent.ps1	20	20	Oliver Lipkau	6c36cb7d8db2cc8538581a7de4bb3952c5c2119e	https://github.com/AtlassianPS/JiraPS/commit/6c36cb7d8db2cc8538581a7de4bb3952c5c2119e	2017-06-27T06:12:29+02:00	Enhance repo's environment (#147)
JiraPS/Private/ConvertTo-JiraComponent.ps1	21	23	Axel Gluth	ce3a6b73eb4aa82051663cdd870e9d60422e0057	https://github.com/AtlassianPS/JiraPS/commit/ce3a6b73eb4aa82051663cdd870e9d60422e0057	2017-01-03T07:33:45+01:00	Created functions Get-JiraComponent and ConvertTo-JiraComponent plus tests for both.
JiraPS/Private/ConvertTo-JiraComponent.ps1	25	27	Axel Gluth	ce3a6b73eb4aa82051663cdd870e9d60422e0057	https://github.com/AtlassianPS/JiraPS/commit/ce3a6b73eb4aa82051663cdd870e9d60422e0057	2017-01-03T07:33:45+01:00	Created functions Get-JiraComponent and ConvertTo-JiraComponent plus tests for both.
JiraPS/Private/ConvertTo-JiraComponent.ps1	32	32	Axel Gluth	ce3a6b73eb4aa82051663cdd870e9d60422e0057	https://github.com/AtlassianPS/JiraPS/commit/ce3a6b73eb4aa82051663cdd870e9d60422e0057	2017-01-03T07:33:45+01:00	Created functions Get-JiraComponent and ConvertTo-JiraComponent plus tests for both.
JiraPS/Private/ConvertTo-JiraComponent.ps1	34	36	Axel Gluth	ce3a6b73eb4aa82051663cdd870e9d60422e0057	https://github.com/AtlassianPS/JiraPS/commit/ce3a6b73eb4aa82051663cdd870e9d60422e0057	2017-01-03T07:33:45+01:00	Created functions Get-JiraComponent and ConvertTo-JiraComponent plus tests for both.
JiraPS/Private/ConvertTo-JiraCreateMetaField.ps1	2	2	Joshua Taliaferro	027317aad03915be4696e4b71b60f48d72cda8f2	https://github.com/AtlassianPS/JiraPS/commit/027317aad03915be4696e4b71b60f48d72cda8f2	2015-10-22T12:24:36-05:00	Modified to return all available properties
JiraPS/Private/ConvertTo-JiraCreateMetaField.ps1	4	4	Joshua Taliaferro	027317aad03915be4696e4b71b60f48d72cda8f2	https://github.com/AtlassianPS/JiraPS/commit/027317aad03915be4696e4b71b60f48d72cda8f2	2015-10-22T12:24:36-05:00	Modified to return all available properties
JiraPS/Private/ConvertTo-JiraCreateMetaField.ps1	8	9	Joshua Taliaferro	027317aad03915be4696e4b71b60f48d72cda8f2	https://github.com/AtlassianPS/JiraPS/commit/027317aad03915be4696e4b71b60f48d72cda8f2	2015-10-22T12:24:36-05:00	Modified to return all available properties
JiraPS/Private/ConvertTo-JiraCreateMetaField.ps1	10	10	Oliver Lipkau	6c36cb7d8db2cc8538581a7de4bb3952c5c2119e	https://github.com/AtlassianPS/JiraPS/commit/6c36cb7d8db2cc8538581a7de4bb3952c5c2119e	2017-06-27T06:12:29+02:00	Enhance repo's environment (#147)
JiraPS/Private/ConvertTo-JiraCreateMetaField.ps1	13	13	Joshua Taliaferro	027317aad03915be4696e4b71b60f48d72cda8f2	https://github.com/AtlassianPS/JiraPS/commit/027317aad03915be4696e4b71b60f48d72cda8f2	2015-10-22T12:24:36-05:00	Modified to return all available properties
JiraPS/Private/ConvertTo-JiraCreateMetaField.ps1	21	21	Joshua Taliaferro	027317aad03915be4696e4b71b60f48d72cda8f2	https://github.com/AtlassianPS/JiraPS/commit/027317aad03915be4696e4b71b60f48d72cda8f2	2015-10-22T12:24:36-05:00	Modified to return all available properties
JiraPS/Private/ConvertTo-JiraCreateMetaField.ps1	47	49	Joshua Taliaferro	027317aad03915be4696e4b71b60f48d72cda8f2	https://github.com/AtlassianPS/JiraPS/commit/027317aad03915be4696e4b71b60f48d72cda8f2	2015-10-22T12:24:36-05:00	Modified to return all available properties
JiraPS/Private/ConvertTo-JiraEditMetaField.ps1	2	2	Oliver Lipkau	6c36cb7d8db2cc8538581a7de4bb3952c5c2119e	https://github.com/AtlassianPS/JiraPS/commit/6c36cb7d8db2cc8538581a7de4bb3952c5c2119e	2017-06-27T06:12:29+02:00	Enhance repo's environment (#147)
JiraPS/Private/ConvertTo-JiraEditMetaField.ps1	4	4	Oliver Lipkau	6c36cb7d8db2cc8538581a7de4bb3952c5c2119e	https://github.com/AtlassianPS/JiraPS/commit/6c36cb7d8db2cc8538581a7de4bb3952c5c2119e	2017-06-27T06:12:29+02:00	Enhance repo's environment (#147)
JiraPS/Private/ConvertTo-JiraEditMetaField.ps1	8	11	Oliver Lipkau	6c36cb7d8db2cc8538581a7de4bb3952c5c2119e	https://github.com/AtlassianPS/JiraPS/commit/6c36cb7d8db2cc8538581a7de4bb3952c5c2119e	2017-06-27T06:12:29+02:00	Enhance repo's environment (#147)
JiraPS/Private/ConvertTo-JiraEditMetaField.ps1	13	13	Oliver Lipkau	6c36cb7d8db2cc8538581a7de4bb3952c5c2119e	https://github.com/AtlassianPS/JiraPS/commit/6c36cb7d8db2cc8538581a7de4bb3952c5c2119e	2017-06-27T06:12:29+02:00	Enhance repo's environment (#147)
JiraPS/Private/ConvertTo-JiraEditMetaField.ps1	18	18	Oliver Lipkau	6c36cb7d8db2cc8538581a7de4bb3952c5c2119e	https://github.com/AtlassianPS/JiraPS/commit/6c36cb7d8db2cc8538581a7de4bb3952c5c2119e	2017-06-27T06:12:29+02:00	Enhance repo's environment (#147)
JiraPS/Private/ConvertTo-JiraEditMetaField.ps1	26	27	Oliver Lipkau	6c36cb7d8db2cc8538581a7de4bb3952c5c2119e	https://github.com/AtlassianPS/JiraPS/commit/6c36cb7d8db2cc8538581a7de4bb3952c5c2119e	2017-06-27T06:12:29+02:00	Enhance repo's environment (#147)
JiraPS/Private/ConvertTo-JiraEditMetaField.ps1	48	51	Oliver Lipkau	6c36cb7d8db2cc8538581a7de4bb3952c5c2119e	https://github.com/AtlassianPS/JiraPS/commit/6c36cb7d8db2cc8538581a7de4bb3952c5c2119e	2017-06-27T06:12:29+02:00	Enhance repo's environment (#147)
JiraPS/Private/ConvertTo-JiraField.ps1	2	2	Joshua Taliaferro	c33b95778148439dadd643091cd7d72565036653	https://github.com/AtlassianPS/JiraPS/commit/c33b95778148439dadd643091cd7d72565036653	2015-07-08T14:51:09-05:00	Initial commit
JiraPS/Private/ConvertTo-JiraField.ps1	4	4	Joshua Taliaferro	c33b95778148439dadd643091cd7d72565036653	https://github.com/AtlassianPS/JiraPS/commit/c33b95778148439dadd643091cd7d72565036653	2015-07-08T14:51:09-05:00	Initial commit
JiraPS/Private/ConvertTo-JiraField.ps1	8	9	Joshua Taliaferro	c33b95778148439dadd643091cd7d72565036653	https://github.com/AtlassianPS/JiraPS/commit/c33b95778148439dadd643091cd7d72565036653	2015-07-08T14:51:09-05:00	Initial commit
JiraPS/Private/ConvertTo-JiraField.ps1	10	11	Oliver Lipkau	6c36cb7d8db2cc8538581a7de4bb3952c5c2119e	https://github.com/AtlassianPS/JiraPS/commit/6c36cb7d8db2cc8538581a7de4bb3952c5c2119e	2017-06-27T06:12:29+02:00	Enhance repo's environment (#147)
JiraPS/Private/ConvertTo-JiraField.ps1	13	13	Joshua Taliaferro	c33b95778148439dadd643091cd7d72565036653	https://github.com/AtlassianPS/JiraPS/commit/c33b95778148439dadd643091cd7d72565036653	2015-07-08T14:51:09-05:00	Initial commit
JiraPS/Private/ConvertTo-JiraField.ps1	23	23	Oliver Lipkau	6c36cb7d8db2cc8538581a7de4bb3952c5c2119e	https://github.com/AtlassianPS/JiraPS/commit/6c36cb7d8db2cc8538581a7de4bb3952c5c2119e	2017-06-27T06:12:29+02:00	Enhance repo's environment (#147)
JiraPS/Private/ConvertTo-JiraField.ps1	24	24	Joshua Taliaferro	c33b95778148439dadd643091cd7d72565036653	https://github.com/AtlassianPS/JiraPS/commit/c33b95778148439dadd643091cd7d72565036653	2015-07-08T14:51:09-05:00	Initial commit
JiraPS/Private/ConvertTo-JiraField.ps1	26	27	Joshua Taliaferro	c33b95778148439dadd643091cd7d72565036653	https://github.com/AtlassianPS/JiraPS/commit/c33b95778148439dadd643091cd7d72565036653	2015-07-08T14:51:09-05:00	Initial commit
JiraPS/Private/ConvertTo-JiraField.ps1	28	28	Joshua Taliaferro	316d9f567af7313caa065a5f717b3a0fb0256da9	https://github.com/AtlassianPS/JiraPS/commit/316d9f567af7313caa065a5f717b3a0fb0256da9	2015-09-17T22:24:48-05:00	Whitespace and newline cleanup
JiraPS/Private/ConvertTo-JiraFilter.ps1	2	2	Joshua Taliaferro	c39b68020598078bebd10818785e1dd65965eaa9	https://github.com/AtlassianPS/JiraPS/commit/c39b68020598078bebd10818785e1dd65965eaa9	2015-10-16T13:40:13-05:00	Created function ConvertTo-JiraFilter and related tests
JiraPS/Private/ConvertTo-JiraFilter.ps1	4	4	Joshua Taliaferro	c39b68020598078bebd10818785e1dd65965eaa9	https://github.com/AtlassianPS/JiraPS/commit/c39b68020598078bebd10818785e1dd65965eaa9	2015-10-16T13:40:13-05:00	Created function ConvertTo-JiraFilter and related tests
JiraPS/Private/ConvertTo-JiraFilter.ps1	11	12	Joshua Taliaferro	c39b68020598078bebd10818785e1dd65965eaa9	https://github.com/AtlassianPS/JiraPS/commit/c39b68020598078bebd10818785e1dd65965eaa9	2015-10-16T13:40:13-05:00	Created function ConvertTo-JiraFilter and related tests
JiraPS/Private/ConvertTo-JiraFilter.ps1	13	14	Oliver Lipkau	6c36cb7d8db2cc8538581a7de4bb3952c5c2119e	https://github.com/AtlassianPS/JiraPS/commit/6c36cb7d8db2cc8538581a7de4bb3952c5c2119e	2017-06-27T06:12:29+02:00	Enhance repo's environment (#147)
JiraPS/Private/ConvertTo-JiraFilter.ps1	16	16	Joshua Taliaferro	c39b68020598078bebd10818785e1dd65965eaa9	https://github.com/AtlassianPS/JiraPS/commit/c39b68020598078bebd10818785e1dd65965eaa9	2015-10-16T13:40:13-05:00	Created function ConvertTo-JiraFilter and related tests
JiraPS/Private/ConvertTo-JiraFilter.ps1	28	29	Joshua Taliaferro	c39b68020598078bebd10818785e1dd65965eaa9	https://github.com/AtlassianPS/JiraPS/commit/c39b68020598078bebd10818785e1dd65965eaa9	2015-10-16T13:40:13-05:00	Created function ConvertTo-JiraFilter and related tests
JiraPS/Private/ConvertTo-JiraFilter.ps1	41	42	Joshua Taliaferro	c39b68020598078bebd10818785e1dd65965eaa9	https://github.com/AtlassianPS/JiraPS/commit/c39b68020598078bebd10818785e1dd65965eaa9	2015-10-16T13:40:13-05:00	Created function ConvertTo-JiraFilter and related tests
JiraPS/Private/ConvertTo-JiraFilter.ps1	46	46	Joshua Taliaferro	c39b68020598078bebd10818785e1dd65965eaa9	https://github.com/AtlassianPS/JiraPS/commit/c39b68020598078bebd10818785e1dd65965eaa9	2015-10-16T13:40:13-05:00	Created function ConvertTo-JiraFilter and related tests
JiraPS/Private/ConvertTo-JiraFilter.ps1	48	48	Joshua Taliaferro	c39b68020598078bebd10818785e1dd65965eaa9	https://github.com/AtlassianPS/JiraPS/commit/c39b68020598078bebd10818785e1dd65965eaa9	2015-10-16T13:40:13-05:00	Created function ConvertTo-JiraFilter and related tests
JiraPS/Private/ConvertTo-JiraFilter.ps1	52	54	Joshua Taliaferro	c39b68020598078bebd10818785e1dd65965eaa9	https://github.com/AtlassianPS/JiraPS/commit/c39b68020598078bebd10818785e1dd65965eaa9	2015-10-16T13:40:13-05:00	Created function ConvertTo-JiraFilter and related tests
JiraPS/Private/ConvertTo-JiraFilterPermission.ps1	4	4	Josh Knorr	c5176a6831bc5b2be28388061cff9abd1ee441c1	https://github.com/AtlassianPS/JiraPS/commit/c5176a6831bc5b2be28388061cff9abd1ee441c1	2017-02-23T15:51:16-08:00	Implemented ability to add worklog items to an issue.
JiraPS/Private/ConvertTo-JiraFilterPermission.ps1	8	9	Josh Knorr	c5176a6831bc5b2be28388061cff9abd1ee441c1	https://github.com/AtlassianPS/JiraPS/commit/c5176a6831bc5b2be28388061cff9abd1ee441c1	2017-02-23T15:51:16-08:00	Implemented ability to add worklog items to an issue.
JiraPS/Private/ConvertTo-JiraFilterPermission.ps1	10	11	Oliver Lipkau	6c36cb7d8db2cc8538581a7de4bb3952c5c2119e	https://github.com/AtlassianPS/JiraPS/commit/6c36cb7d8db2cc8538581a7de4bb3952c5c2119e	2017-06-27T06:12:29+02:00	Enhance repo's environment (#147)
JiraPS/Private/ConvertTo-JiraGroup.ps1	2	2	Joshua Taliaferro	1fe18c2b0233570050c1a01547727f9528e1e41c	https://github.com/AtlassianPS/JiraPS/commit/1fe18c2b0233570050c1a01547727f9528e1e41c	2015-08-05T16:01:54-05:00	Created Get-JiraGroup and associated internal functions.
JiraPS/Private/ConvertTo-JiraGroup.ps1	4	4	Joshua Taliaferro	1fe18c2b0233570050c1a01547727f9528e1e41c	https://github.com/AtlassianPS/JiraPS/commit/1fe18c2b0233570050c1a01547727f9528e1e41c	2015-08-05T16:01:54-05:00	Created Get-JiraGroup and associated internal functions.
JiraPS/Private/ConvertTo-JiraGroup.ps1	8	9	Joshua Taliaferro	1fe18c2b0233570050c1a01547727f9528e1e41c	https://github.com/AtlassianPS/JiraPS/commit/1fe18c2b0233570050c1a01547727f9528e1e41c	2015-08-05T16:01:54-05:00	Created Get-JiraGroup and associated internal functions.
JiraPS/Private/ConvertTo-JiraGroup.ps1	10	11	Oliver Lipkau	6c36cb7d8db2cc8538581a7de4bb3952c5c2119e	https://github.com/AtlassianPS/JiraPS/commit/6c36cb7d8db2cc8538581a7de4bb3952c5c2119e	2017-06-27T06:12:29+02:00	Enhance repo's environment (#147)
JiraPS/Private/ConvertTo-JiraGroup.ps1	13	13	Joshua Taliaferro	1fe18c2b0233570050c1a01547727f9528e1e41c	https://github.com/AtlassianPS/JiraPS/commit/1fe18c2b0233570050c1a01547727f9528e1e41c	2015-08-05T16:01:54-05:00	Created Get-JiraGroup and associated internal functions.
JiraPS/Private/ConvertTo-JiraGroup.ps1	18	18	Joshua Taliaferro	1fe18c2b0233570050c1a01547727f9528e1e41c	https://github.com/AtlassianPS/JiraPS/commit/1fe18c2b0233570050c1a01547727f9528e1e41c	2015-08-05T16:01:54-05:00	Created Get-JiraGroup and associated internal functions.
JiraPS/Private/ConvertTo-JiraGroup.ps1	19	19	Joshua Taliaferro	d129c5dcd0bf8f771829fa61ba04317625180461	https://github.com/AtlassianPS/JiraPS/commit/d129c5dcd0bf8f771829fa61ba04317625180461	2015-09-17T22:41:44-05:00	Corrected style
JiraPS/Private/ConvertTo-JiraGroup.ps1	20	20	Oliver Lipkau	6c36cb7d8db2cc8538581a7de4bb3952c5c2119e	https://github.com/AtlassianPS/JiraPS/commit/6c36cb7d8db2cc8538581a7de4bb3952c5c2119e	2017-06-27T06:12:29+02:00	Enhance repo's environment (#147)
JiraPS/Private/ConvertTo-JiraGroup.ps1	27	27	Joshua Taliaferro	1fe18c2b0233570050c1a01547727f9528e1e41c	https://github.com/AtlassianPS/JiraPS/commit/1fe18c2b0233570050c1a01547727f9528e1e41c	2015-08-05T16:01:54-05:00	Created Get-JiraGroup and associated internal functions.
JiraPS/Private/ConvertTo-JiraGroup.ps1	28	28	Oliver Lipkau	6c36cb7d8db2cc8538581a7de4bb3952c5c2119e	https://github.com/AtlassianPS/JiraPS/commit/6c36cb7d8db2cc8538581a7de4bb3952c5c2119e	2017-06-27T06:12:29+02:00	Enhance repo's environment (#147)
JiraPS/Private/ConvertTo-JiraGroup.ps1	32	34	Joshua Taliaferro	1fe18c2b0233570050c1a01547727f9528e1e41c	https://github.com/AtlassianPS/JiraPS/commit/1fe18c2b0233570050c1a01547727f9528e1e41c	2015-08-05T16:01:54-05:00	Created Get-JiraGroup and associated internal functions.
JiraPS/Private/ConvertTo-JiraGroup.ps1	36	38	Joshua Taliaferro	1fe18c2b0233570050c1a01547727f9528e1e41c	https://github.com/AtlassianPS/JiraPS/commit/1fe18c2b0233570050c1a01547727f9528e1e41c	2015-08-05T16:01:54-05:00	Created Get-JiraGroup and associated internal functions.
JiraPS/Private/ConvertTo-JiraIssue.ps1	2	2	Joshua Taliaferro	c33b95778148439dadd643091cd7d72565036653	https://github.com/AtlassianPS/JiraPS/commit/c33b95778148439dadd643091cd7d72565036653	2015-07-08T14:51:09-05:00	Initial commit
JiraPS/Private/ConvertTo-JiraIssue.ps1	4	4	Joshua Taliaferro	c33b95778148439dadd643091cd7d72565036653	https://github.com/AtlassianPS/JiraPS/commit/c33b95778148439dadd643091cd7d72565036653	2015-07-08T14:51:09-05:00	Initial commit
JiraPS/Private/ConvertTo-JiraIssue.ps1	8	8	Joshua Taliaferro	316d9f567af7313caa065a5f717b3a0fb0256da9	https://github.com/AtlassianPS/JiraPS/commit/316d9f567af7313caa065a5f717b3a0fb0256da9	2015-09-17T22:24:48-05:00	Whitespace and newline cleanup
JiraPS/Private/ConvertTo-JiraIssue.ps1	11	12	Joshua Taliaferro	c33b95778148439dadd643091cd7d72565036653	https://github.com/AtlassianPS/JiraPS/commit/c33b95778148439dadd643091cd7d72565036653	2015-07-08T14:51:09-05:00	Initial commit
JiraPS/Private/ConvertTo-JiraIssue.ps1	13	13	Oliver Lipkau	6c36cb7d8db2cc8538581a7de4bb3952c5c2119e	https://github.com/AtlassianPS/JiraPS/commit/6c36cb7d8db2cc8538581a7de4bb3952c5c2119e	2017-06-27T06:12:29+02:00	Enhance repo's environment (#147)
JiraPS/Private/ConvertTo-JiraIssue.ps1	25	26	Joshua Taliaferro	c33b95778148439dadd643091cd7d72565036653	https://github.com/AtlassianPS/JiraPS/commit/c33b95778148439dadd643091cd7d72565036653	2015-07-08T14:51:09-05:00	Initial commit
JiraPS/Private/ConvertTo-JiraIssue.ps1	27	28	Oliver Lipkau	6c36cb7d8db2cc8538581a7de4bb3952c5c2119e	https://github.com/AtlassianPS/JiraPS/commit/6c36cb7d8db2cc8538581a7de4bb3952c5c2119e	2017-06-27T06:12:29+02:00	Enhance repo's environment (#147)
JiraPS/Private/ConvertTo-JiraIssue.ps1	37	37	Joshua Taliaferro	c33b95778148439dadd643091cd7d72565036653	https://github.com/AtlassianPS/JiraPS/commit/c33b95778148439dadd643091cd7d72565036653	2015-07-08T14:51:09-05:00	Initial commit
JiraPS/Private/ConvertTo-JiraIssue.ps1	46	46	Joshua Taliaferro	316d9f567af7313caa065a5f717b3a0fb0256da9	https://github.com/AtlassianPS/JiraPS/commit/316d9f567af7313caa065a5f717b3a0fb0256da9	2015-09-17T22:24:48-05:00	Whitespace and newline cleanup
JiraPS/Private/ConvertTo-JiraIssue.ps1	52	52	Joshua Taliaferro	c33b95778148439dadd643091cd7d72565036653	https://github.com/AtlassianPS/JiraPS/commit/c33b95778148439dadd643091cd7d72565036653	2015-07-08T14:51:09-05:00	Initial commit
JiraPS/Private/ConvertTo-JiraIssue.ps1	60	60	Joshua Taliaferro	c33b95778148439dadd643091cd7d72565036653	https://github.com/AtlassianPS/JiraPS/commit/c33b95778148439dadd643091cd7d72565036653	2015-07-08T14:51:09-05:00	Initial commit
JiraPS/Private/ConvertTo-JiraIssue.ps1	77	77	Joshua Taliaferro	c33b95778148439dadd643091cd7d72565036653	https://github.com/AtlassianPS/JiraPS/commit/c33b95778148439dadd643091cd7d72565036653	2015-07-08T14:51:09-05:00	Initial commit
JiraPS/Private/ConvertTo-JiraIssue.ps1	78	78	Oliver Lipkau	e23072e81bfe8d89a4eabb96915dc4f80c02f9f2	https://github.com/AtlassianPS/JiraPS/commit/e23072e81bfe8d89a4eabb96915dc4f80c02f9f2	2017-06-12T14:14:17+02:00	Update work to fit new Test schema
JiraPS/Private/ConvertTo-JiraIssue.ps1	79	79	Joshua Taliaferro	c33b95778148439dadd643091cd7d72565036653	https://github.com/AtlassianPS/JiraPS/commit/c33b95778148439dadd643091cd7d72565036653	2015-07-08T14:51:09-05:00	Initial commit
JiraPS/Private/ConvertTo-JiraIssue.ps1	83	84	Joshua Taliaferro	c33b95778148439dadd643091cd7d72565036653	https://github.com/AtlassianPS/JiraPS/commit/c33b95778148439dadd643091cd7d72565036653	2015-07-08T14:51:09-05:00	Initial commit
JiraPS/Private/ConvertTo-JiraIssue.ps1	140	141	Joshua Taliaferro	c33b95778148439dadd643091cd7d72565036653	https://github.com/AtlassianPS/JiraPS/commit/c33b95778148439dadd643091cd7d72565036653	2015-07-08T14:51:09-05:00	Initial commit
JiraPS/Private/ConvertTo-JiraIssue.ps1	142	142	Joshua Taliaferro	316d9f567af7313caa065a5f717b3a0fb0256da9	https://github.com/AtlassianPS/JiraPS/commit/316d9f567af7313caa065a5f717b3a0fb0256da9	2015-09-17T22:24:48-05:00	Whitespace and newline cleanup
JiraPS/Private/ConvertTo-JiraIssueHistoryEntry.ps1	2	3	Josh Knorr	c5176a6831bc5b2be28388061cff9abd1ee441c1	https://github.com/AtlassianPS/JiraPS/commit/c5176a6831bc5b2be28388061cff9abd1ee441c1	2017-02-23T15:51:16-08:00	Implemented ability to add worklog items to an issue.
JiraPS/Private/ConvertTo-JiraIssueHistoryEntry.ps1	7	8	Josh Knorr	c5176a6831bc5b2be28388061cff9abd1ee441c1	https://github.com/AtlassianPS/JiraPS/commit/c5176a6831bc5b2be28388061cff9abd1ee441c1	2017-02-23T15:51:16-08:00	Implemented ability to add worklog items to an issue.
JiraPS/Private/ConvertTo-JiraIssueHistoryEntry.ps1	9	10	Oliver Lipkau	6c36cb7d8db2cc8538581a7de4bb3952c5c2119e	https://github.com/AtlassianPS/JiraPS/commit/6c36cb7d8db2cc8538581a7de4bb3952c5c2119e	2017-06-27T06:12:29+02:00	Enhance repo's environment (#147)
JiraPS/Private/ConvertTo-JiraIssueHistoryEntry.ps1	12	13	Josh Knorr	c5176a6831bc5b2be28388061cff9abd1ee441c1	https://github.com/AtlassianPS/JiraPS/commit/c5176a6831bc5b2be28388061cff9abd1ee441c1	2017-02-23T15:51:16-08:00	Implemented ability to add worklog items to an issue.
JiraPS/Private/ConvertTo-JiraIssueHistoryEntry.ps1	18	18	Josh Knorr	434dcef811959f47068602557b27f39ce5dd37ed	https://github.com/AtlassianPS/JiraPS/commit/434dcef811959f47068602557b27f39ce5dd37ed	2017-06-12T14:21:28-07:00	Fixed problem with toString method for ConvertTo-WorklogItem
JiraPS/Private/ConvertTo-JiraIssueHistoryEntry.ps1	19	19	Josh Knorr	c5176a6831bc5b2be28388061cff9abd1ee441c1	https://github.com/AtlassianPS/JiraPS/commit/c5176a6831bc5b2be28388061cff9abd1ee441c1	2017-02-23T15:51:16-08:00	Implemented ability to add worklog items to an issue.
JiraPS/Private/ConvertTo-JiraIssueHistoryEntry.ps1	20	20	Joshua Taliaferro	c33b95778148439dadd643091cd7d72565036653	https://github.com/AtlassianPS/JiraPS/commit/c33b95778148439dadd643091cd7d72565036653	2015-07-08T14:51:09-05:00	Initial commit
JiraPS/Private/ConvertTo-JiraIssueHistoryEntry.ps1	22	22	Joshua Taliaferro	c39b68020598078bebd10818785e1dd65965eaa9	https://github.com/AtlassianPS/JiraPS/commit/c39b68020598078bebd10818785e1dd65965eaa9	2015-10-16T13:40:13-05:00	Created function ConvertTo-JiraFilter and related tests
JiraPS/Private/ConvertTo-JiraIssueLink.ps1	2	2	Oliver Lipkau	bbb4377b69aa6a726bd9c122fe28e2a0278ff68a	https://github.com/AtlassianPS/JiraPS/commit/bbb4377b69aa6a726bd9c122fe28e2a0278ff68a	2017-06-25T16:41:50+02:00	Rename module in PRs since last major release
JiraPS/Private/ConvertTo-JiraIssueLink.ps1	4	4	Oliver Lipkau	bbb4377b69aa6a726bd9c122fe28e2a0278ff68a	https://github.com/AtlassianPS/JiraPS/commit/bbb4377b69aa6a726bd9c122fe28e2a0278ff68a	2017-06-25T16:41:50+02:00	Rename module in PRs since last major release
JiraPS/Private/ConvertTo-JiraIssueLink.ps1	8	11	Oliver Lipkau	bbb4377b69aa6a726bd9c122fe28e2a0278ff68a	https://github.com/AtlassianPS/JiraPS/commit/bbb4377b69aa6a726bd9c122fe28e2a0278ff68a	2017-06-25T16:41:50+02:00	Rename module in PRs since last major release
JiraPS/Private/ConvertTo-JiraIssueLink.ps1	13	13	Oliver Lipkau	bbb4377b69aa6a726bd9c122fe28e2a0278ff68a	https://github.com/AtlassianPS/JiraPS/commit/bbb4377b69aa6a726bd9c122fe28e2a0278ff68a	2017-06-25T16:41:50+02:00	Rename module in PRs since last major release
JiraPS/Private/ConvertTo-JiraIssueLink.ps1	20	21	Oliver Lipkau	bbb4377b69aa6a726bd9c122fe28e2a0278ff68a	https://github.com/AtlassianPS/JiraPS/commit/bbb4377b69aa6a726bd9c122fe28e2a0278ff68a	2017-06-25T16:41:50+02:00	Rename module in PRs since last major release
JiraPS/Private/ConvertTo-JiraIssueLink.ps1	24	24	Oliver Lipkau	bbb4377b69aa6a726bd9c122fe28e2a0278ff68a	https://github.com/AtlassianPS/JiraPS/commit/bbb4377b69aa6a726bd9c122fe28e2a0278ff68a	2017-06-25T16:41:50+02:00	Rename module in PRs since last major release
JiraPS/Private/ConvertTo-JiraIssueLink.ps1	31	33	Oliver Lipkau	bbb4377b69aa6a726bd9c122fe28e2a0278ff68a	https://github.com/AtlassianPS/JiraPS/commit/bbb4377b69aa6a726bd9c122fe28e2a0278ff68a	2017-06-25T16:41:50+02:00	Rename module in PRs since last major release
JiraPS/Private/ConvertTo-JiraIssueLinkType.ps1	2	2	Joshua Taliaferro	72bb1b978f8a756a6a330644a99af68a2ee6be1a	https://github.com/AtlassianPS/JiraPS/commit/72bb1b978f8a756a6a330644a99af68a2ee6be1a	2016-09-01T21:33:39-05:00	Created helper function for link types
JiraPS/Private/ConvertTo-JiraIssueLinkType.ps1	4	4	Joshua Taliaferro	72bb1b978f8a756a6a330644a99af68a2ee6be1a	https://github.com/AtlassianPS/JiraPS/commit/72bb1b978f8a756a6a330644a99af68a2ee6be1a	2016-09-01T21:33:39-05:00	Created helper function for link types
JiraPS/Private/ConvertTo-JiraIssueLinkType.ps1	8	9	Joshua Taliaferro	72bb1b978f8a756a6a330644a99af68a2ee6be1a	https://github.com/AtlassianPS/JiraPS/commit/72bb1b978f8a756a6a330644a99af68a2ee6be1a	2016-09-01T21:33:39-05:00	Created helper function for link types
JiraPS/Private/ConvertTo-JiraIssueLinkType.ps1	10	11	Oliver Lipkau	e23072e81bfe8d89a4eabb96915dc4f80c02f9f2	https://github.com/AtlassianPS/JiraPS/commit/e23072e81bfe8d89a4eabb96915dc4f80c02f9f2	2017-06-12T14:14:17+02:00	Update work to fit new Test schema
JiraPS/Private/ConvertTo-JiraIssueLinkType.ps1	13	13	Joshua Taliaferro	72bb1b978f8a756a6a330644a99af68a2ee6be1a	https://github.com/AtlassianPS/JiraPS/commit/72bb1b978f8a756a6a330644a99af68a2ee6be1a	2016-09-01T21:33:39-05:00	Created helper function for link types
JiraPS/Private/ConvertTo-JiraIssueLinkType.ps1	20	21	Oliver Lipkau	e23072e81bfe8d89a4eabb96915dc4f80c02f9f2	https://github.com/AtlassianPS/JiraPS/commit/e23072e81bfe8d89a4eabb96915dc4f80c02f9f2	2017-06-12T14:14:17+02:00	Update work to fit new Test schema
JiraPS/Private/ConvertTo-JiraIssueLinkType.ps1	23	25	Joshua Taliaferro	72bb1b978f8a756a6a330644a99af68a2ee6be1a	https://github.com/AtlassianPS/JiraPS/commit/72bb1b978f8a756a6a330644a99af68a2ee6be1a	2016-09-01T21:33:39-05:00	Created helper function for link types
JiraPS/Private/ConvertTo-JiraIssueType.ps1	2	2	Joshua Taliaferro	c33b95778148439dadd643091cd7d72565036653	https://github.com/AtlassianPS/JiraPS/commit/c33b95778148439dadd643091cd7d72565036653	2015-07-08T14:51:09-05:00	Initial commit
JiraPS/Private/ConvertTo-JiraIssueType.ps1	4	4	Joshua Taliaferro	c33b95778148439dadd643091cd7d72565036653	https://github.com/AtlassianPS/JiraPS/commit/c33b95778148439dadd643091cd7d72565036653	2015-07-08T14:51:09-05:00	Initial commit
JiraPS/Private/ConvertTo-JiraIssueType.ps1	8	9	Joshua Taliaferro	c33b95778148439dadd643091cd7d72565036653	https://github.com/AtlassianPS/JiraPS/commit/c33b95778148439dadd643091cd7d72565036653	2015-07-08T14:51:09-05:00	Initial commit
JiraPS/Private/ConvertTo-JiraIssueType.ps1	10	11	Oliver Lipkau	6c36cb7d8db2cc8538581a7de4bb3952c5c2119e	https://github.com/AtlassianPS/JiraPS/commit/6c36cb7d8db2cc8538581a7de4bb3952c5c2119e	2017-06-27T06:12:29+02:00	Enhance repo's environment (#147)
JiraPS/Private/ConvertTo-JiraIssueType.ps1	13	13	Joshua Taliaferro	c33b95778148439dadd643091cd7d72565036653	https://github.com/AtlassianPS/JiraPS/commit/c33b95778148439dadd643091cd7d72565036653	2015-07-08T14:51:09-05:00	Initial commit
JiraPS/Private/ConvertTo-JiraIssueType.ps1	21	21	Oliver Lipkau	6c36cb7d8db2cc8538581a7de4bb3952c5c2119e	https://github.com/AtlassianPS/JiraPS/commit/6c36cb7d8db2cc8538581a7de4bb3952c5c2119e	2017-06-27T06:12:29+02:00	Enhance repo's environment (#147)
JiraPS/Private/ConvertTo-JiraIssueType.ps1	22	22	Joshua Taliaferro	c33b95778148439dadd643091cd7d72565036653	https://github.com/AtlassianPS/JiraPS/commit/c33b95778148439dadd643091cd7d72565036653	2015-07-08T14:51:09-05:00	Initial commit
JiraPS/Private/ConvertTo-JiraIssueType.ps1	28	29	Joshua Taliaferro	c33b95778148439dadd643091cd7d72565036653	https://github.com/AtlassianPS/JiraPS/commit/c33b95778148439dadd643091cd7d72565036653	2015-07-08T14:51:09-05:00	Initial commit
JiraPS/Private/ConvertTo-JiraIssueType.ps1	30	30	Joshua Taliaferro	316d9f567af7313caa065a5f717b3a0fb0256da9	https://github.com/AtlassianPS/JiraPS/commit/316d9f567af7313caa065a5f717b3a0fb0256da9	2015-09-17T22:24:48-05:00	Whitespace and newline cleanup
JiraPS/Private/ConvertTo-JiraLink.ps1	2	2	Oliver Lipkau	82c676a06801c559a8d103f7301e80b9d2d6e638	https://github.com/AtlassianPS/JiraPS/commit/82c676a06801c559a8d103f7301e80b9d2d6e638	2017-02-09T12:35:11+01:00	added ConvertTo-JiraLink & UnitTests
JiraPS/Private/ConvertTo-JiraLink.ps1	4	4	Oliver Lipkau	82c676a06801c559a8d103f7301e80b9d2d6e638	https://github.com/AtlassianPS/JiraPS/commit/82c676a06801c559a8d103f7301e80b9d2d6e638	2017-02-09T12:35:11+01:00	added ConvertTo-JiraLink & UnitTests
JiraPS/Private/ConvertTo-JiraLink.ps1	8	9	Oliver Lipkau	82c676a06801c559a8d103f7301e80b9d2d6e638	https://github.com/AtlassianPS/JiraPS/commit/82c676a06801c559a8d103f7301e80b9d2d6e638	2017-02-09T12:35:11+01:00	added ConvertTo-JiraLink & UnitTests
JiraPS/Private/ConvertTo-JiraLink.ps1	10	11	Oliver Lipkau	6c36cb7d8db2cc8538581a7de4bb3952c5c2119e	https://github.com/AtlassianPS/JiraPS/commit/6c36cb7d8db2cc8538581a7de4bb3952c5c2119e	2017-06-27T06:12:29+02:00	Enhance repo's environment (#147)
JiraPS/Private/ConvertTo-JiraLink.ps1	13	14	Oliver Lipkau	82c676a06801c559a8d103f7301e80b9d2d6e638	https://github.com/AtlassianPS/JiraPS/commit/82c676a06801c559a8d103f7301e80b9d2d6e638	2017-02-09T12:35:11+01:00	added ConvertTo-JiraLink & UnitTests
JiraPS/Private/ConvertTo-JiraLink.ps1	21	23	Oliver Lipkau	82c676a06801c559a8d103f7301e80b9d2d6e638	https://github.com/AtlassianPS/JiraPS/commit/82c676a06801c559a8d103f7301e80b9d2d6e638	2017-02-09T12:35:11+01:00	added ConvertTo-JiraLink & UnitTests
JiraPS/Private/ConvertTo-JiraLink.ps1	25	28	Oliver Lipkau	82c676a06801c559a8d103f7301e80b9d2d6e638	https://github.com/AtlassianPS/JiraPS/commit/82c676a06801c559a8d103f7301e80b9d2d6e638	2017-02-09T12:35:11+01:00	added ConvertTo-JiraLink & UnitTests
JiraPS/Private/ConvertTo-JiraLink.ps1	34	34	Oliver Lipkau	82c676a06801c559a8d103f7301e80b9d2d6e638	https://github.com/AtlassianPS/JiraPS/commit/82c676a06801c559a8d103f7301e80b9d2d6e638	2017-02-09T12:35:11+01:00	added ConvertTo-JiraLink & UnitTests
JiraPS/Private/ConvertTo-JiraLink.ps1	35	35	Oliver Lipkau	6c36cb7d8db2cc8538581a7de4bb3952c5c2119e	https://github.com/AtlassianPS/JiraPS/commit/6c36cb7d8db2cc8538581a7de4bb3952c5c2119e	2017-06-27T06:12:29+02:00	Enhance repo's environment (#147)
JiraPS/Private/ConvertTo-JiraLink.ps1	36	36	Oliver Lipkau	82c676a06801c559a8d103f7301e80b9d2d6e638	https://github.com/AtlassianPS/JiraPS/commit/82c676a06801c559a8d103f7301e80b9d2d6e638	2017-02-09T12:35:11+01:00	added ConvertTo-JiraLink & UnitTests
JiraPS/Private/ConvertTo-JiraLink.ps1	37	37	Oliver Lipkau	6c36cb7d8db2cc8538581a7de4bb3952c5c2119e	https://github.com/AtlassianPS/JiraPS/commit/6c36cb7d8db2cc8538581a7de4bb3952c5c2119e	2017-06-27T06:12:29+02:00	Enhance repo's environment (#147)
JiraPS/Private/ConvertTo-JiraLink.ps1	38	39	Oliver Lipkau	82c676a06801c559a8d103f7301e80b9d2d6e638	https://github.com/AtlassianPS/JiraPS/commit/82c676a06801c559a8d103f7301e80b9d2d6e638	2017-02-09T12:35:11+01:00	added ConvertTo-JiraLink & UnitTests
JiraPS/Private/ConvertTo-JiraLink.ps1	40	41	Oliver Lipkau	6c36cb7d8db2cc8538581a7de4bb3952c5c2119e	https://github.com/AtlassianPS/JiraPS/commit/6c36cb7d8db2cc8538581a7de4bb3952c5c2119e	2017-06-27T06:12:29+02:00	Enhance repo's environment (#147)
JiraPS/Private/ConvertTo-JiraLink.ps1	42	42	Oliver Lipkau	82c676a06801c559a8d103f7301e80b9d2d6e638	https://github.com/AtlassianPS/JiraPS/commit/82c676a06801c559a8d103f7301e80b9d2d6e638	2017-02-09T12:35:11+01:00	added ConvertTo-JiraLink & UnitTests
JiraPS/Private/ConvertTo-JiraLink.ps1	43	43	Oliver Lipkau	6c36cb7d8db2cc8538581a7de4bb3952c5c2119e	https://github.com/AtlassianPS/JiraPS/commit/6c36cb7d8db2cc8538581a7de4bb3952c5c2119e	2017-06-27T06:12:29+02:00	Enhance repo's environment (#147)
JiraPS/Private/ConvertTo-JiraLink.ps1	44	44	Oliver Lipkau	82c676a06801c559a8d103f7301e80b9d2d6e638	https://github.com/AtlassianPS/JiraPS/commit/82c676a06801c559a8d103f7301e80b9d2d6e638	2017-02-09T12:35:11+01:00	added ConvertTo-JiraLink & UnitTests
JiraPS/Private/ConvertTo-JiraLink.ps1	45	46	Oliver Lipkau	6c36cb7d8db2cc8538581a7de4bb3952c5c2119e	https://github.com/AtlassianPS/JiraPS/commit/6c36cb7d8db2cc8538581a7de4bb3952c5c2119e	2017-06-27T06:12:29+02:00	Enhance repo's environment (#147)
JiraPS/Private/ConvertTo-JiraLink.ps1	47	48	Oliver Lipkau	82c676a06801c559a8d103f7301e80b9d2d6e638	https://github.com/AtlassianPS/JiraPS/commit/82c676a06801c559a8d103f7301e80b9d2d6e638	2017-02-09T12:35:11+01:00	added ConvertTo-JiraLink & UnitTests
JiraPS/Private/ConvertTo-JiraLink.ps1	49	50	Oliver Lipkau	6c36cb7d8db2cc8538581a7de4bb3952c5c2119e	https://github.com/AtlassianPS/JiraPS/commit/6c36cb7d8db2cc8538581a7de4bb3952c5c2119e	2017-06-27T06:12:29+02:00	Enhance repo's environment (#147)
JiraPS/Private/ConvertTo-JiraLink.ps1	51	51	Oliver Lipkau	82c676a06801c559a8d103f7301e80b9d2d6e638	https://github.com/AtlassianPS/JiraPS/commit/82c676a06801c559a8d103f7301e80b9d2d6e638	2017-02-09T12:35:11+01:00	added ConvertTo-JiraLink & UnitTests
JiraPS/Private/ConvertTo-JiraLink.ps1	52	52	Oliver Lipkau	6c36cb7d8db2cc8538581a7de4bb3952c5c2119e	https://github.com/AtlassianPS/JiraPS/commit/6c36cb7d8db2cc8538581a7de4bb3952c5c2119e	2017-06-27T06:12:29+02:00	Enhance repo's environment (#147)
JiraPS/Private/ConvertTo-JiraLink.ps1	53	56	Oliver Lipkau	82c676a06801c559a8d103f7301e80b9d2d6e638	https://github.com/AtlassianPS/JiraPS/commit/82c676a06801c559a8d103f7301e80b9d2d6e638	2017-02-09T12:35:11+01:00	added ConvertTo-JiraLink & UnitTests
JiraPS/Private/ConvertTo-JiraLink.ps1	57	58	Oliver Lipkau	6c36cb7d8db2cc8538581a7de4bb3952c5c2119e	https://github.com/AtlassianPS/JiraPS/commit/6c36cb7d8db2cc8538581a7de4bb3952c5c2119e	2017-06-27T06:12:29+02:00	Enhance repo's environment (#147)
JiraPS/Private/ConvertTo-JiraLink.ps1	59	59	Oliver Lipkau	82c676a06801c559a8d103f7301e80b9d2d6e638	https://github.com/AtlassianPS/JiraPS/commit/82c676a06801c559a8d103f7301e80b9d2d6e638	2017-02-09T12:35:11+01:00	added ConvertTo-JiraLink & UnitTests
JiraPS/Private/ConvertTo-JiraLink.ps1	61	68	Oliver Lipkau	82c676a06801c559a8d103f7301e80b9d2d6e638	https://github.com/AtlassianPS/JiraPS/commit/82c676a06801c559a8d103f7301e80b9d2d6e638	2017-02-09T12:35:11+01:00	added ConvertTo-JiraLink & UnitTests
JiraPS/Private/ConvertTo-JiraLink.ps1	70	72	Oliver Lipkau	82c676a06801c559a8d103f7301e80b9d2d6e638	https://github.com/AtlassianPS/JiraPS/commit/82c676a06801c559a8d103f7301e80b9d2d6e638	2017-02-09T12:35:11+01:00	added ConvertTo-JiraLink & UnitTests
JiraPS/Private/ConvertTo-JiraPriority.ps1	2	2	Joshua Taliaferro	c33b95778148439dadd643091cd7d72565036653	https://github.com/AtlassianPS/JiraPS/commit/c33b95778148439dadd643091cd7d72565036653	2015-07-08T14:51:09-05:00	Initial commit
JiraPS/Private/ConvertTo-JiraPriority.ps1	4	4	Joshua Taliaferro	c33b95778148439dadd643091cd7d72565036653	https://github.com/AtlassianPS/JiraPS/commit/c33b95778148439dadd643091cd7d72565036653	2015-07-08T14:51:09-05:00	Initial commit
JiraPS/Private/ConvertTo-JiraPriority.ps1	8	9	Joshua Taliaferro	c33b95778148439dadd643091cd7d72565036653	https://github.com/AtlassianPS/JiraPS/commit/c33b95778148439dadd643091cd7d72565036653	2015-07-08T14:51:09-05:00	Initial commit
JiraPS/Private/ConvertTo-JiraPriority.ps1	10	11	Oliver Lipkau	6c36cb7d8db2cc8538581a7de4bb3952c5c2119e	https://github.com/AtlassianPS/JiraPS/commit/6c36cb7d8db2cc8538581a7de4bb3952c5c2119e	2017-06-27T06:12:29+02:00	Enhance repo's environment (#147)
JiraPS/Private/ConvertTo-JiraPriority.ps1	13	13	Joshua Taliaferro	c33b95778148439dadd643091cd7d72565036653	https://github.com/AtlassianPS/JiraPS/commit/c33b95778148439dadd643091cd7d72565036653	2015-07-08T14:51:09-05:00	Initial commit
JiraPS/Private/ConvertTo-JiraPriority.ps1	21	21	Oliver Lipkau	6c36cb7d8db2cc8538581a7de4bb3952c5c2119e	https://github.com/AtlassianPS/JiraPS/commit/6c36cb7d8db2cc8538581a7de4bb3952c5c2119e	2017-06-27T06:12:29+02:00	Enhance repo's environment (#147)
JiraPS/Private/ConvertTo-JiraPriority.ps1	22	22	Joshua Taliaferro	c33b95778148439dadd643091cd7d72565036653	https://github.com/AtlassianPS/JiraPS/commit/c33b95778148439dadd643091cd7d72565036653	2015-07-08T14:51:09-05:00	Initial commit
JiraPS/Private/ConvertTo-JiraPriority.ps1	24	25	Joshua Taliaferro	c33b95778148439dadd643091cd7d72565036653	https://github.com/AtlassianPS/JiraPS/commit/c33b95778148439dadd643091cd7d72565036653	2015-07-08T14:51:09-05:00	Initial commit
JiraPS/Private/ConvertTo-JiraPriority.ps1	26	26	Joshua Taliaferro	316d9f567af7313caa065a5f717b3a0fb0256da9	https://github.com/AtlassianPS/JiraPS/commit/316d9f567af7313caa065a5f717b3a0fb0256da9	2015-09-17T22:24:48-05:00	Whitespace and newline cleanup
JiraPS/Private/ConvertTo-JiraProject.ps1	2	2	Joshua Taliaferro	c33b95778148439dadd643091cd7d72565036653	https://github.com/AtlassianPS/JiraPS/commit/c33b95778148439dadd643091cd7d72565036653	2015-07-08T14:51:09-05:00	Initial commit
JiraPS/Private/ConvertTo-JiraProject.ps1	4	4	Joshua Taliaferro	c33b95778148439dadd643091cd7d72565036653	https://github.com/AtlassianPS/JiraPS/commit/c33b95778148439dadd643091cd7d72565036653	2015-07-08T14:51:09-05:00	Initial commit
JiraPS/Private/ConvertTo-JiraProject.ps1	8	9	Joshua Taliaferro	c33b95778148439dadd643091cd7d72565036653	https://github.com/AtlassianPS/JiraPS/commit/c33b95778148439dadd643091cd7d72565036653	2015-07-08T14:51:09-05:00	Initial commit
JiraPS/Private/ConvertTo-JiraProject.ps1	10	11	Oliver Lipkau	6c36cb7d8db2cc8538581a7de4bb3952c5c2119e	https://github.com/AtlassianPS/JiraPS/commit/6c36cb7d8db2cc8538581a7de4bb3952c5c2119e	2017-06-27T06:12:29+02:00	Enhance repo's environment (#147)
JiraPS/Private/ConvertTo-JiraProject.ps1	13	13	Joshua Taliaferro	c33b95778148439dadd643091cd7d72565036653	https://github.com/AtlassianPS/JiraPS/commit/c33b95778148439dadd643091cd7d72565036653	2015-07-08T14:51:09-05:00	Initial commit
JiraPS/Private/ConvertTo-JiraProject.ps1	27	28	Joshua Taliaferro	c33b95778148439dadd643091cd7d72565036653	https://github.com/AtlassianPS/JiraPS/commit/c33b95778148439dadd643091cd7d72565036653	2015-07-08T14:51:09-05:00	Initial commit
JiraPS/Private/ConvertTo-JiraProject.ps1	34	34	Joshua Taliaferro	695dc485e5abd448ba6bf4ad0801a726ae2050a7	https://github.com/AtlassianPS/JiraPS/commit/695dc485e5abd448ba6bf4ad0801a726ae2050a7	2016-08-21T00:15:15-05:00	Updated Category for JIRA 7 API.
JiraPS/Private/ConvertTo-JiraProject.ps1	36	38	Joshua Taliaferro	c33b95778148439dadd643091cd7d72565036653	https://github.com/AtlassianPS/JiraPS/commit/c33b95778148439dadd643091cd7d72565036653	2015-07-08T14:51:09-05:00	Initial commit
JiraPS/Private/ConvertTo-JiraProjectRole.ps1	4	4	Josh Knorr	c5176a6831bc5b2be28388061cff9abd1ee441c1	https://github.com/AtlassianPS/JiraPS/commit/c5176a6831bc5b2be28388061cff9abd1ee441c1	2017-02-23T15:51:16-08:00	Implemented ability to add worklog items to an issue.
JiraPS/Private/ConvertTo-JiraProjectRole.ps1	8	9	Josh Knorr	c5176a6831bc5b2be28388061cff9abd1ee441c1	https://github.com/AtlassianPS/JiraPS/commit/c5176a6831bc5b2be28388061cff9abd1ee441c1	2017-02-23T15:51:16-08:00	Implemented ability to add worklog items to an issue.
JiraPS/Private/ConvertTo-JiraProjectRole.ps1	10	11	Oliver Lipkau	6c36cb7d8db2cc8538581a7de4bb3952c5c2119e	https://github.com/AtlassianPS/JiraPS/commit/6c36cb7d8db2cc8538581a7de4bb3952c5c2119e	2017-06-27T06:12:29+02:00	Enhance repo's environment (#147)
JiraPS/Private/ConvertTo-JiraResolution.ps1	8	9	Josh Knorr	c5176a6831bc5b2be28388061cff9abd1ee441c1	https://github.com/AtlassianPS/JiraPS/commit/c5176a6831bc5b2be28388061cff9abd1ee441c1	2017-02-23T15:51:16-08:00	Implemented ability to add worklog items to an issue.
JiraPS/Private/ConvertTo-JiraResolution.ps1	10	11	Oliver Lipkau	6c36cb7d8db2cc8538581a7de4bb3952c5c2119e	https://github.com/AtlassianPS/JiraPS/commit/6c36cb7d8db2cc8538581a7de4bb3952c5c2119e	2017-06-27T06:12:29+02:00	Enhance repo's environment (#147)
JiraPS/Private/ConvertTo-JiraServerInfo.ps1	2	2	Oliver Lipkau	a75f6e3fca292f6c1e2e7decb81b3e15aeba70f8	https://github.com/AtlassianPS/JiraPS/commit/a75f6e3fca292f6c1e2e7decb81b3e15aeba70f8	2017-09-27T13:01:47+02:00	Add Get-JiraServerInformation #187
JiraPS/Private/ConvertTo-JiraServerInfo.ps1	4	4	Oliver Lipkau	a75f6e3fca292f6c1e2e7decb81b3e15aeba70f8	https://github.com/AtlassianPS/JiraPS/commit/a75f6e3fca292f6c1e2e7decb81b3e15aeba70f8	2017-09-27T13:01:47+02:00	Add Get-JiraServerInformation #187
JiraPS/Private/ConvertTo-JiraServerInfo.ps1	8	11	Oliver Lipkau	a75f6e3fca292f6c1e2e7decb81b3e15aeba70f8	https://github.com/AtlassianPS/JiraPS/commit/a75f6e3fca292f6c1e2e7decb81b3e15aeba70f8	2017-09-27T13:01:47+02:00	Add Get-JiraServerInformation #187
JiraPS/Private/ConvertTo-JiraServerInfo.ps1	13	13	Oliver Lipkau	a75f6e3fca292f6c1e2e7decb81b3e15aeba70f8	https://github.com/AtlassianPS/JiraPS/commit/a75f6e3fca292f6c1e2e7decb81b3e15aeba70f8	2017-09-27T13:01:47+02:00	Add Get-JiraServerInformation #187
JiraPS/Private/ConvertTo-JiraServerInfo.ps1	29	30	Oliver Lipkau	a75f6e3fca292f6c1e2e7decb81b3e15aeba70f8	https://github.com/AtlassianPS/JiraPS/commit/a75f6e3fca292f6c1e2e7decb81b3e15aeba70f8	2017-09-27T13:01:47+02:00	Add Get-JiraServerInformation #187
JiraPS/Private/ConvertTo-JiraServerInfo.ps1	33	34	Oliver Lipkau	a75f6e3fca292f6c1e2e7decb81b3e15aeba70f8	https://github.com/AtlassianPS/JiraPS/commit/a75f6e3fca292f6c1e2e7decb81b3e15aeba70f8	2017-09-27T13:01:47+02:00	Add Get-JiraServerInformation #187
JiraPS/Private/ConvertTo-JiraServerInfo.ps1	36	38	Oliver Lipkau	a75f6e3fca292f6c1e2e7decb81b3e15aeba70f8	https://github.com/AtlassianPS/JiraPS/commit/a75f6e3fca292f6c1e2e7decb81b3e15aeba70f8	2017-09-27T13:01:47+02:00	Add Get-JiraServerInformation #187
JiraPS/Private/ConvertTo-JiraSession.ps1	2	2	Joshua Taliaferro	c33b95778148439dadd643091cd7d72565036653	https://github.com/AtlassianPS/JiraPS/commit/c33b95778148439dadd643091cd7d72565036653	2015-07-08T14:51:09-05:00	Initial commit
JiraPS/Private/ConvertTo-JiraSession.ps1	4	4	Joshua Taliaferro	c33b95778148439dadd643091cd7d72565036653	https://github.com/AtlassianPS/JiraPS/commit/c33b95778148439dadd643091cd7d72565036653	2015-07-08T14:51:09-05:00	Initial commit
JiraPS/Private/ConvertTo-JiraSession.ps1	7	8	Joshua Taliaferro	c33b95778148439dadd643091cd7d72565036653	https://github.com/AtlassianPS/JiraPS/commit/c33b95778148439dadd643091cd7d72565036653	2015-07-08T14:51:09-05:00	Initial commit
JiraPS/Private/ConvertTo-JiraSession.ps1	11	12	Joshua Taliaferro	c33b95778148439dadd643091cd7d72565036653	https://github.com/AtlassianPS/JiraPS/commit/c33b95778148439dadd643091cd7d72565036653	2015-07-08T14:51:09-05:00	Initial commit
JiraPS/Private/ConvertTo-JiraSession.ps1	13	13	Oliver Lipkau	6c36cb7d8db2cc8538581a7de4bb3952c5c2119e	https://github.com/AtlassianPS/JiraPS/commit/6c36cb7d8db2cc8538581a7de4bb3952c5c2119e	2017-06-27T06:12:29+02:00	Enhance repo's environment (#147)
JiraPS/Private/ConvertTo-JiraSession.ps1	15	15	Joshua Taliaferro	c33b95778148439dadd643091cd7d72565036653	https://github.com/AtlassianPS/JiraPS/commit/c33b95778148439dadd643091cd7d72565036653	2015-07-08T14:51:09-05:00	Initial commit
JiraPS/Private/ConvertTo-JiraSession.ps1	18	19	Joshua Taliaferro	c33b95778148439dadd643091cd7d72565036653	https://github.com/AtlassianPS/JiraPS/commit/c33b95778148439dadd643091cd7d72565036653	2015-07-08T14:51:09-05:00	Initial commit
JiraPS/Private/ConvertTo-JiraSession.ps1	20	20	Oliver Lipkau	6c36cb7d8db2cc8538581a7de4bb3952c5c2119e	https://github.com/AtlassianPS/JiraPS/commit/6c36cb7d8db2cc8538581a7de4bb3952c5c2119e	2017-06-27T06:12:29+02:00	Enhance repo's environment (#147)
JiraPS/Private/ConvertTo-JiraSession.ps1	22	23	Joshua Taliaferro	c33b95778148439dadd643091cd7d72565036653	https://github.com/AtlassianPS/JiraPS/commit/c33b95778148439dadd643091cd7d72565036653	2015-07-08T14:51:09-05:00	Initial commit
JiraPS/Private/ConvertTo-JiraSession.ps1	25	25	Joshua Taliaferro	c33b95778148439dadd643091cd7d72565036653	https://github.com/AtlassianPS/JiraPS/commit/c33b95778148439dadd643091cd7d72565036653	2015-07-08T14:51:09-05:00	Initial commit
JiraPS/Private/ConvertTo-JiraSession.ps1	26	26	Joshua Taliaferro	316d9f567af7313caa065a5f717b3a0fb0256da9	https://github.com/AtlassianPS/JiraPS/commit/316d9f567af7313caa065a5f717b3a0fb0256da9	2015-09-17T22:24:48-05:00	Whitespace and newline cleanup
JiraPS/Private/ConvertTo-JiraStatus.ps1	2	2	Joshua Taliaferro	c33b95778148439dadd643091cd7d72565036653	https://github.com/AtlassianPS/JiraPS/commit/c33b95778148439dadd643091cd7d72565036653	2015-07-08T14:51:09-05:00	Initial commit
JiraPS/Private/ConvertTo-JiraStatus.ps1	4	4	Joshua Taliaferro	c33b95778148439dadd643091cd7d72565036653	https://github.com/AtlassianPS/JiraPS/commit/c33b95778148439dadd643091cd7d72565036653	2015-07-08T14:51:09-05:00	Initial commit
JiraPS/Private/ConvertTo-JiraStatus.ps1	8	9	Joshua Taliaferro	c33b95778148439dadd643091cd7d72565036653	https://github.com/AtlassianPS/JiraPS/commit/c33b95778148439dadd643091cd7d72565036653	2015-07-08T14:51:09-05:00	Initial commit
JiraPS/Private/ConvertTo-JiraStatus.ps1	10	11	Oliver Lipkau	6c36cb7d8db2cc8538581a7de4bb3952c5c2119e	https://github.com/AtlassianPS/JiraPS/commit/6c36cb7d8db2cc8538581a7de4bb3952c5c2119e	2017-06-27T06:12:29+02:00	Enhance repo's environment (#147)
JiraPS/Private/ConvertTo-JiraStatus.ps1	13	14	Joshua Taliaferro	c33b95778148439dadd643091cd7d72565036653	https://github.com/AtlassianPS/JiraPS/commit/c33b95778148439dadd643091cd7d72565036653	2015-07-08T14:51:09-05:00	Initial commit
JiraPS/Private/ConvertTo-JiraStatus.ps1	20	21	Joshua Taliaferro	c33b95778148439dadd643091cd7d72565036653	https://github.com/AtlassianPS/JiraPS/commit/c33b95778148439dadd643091cd7d72565036653	2015-07-08T14:51:09-05:00	Initial commit
JiraPS/Private/ConvertTo-JiraStatus.ps1	30	31	Oliver Lipkau	ee91ccf38f3d45ec036b20d1853fc6637f7a6e6b	https://github.com/AtlassianPS/JiraPS/commit/ee91ccf38f3d45ec036b20d1853fc6637f7a6e6b	2017-06-23T09:37:53+02:00	Add method ToString() to objects
JiraPS/Private/ConvertTo-JiraStatus.ps1	33	35	Joshua Taliaferro	c33b95778148439dadd643091cd7d72565036653	https://github.com/AtlassianPS/JiraPS/commit/c33b95778148439dadd643091cd7d72565036653	2015-07-08T14:51:09-05:00	Initial commit
JiraPS/Private/ConvertTo-JiraTransition.ps1	2	2	Joshua Taliaferro	c33b95778148439dadd643091cd7d72565036653	https://github.com/AtlassianPS/JiraPS/commit/c33b95778148439dadd643091cd7d72565036653	2015-07-08T14:51:09-05:00	Initial commit
JiraPS/Private/ConvertTo-JiraTransition.ps1	4	4	Joshua Taliaferro	c33b95778148439dadd643091cd7d72565036653	https://github.com/AtlassianPS/JiraPS/commit/c33b95778148439dadd643091cd7d72565036653	2015-07-08T14:51:09-05:00	Initial commit
JiraPS/Private/ConvertTo-JiraTransition.ps1	8	9	Joshua Taliaferro	c33b95778148439dadd643091cd7d72565036653	https://github.com/AtlassianPS/JiraPS/commit/c33b95778148439dadd643091cd7d72565036653	2015-07-08T14:51:09-05:00	Initial commit
JiraPS/Private/ConvertTo-JiraTransition.ps1	10	11	Oliver Lipkau	6c36cb7d8db2cc8538581a7de4bb3952c5c2119e	https://github.com/AtlassianPS/JiraPS/commit/6c36cb7d8db2cc8538581a7de4bb3952c5c2119e	2017-06-27T06:12:29+02:00	Enhance repo's environment (#147)
JiraPS/Private/ConvertTo-JiraTransition.ps1	13	14	Joshua Taliaferro	c33b95778148439dadd643091cd7d72565036653	https://github.com/AtlassianPS/JiraPS/commit/c33b95778148439dadd643091cd7d72565036653	2015-07-08T14:51:09-05:00	Initial commit
JiraPS/Private/ConvertTo-JiraTransition.ps1	18	19	Joshua Taliaferro	c33b95778148439dadd643091cd7d72565036653	https://github.com/AtlassianPS/JiraPS/commit/c33b95778148439dadd643091cd7d72565036653	2015-07-08T14:51:09-05:00	Initial commit
JiraPS/Private/ConvertTo-JiraTransition.ps1	21	23	Joshua Taliaferro	c33b95778148439dadd643091cd7d72565036653	https://github.com/AtlassianPS/JiraPS/commit/c33b95778148439dadd643091cd7d72565036653	2015-07-08T14:51:09-05:00	Initial commit
JiraPS/Private/ConvertTo-JiraUser.ps1	2	2	Joshua Taliaferro	c33b95778148439dadd643091cd7d72565036653	https://github.com/AtlassianPS/JiraPS/commit/c33b95778148439dadd643091cd7d72565036653	2015-07-08T14:51:09-05:00	Initial commit
JiraPS/Private/ConvertTo-JiraUser.ps1	4	4	Joshua Taliaferro	c33b95778148439dadd643091cd7d72565036653	https://github.com/AtlassianPS/JiraPS/commit/c33b95778148439dadd643091cd7d72565036653	2015-07-08T14:51:09-05:00	Initial commit
JiraPS/Private/ConvertTo-JiraUser.ps1	8	9	Joshua Taliaferro	c33b95778148439dadd643091cd7d72565036653	https://github.com/AtlassianPS/JiraPS/commit/c33b95778148439dadd643091cd7d72565036653	2015-07-08T14:51:09-05:00	Initial commit
JiraPS/Private/ConvertTo-JiraUser.ps1	10	11	Oliver Lipkau	6c36cb7d8db2cc8538581a7de4bb3952c5c2119e	https://github.com/AtlassianPS/JiraPS/commit/6c36cb7d8db2cc8538581a7de4bb3952c5c2119e	2017-06-27T06:12:29+02:00	Enhance repo's environment (#147)
JiraPS/Private/ConvertTo-JiraUser.ps1	13	13	Joshua Taliaferro	c33b95778148439dadd643091cd7d72565036653	https://github.com/AtlassianPS/JiraPS/commit/c33b95778148439dadd643091cd7d72565036653	2015-07-08T14:51:09-05:00	Initial commit
JiraPS/Private/ConvertTo-JiraUser.ps1	27	27	Joshua Taliaferro	c33b95778148439dadd643091cd7d72565036653	https://github.com/AtlassianPS/JiraPS/commit/c33b95778148439dadd643091cd7d72565036653	2015-07-08T14:51:09-05:00	Initial commit
JiraPS/Private/ConvertTo-JiraUser.ps1	28	28	Joshua Taliaferro	d129c5dcd0bf8f771829fa61ba04317625180461	https://github.com/AtlassianPS/JiraPS/commit/d129c5dcd0bf8f771829fa61ba04317625180461	2015-09-17T22:41:44-05:00	Corrected style
JiraPS/Private/ConvertTo-JiraUser.ps1	31	32	Joshua Taliaferro	7c1085719394d3f496edd08c8fa9cf970827683a	https://github.com/AtlassianPS/JiraPS/commit/7c1085719394d3f496edd08c8fa9cf970827683a	2015-08-05T14:47:52-05:00	Modified Get-JiraUser to return user group information.
JiraPS/Private/ConvertTo-JiraUser.ps1	35	36	Joshua Taliaferro	c33b95778148439dadd643091cd7d72565036653	https://github.com/AtlassianPS/JiraPS/commit/c33b95778148439dadd643091cd7d72565036653	2015-07-08T14:51:09-05:00	Initial commit
JiraPS/Private/ConvertTo-JiraUser.ps1	38	40	Joshua Taliaferro	c33b95778148439dadd643091cd7d72565036653	https://github.com/AtlassianPS/JiraPS/commit/c33b95778148439dadd643091cd7d72565036653	2015-07-08T14:51:09-05:00	Initial commit
JiraPS/Private/ConvertTo-JiraVersion.ps1	2	2	Oliver Lipkau	f3f8338aa40b13b1b2ee08313e847602b22fec67	https://github.com/AtlassianPS/JiraPS/commit/f3f8338aa40b13b1b2ee08313e847602b22fec67	2017-08-05T09:45:36+02:00	Release v2.2.0
JiraPS/Private/ConvertTo-JiraVersion.ps1	4	4	Oliver Lipkau	f3f8338aa40b13b1b2ee08313e847602b22fec67	https://github.com/AtlassianPS/JiraPS/commit/f3f8338aa40b13b1b2ee08313e847602b22fec67	2017-08-05T09:45:36+02:00	Release v2.2.0
JiraPS/Private/ConvertTo-JiraVersion.ps1	8	11	Oliver Lipkau	f3f8338aa40b13b1b2ee08313e847602b22fec67	https://github.com/AtlassianPS/JiraPS/commit/f3f8338aa40b13b1b2ee08313e847602b22fec67	2017-08-05T09:45:36+02:00	Release v2.2.0
JiraPS/Private/ConvertTo-JiraVersion.ps1	13	13	Oliver Lipkau	f3f8338aa40b13b1b2ee08313e847602b22fec67	https://github.com/AtlassianPS/JiraPS/commit/f3f8338aa40b13b1b2ee08313e847602b22fec67	2017-08-05T09:45:36+02:00	Release v2.2.0
JiraPS/Private/ConvertTo-JiraVersion.ps1	28	29	Oliver Lipkau	f3f8338aa40b13b1b2ee08313e847602b22fec67	https://github.com/AtlassianPS/JiraPS/commit/f3f8338aa40b13b1b2ee08313e847602b22fec67	2017-08-05T09:45:36+02:00	Release v2.2.0
JiraPS/Private/ConvertTo-JiraVersion.ps1	38	40	Oliver Lipkau	f3f8338aa40b13b1b2ee08313e847602b22fec67	https://github.com/AtlassianPS/JiraPS/commit/f3f8338aa40b13b1b2ee08313e847602b22fec67	2017-08-05T09:45:36+02:00	Release v2.2.0
JiraPS/Private/ConvertTo-JiraWorklogitem.ps1	2	2	Josh Knorr	c5176a6831bc5b2be28388061cff9abd1ee441c1	https://github.com/AtlassianPS/JiraPS/commit/c5176a6831bc5b2be28388061cff9abd1ee441c1	2017-02-23T15:51:16-08:00	Implemented ability to add worklog items to an issue.
JiraPS/Private/ConvertTo-JiraWorklogitem.ps1	4	4	Josh Knorr	c5176a6831bc5b2be28388061cff9abd1ee441c1	https://github.com/AtlassianPS/JiraPS/commit/c5176a6831bc5b2be28388061cff9abd1ee441c1	2017-02-23T15:51:16-08:00	Implemented ability to add worklog items to an issue.
JiraPS/Private/ConvertTo-JiraWorklogitem.ps1	8	9	Josh Knorr	c5176a6831bc5b2be28388061cff9abd1ee441c1	https://github.com/AtlassianPS/JiraPS/commit/c5176a6831bc5b2be28388061cff9abd1ee441c1	2017-02-23T15:51:16-08:00	Implemented ability to add worklog items to an issue.
JiraPS/Private/ConvertTo-JiraWorklogitem.ps1	10	11	Oliver Lipkau	6c36cb7d8db2cc8538581a7de4bb3952c5c2119e	https://github.com/AtlassianPS/JiraPS/commit/6c36cb7d8db2cc8538581a7de4bb3952c5c2119e	2017-06-27T06:12:29+02:00	Enhance repo's environment (#147)
JiraPS/Private/ConvertTo-JiraWorklogitem.ps1	13	14	Josh Knorr	c5176a6831bc5b2be28388061cff9abd1ee441c1	https://github.com/AtlassianPS/JiraPS/commit/c5176a6831bc5b2be28388061cff9abd1ee441c1	2017-02-23T15:51:16-08:00	Implemented ability to add worklog items to an issue.
JiraPS/Private/ConvertTo-JiraWorklogitem.ps1	19	20	Josh Knorr	c5176a6831bc5b2be28388061cff9abd1ee441c1	https://github.com/AtlassianPS/JiraPS/commit/c5176a6831bc5b2be28388061cff9abd1ee441c1	2017-02-23T15:51:16-08:00	Implemented ability to add worklog items to an issue.
JiraPS/Private/ConvertTo-JiraWorklogitem.ps1	21	21	Oliver Lipkau	6c36cb7d8db2cc8538581a7de4bb3952c5c2119e	https://github.com/AtlassianPS/JiraPS/commit/6c36cb7d8db2cc8538581a7de4bb3952c5c2119e	2017-06-27T06:12:29+02:00	Enhance repo's environment (#147)
JiraPS/Private/ConvertTo-JiraWorklogitem.ps1	22	24	Joshua Taliaferro	c33b95778148439dadd643091cd7d72565036653	https://github.com/AtlassianPS/JiraPS/commit/c33b95778148439dadd643091cd7d72565036653	2015-07-08T14:51:09-05:00	Initial commit
JiraPS/Private/ConvertTo-JiraWorklogitem.ps1	25	25	Oliver Lipkau	6c36cb7d8db2cc8538581a7de4bb3952c5c2119e	https://github.com/AtlassianPS/JiraPS/commit/6c36cb7d8db2cc8538581a7de4bb3952c5c2119e	2017-06-27T06:12:29+02:00	Enhance repo's environment (#147)
JiraPS/Private/ConvertTo-JiraWorklogitem.ps1	26	28	Joshua Taliaferro	c33b95778148439dadd643091cd7d72565036653	https://github.com/AtlassianPS/JiraPS/commit/c33b95778148439dadd643091cd7d72565036653	2015-07-08T14:51:09-05:00	Initial commit
JiraPS/Private/ConvertTo-JiraWorklogitem.ps1	29	29	Oliver Lipkau	6c36cb7d8db2cc8538581a7de4bb3952c5c2119e	https://github.com/AtlassianPS/JiraPS/commit/6c36cb7d8db2cc8538581a7de4bb3952c5c2119e	2017-06-27T06:12:29+02:00	Enhance repo's environment (#147)
JiraPS/Private/ConvertTo-JiraWorklogitem.ps1	31	32	Josh Knorr	c5176a6831bc5b2be28388061cff9abd1ee441c1	https://github.com/AtlassianPS/JiraPS/commit/c5176a6831bc5b2be28388061cff9abd1ee441c1	2017-02-23T15:51:16-08:00	Implemented ability to add worklog items to an issue.
JiraPS/Private/ConvertTo-JiraWorklogitem.ps1	33	33	Oliver Lipkau	6c36cb7d8db2cc8538581a7de4bb3952c5c2119e	https://github.com/AtlassianPS/JiraPS/commit/6c36cb7d8db2cc8538581a7de4bb3952c5c2119e	2017-06-27T06:12:29+02:00	Enhance repo's environment (#147)
JiraPS/Private/ConvertTo-JiraWorklogitem.ps1	35	36	Josh Knorr	c5176a6831bc5b2be28388061cff9abd1ee441c1	https://github.com/AtlassianPS/JiraPS/commit/c5176a6831bc5b2be28388061cff9abd1ee441c1	2017-02-23T15:51:16-08:00	Implemented ability to add worklog items to an issue.
JiraPS/Private/ConvertTo-JiraWorklogitem.ps1	37	37	Oliver Lipkau	6c36cb7d8db2cc8538581a7de4bb3952c5c2119e	https://github.com/AtlassianPS/JiraPS/commit/6c36cb7d8db2cc8538581a7de4bb3952c5c2119e	2017-06-27T06:12:29+02:00	Enhance repo's environment (#147)
JiraPS/Private/ConvertTo-JiraWorklogitem.ps1	39	40	Josh Knorr	c5176a6831bc5b2be28388061cff9abd1ee441c1	https://github.com/AtlassianPS/JiraPS/commit/c5176a6831bc5b2be28388061cff9abd1ee441c1	2017-02-23T15:51:16-08:00	Implemented ability to add worklog items to an issue.
JiraPS/Private/ConvertTo-JiraWorklogitem.ps1	41	41	Oliver Lipkau	6c36cb7d8db2cc8538581a7de4bb3952c5c2119e	https://github.com/AtlassianPS/JiraPS/commit/6c36cb7d8db2cc8538581a7de4bb3952c5c2119e	2017-06-27T06:12:29+02:00	Enhance repo's environment (#147)
JiraPS/Private/ConvertTo-JiraWorklogitem.ps1	42	44	Josh Knorr	c5176a6831bc5b2be28388061cff9abd1ee441c1	https://github.com/AtlassianPS/JiraPS/commit/c5176a6831bc5b2be28388061cff9abd1ee441c1	2017-02-23T15:51:16-08:00	Implemented ability to add worklog items to an issue.
JiraPS/Private/ConvertTo-JiraWorklogitem.ps1	45	45	Oliver Lipkau	6c36cb7d8db2cc8538581a7de4bb3952c5c2119e	https://github.com/AtlassianPS/JiraPS/commit/6c36cb7d8db2cc8538581a7de4bb3952c5c2119e	2017-06-27T06:12:29+02:00	Enhance repo's environment (#147)
JiraPS/Private/ConvertTo-JiraWorklogitem.ps1	46	46	Josh Knorr	c5176a6831bc5b2be28388061cff9abd1ee441c1	https://github.com/AtlassianPS/JiraPS/commit/c5176a6831bc5b2be28388061cff9abd1ee441c1	2017-02-23T15:51:16-08:00	Implemented ability to add worklog items to an issue.
JiraPS/Private/ConvertTo-JiraWorklogitem.ps1	47	47	Josh Knorr	434dcef811959f47068602557b27f39ce5dd37ed	https://github.com/AtlassianPS/JiraPS/commit/434dcef811959f47068602557b27f39ce5dd37ed	2017-06-12T14:21:28-07:00	Fixed problem with toString method for ConvertTo-WorklogItem
JiraPS/Private/ConvertTo-JiraWorklogitem.ps1	48	48	Josh Knorr	c5176a6831bc5b2be28388061cff9abd1ee441c1	https://github.com/AtlassianPS/JiraPS/commit/c5176a6831bc5b2be28388061cff9abd1ee441c1	2017-02-23T15:51:16-08:00	Implemented ability to add worklog items to an issue.
JiraPS/Private/ConvertTo-JiraWorklogitem.ps1	50	52	Josh Knorr	c5176a6831bc5b2be28388061cff9abd1ee441c1	https://github.com/AtlassianPS/JiraPS/commit/c5176a6831bc5b2be28388061cff9abd1ee441c1	2017-02-23T15:51:16-08:00	Implemented ability to add worklog items to an issue.
JiraPS/Private/Expand-Result.ps1	3	3	Oliver Lipkau	f3f8338aa40b13b1b2ee08313e847602b22fec67	https://github.com/AtlassianPS/JiraPS/commit/f3f8338aa40b13b1b2ee08313e847602b22fec67	2017-08-05T09:45:36+02:00	Release v2.2.0
JiraPS/Private/Get-JiraCachedResponse.ps1	6	6	Joshua Taliaferro	c33b95778148439dadd643091cd7d72565036653	https://github.com/AtlassianPS/JiraPS/commit/c33b95778148439dadd643091cd7d72565036653	2015-07-08T14:51:09-05:00	Initial commit
JiraPS/Private/Get-JiraCachedResponse.ps1	9	9	Joshua Taliaferro	c33b95778148439dadd643091cd7d72565036653	https://github.com/AtlassianPS/JiraPS/commit/c33b95778148439dadd643091cd7d72565036653	2015-07-08T14:51:09-05:00	Initial commit
JiraPS/Private/Invoke-PaginatedRequest.ps1	7	7	Joshua Taliaferro	c33b95778148439dadd643091cd7d72565036653	https://github.com/AtlassianPS/JiraPS/commit/c33b95778148439dadd643091cd7d72565036653	2015-07-08T14:51:09-05:00	Initial commit
JiraPS/Private/Invoke-PaginatedRequest.ps1	10	10	Joshua Taliaferro	c33b95778148439dadd643091cd7d72565036653	https://github.com/AtlassianPS/JiraPS/commit/c33b95778148439dadd643091cd7d72565036653	2015-07-08T14:51:09-05:00	Initial commit
JiraPS/Private/Invoke-PaginatedRequest.ps1	13	13	Joshua Taliaferro	316d9f567af7313caa065a5f717b3a0fb0256da9	https://github.com/AtlassianPS/JiraPS/commit/316d9f567af7313caa065a5f717b3a0fb0256da9	2015-09-17T22:24:48-05:00	Whitespace and newline cleanup
JiraPS/Private/Invoke-PaginatedRequest.ps1	57	58	Joshua Taliaferro	b730e8164f70ca882027cffdc551f78ebab844cd	https://github.com/AtlassianPS/JiraPS/commit/b730e8164f70ca882027cffdc551f78ebab844cd	2015-08-05T11:40:07-05:00	Created internal function Resolve-JiraError.
JiraPS/Private/Invoke-PaginatedRequest.ps1	59	59	Oliver Lipkau	6c36cb7d8db2cc8538581a7de4bb3952c5c2119e	https://github.com/AtlassianPS/JiraPS/commit/6c36cb7d8db2cc8538581a7de4bb3952c5c2119e	2017-06-27T06:12:29+02:00	Enhance repo's environment (#147)
JiraPS/Private/New-JiraWebRequestSplat.ps1	26	26	Joshua Taliaferro	52121b85cab2e6b85aeda4c602b1bb443351a5f0	https://github.com/AtlassianPS/JiraPS/commit/52121b85cab2e6b85aeda4c602b1bb443351a5f0	2015-09-03T21:48:15-05:00	Created function Set-JiraUser.
JiraPS/Private/New-JiraWebRequestSplat.ps1	31	31	Joshua Taliaferro	52121b85cab2e6b85aeda4c602b1bb443351a5f0	https://github.com/AtlassianPS/JiraPS/commit/52121b85cab2e6b85aeda4c602b1bb443351a5f0	2015-09-03T21:48:15-05:00	Created function Set-JiraUser.
JiraPS/Private/Resolve-ErrorWebResponse.ps1	11	12	Joshua Taliaferro	c33b95778148439dadd643091cd7d72565036653	https://github.com/AtlassianPS/JiraPS/commit/c33b95778148439dadd643091cd7d72565036653	2015-07-08T14:51:09-05:00	Initial commit
JiraPS/Private/Resolve-JiraError.ps1	2	3	Joshua Taliaferro	b730e8164f70ca882027cffdc551f78ebab844cd	https://github.com/AtlassianPS/JiraPS/commit/b730e8164f70ca882027cffdc551f78ebab844cd	2015-08-05T11:40:07-05:00	Created internal function Resolve-JiraError.
JiraPS/Private/Resolve-JiraError.ps1	7	8	Joshua Taliaferro	b730e8164f70ca882027cffdc551f78ebab844cd	https://github.com/AtlassianPS/JiraPS/commit/b730e8164f70ca882027cffdc551f78ebab844cd	2015-08-05T11:40:07-05:00	Created internal function Resolve-JiraError.
JiraPS/Private/Resolve-JiraError.ps1	15	16	Joshua Taliaferro	b730e8164f70ca882027cffdc551f78ebab844cd	https://github.com/AtlassianPS/JiraPS/commit/b730e8164f70ca882027cffdc551f78ebab844cd	2015-08-05T11:40:07-05:00	Created internal function Resolve-JiraError.
JiraPS/Private/Resolve-JiraError.ps1	51	52	Oliver Lipkau	6c36cb7d8db2cc8538581a7de4bb3952c5c2119e	https://github.com/AtlassianPS/JiraPS/commit/6c36cb7d8db2cc8538581a7de4bb3952c5c2119e	2017-06-27T06:12:29+02:00	Enhance repo's environment (#147)
JiraPS/Private/Resolve-JiraError.ps1	69	69	Oliver Lipkau	6c36cb7d8db2cc8538581a7de4bb3952c5c2119e	https://github.com/AtlassianPS/JiraPS/commit/6c36cb7d8db2cc8538581a7de4bb3952c5c2119e	2017-06-27T06:12:29+02:00	Enhance repo's environment (#147)
JiraPS/Private/Resolve-JiraError.ps1	73	73	Joshua Taliaferro	eaa8635c5ceaa942568aab147d54642f3699d01e	https://github.com/AtlassianPS/JiraPS/commit/eaa8635c5ceaa942568aab147d54642f3699d01e	2015-09-17T21:04:53-05:00	Cleaned up error handling code
JiraPS/Private/Resolve-JiraError.ps1	84	85	Joshua Taliaferro	eaa8635c5ceaa942568aab147d54642f3699d01e	https://github.com/AtlassianPS/JiraPS/commit/eaa8635c5ceaa942568aab147d54642f3699d01e	2015-09-17T21:04:53-05:00	Cleaned up error handling code
JiraPS/Private/Resolve-JiraError.ps1	86	86	Oliver Lipkau	6c36cb7d8db2cc8538581a7de4bb3952c5c2119e	https://github.com/AtlassianPS/JiraPS/commit/6c36cb7d8db2cc8538581a7de4bb3952c5c2119e	2017-06-27T06:12:29+02:00	Enhance repo's environment (#147)
JiraPS/Private/Resolve-JiraError.ps1	87	87	Joshua Taliaferro	316d9f567af7313caa065a5f717b3a0fb0256da9	https://github.com/AtlassianPS/JiraPS/commit/316d9f567af7313caa065a5f717b3a0fb0256da9	2015-09-17T22:24:48-05:00	Whitespace and newline cleanup
JiraPS/Private/Resolve-JiraError.ps1	92	92	Joshua Taliaferro	b730e8164f70ca882027cffdc551f78ebab844cd	https://github.com/AtlassianPS/JiraPS/commit/b730e8164f70ca882027cffdc551f78ebab844cd	2015-08-05T11:40:07-05:00	Created internal function Resolve-JiraError.
JiraPS/Private/Resolve-JiraError.ps1	93	93	Oliver Lipkau	6c36cb7d8db2cc8538581a7de4bb3952c5c2119e	https://github.com/AtlassianPS/JiraPS/commit/6c36cb7d8db2cc8538581a7de4bb3952c5c2119e	2017-06-27T06:12:29+02:00	Enhance repo's environment (#147)
JiraPS/Private/Resolve-JiraError.ps1	94	95	Joshua Taliaferro	b730e8164f70ca882027cffdc551f78ebab844cd	https://github.com/AtlassianPS/JiraPS/commit/b730e8164f70ca882027cffdc551f78ebab844cd	2015-08-05T11:40:07-05:00	Created internal function Resolve-JiraError.
JiraPS/Private/Resolve-JiraError.ps1	96	96	Joshua Taliaferro	316d9f567af7313caa065a5f717b3a0fb0256da9	https://github.com/AtlassianPS/JiraPS/commit/316d9f567af7313caa065a5f717b3a0fb0256da9	2015-09-17T22:24:48-05:00	Whitespace and newline cleanup
JiraPS/Private/Resolve-JiraUser.ps1	18	19	Oliver Lipkau	f3f8338aa40b13b1b2ee08313e847602b22fec67	https://github.com/AtlassianPS/JiraPS/commit/f3f8338aa40b13b1b2ee08313e847602b22fec67	2017-08-05T09:45:36+02:00	Release v2.2.0
JiraPS/Private/Resolve-JiraWebResponse.ps1	10	10	Joshua Taliaferro	52121b85cab2e6b85aeda4c602b1bb443351a5f0	https://github.com/AtlassianPS/JiraPS/commit/52121b85cab2e6b85aeda4c602b1bb443351a5f0	2015-09-03T21:48:15-05:00	Created function Set-JiraUser.
JiraPS/Private/Resolve-JiraWebResponse.ps1	15	15	Joshua Taliaferro	52121b85cab2e6b85aeda4c602b1bb443351a5f0	https://github.com/AtlassianPS/JiraPS/commit/52121b85cab2e6b85aeda4c602b1bb443351a5f0	2015-09-03T21:48:15-05:00	Created function Set-JiraUser.
JiraPS/Private/Resolve-JiraWebResponse.ps1	24	24	Joshua Taliaferro	c33b95778148439dadd643091cd7d72565036653	https://github.com/AtlassianPS/JiraPS/commit/c33b95778148439dadd643091cd7d72565036653	2015-07-08T14:51:09-05:00	Initial commit
JiraPS/Private/Resolve-JiraWebResponse.ps1	27	27	Joshua Taliaferro	c33b95778148439dadd643091cd7d72565036653	https://github.com/AtlassianPS/JiraPS/commit/c33b95778148439dadd643091cd7d72565036653	2015-07-08T14:51:09-05:00	Initial commit
JiraPS/Private/Set-JiraCachedResponse.ps1	11	11	Joshua Taliaferro	c33b95778148439dadd643091cd7d72565036653	https://github.com/AtlassianPS/JiraPS/commit/c33b95778148439dadd643091cd7d72565036653	2015-07-08T14:51:09-05:00	Initial commit
JiraPS/Private/Set-JiraCachedResponse.ps1	14	14	Joshua Taliaferro	c33b95778148439dadd643091cd7d72565036653	https://github.com/AtlassianPS/JiraPS/commit/c33b95778148439dadd643091cd7d72565036653	2015-07-08T14:51:09-05:00	Initial commit
JiraPS/Private/Set-TlsLevel.ps1	3	3	Oliver Lipkau	df031a199faa6991bbb742e226b3aadc12c3f51d	https://github.com/AtlassianPS/JiraPS/commit/df031a199faa6991bbb742e226b3aadc12c3f51d	2017-06-20T16:41:48+02:00	Declare SupportsShouldProcess
JiraPS/Private/Test-JiraCloudServer.ps1	8	9	Oliver Lipkau	f3f8338aa40b13b1b2ee08313e847602b22fec67	https://github.com/AtlassianPS/JiraPS/commit/f3f8338aa40b13b1b2ee08313e847602b22fec67	2017-08-05T09:45:36+02:00	Release v2.2.0
JiraPS/Public/Add-JiraFilterPermission.ps1	28	30	Oliver Lipkau	f3f8338aa40b13b1b2ee08313e847602b22fec67	https://github.com/AtlassianPS/JiraPS/commit/f3f8338aa40b13b1b2ee08313e847602b22fec67	2017-08-05T09:45:36+02:00	Release v2.2.0
JiraPS/Public/Add-JiraFilterPermission.ps1	34	36	Oliver Lipkau	f3f8338aa40b13b1b2ee08313e847602b22fec67	https://github.com/AtlassianPS/JiraPS/commit/f3f8338aa40b13b1b2ee08313e847602b22fec67	2017-08-05T09:45:36+02:00	Release v2.2.0
JiraPS/Public/Add-JiraFilterPermission.ps1	74	77	Oliver Lipkau	f3f8338aa40b13b1b2ee08313e847602b22fec67	https://github.com/AtlassianPS/JiraPS/commit/f3f8338aa40b13b1b2ee08313e847602b22fec67	2017-08-05T09:45:36+02:00	Release v2.2.0
JiraPS/Public/Add-JiraFilterPermission.ps1	79	80	Oliver Lipkau	f3f8338aa40b13b1b2ee08313e847602b22fec67	https://github.com/AtlassianPS/JiraPS/commit/f3f8338aa40b13b1b2ee08313e847602b22fec67	2017-08-05T09:45:36+02:00	Release v2.2.0
JiraPS/Public/Add-JiraGroupMember.ps1	4	4	Joshua Taliaferro	95ebe41348e10f941f1c8f9cc4e82ed8d3192d8b	https://github.com/AtlassianPS/JiraPS/commit/95ebe41348e10f941f1c8f9cc4e82ed8d3192d8b	2016-08-20T22:14:29-05:00	Refactored into Public and Internal directories.
JiraPS/Public/Add-JiraGroupMember.ps1	8	8	Joshua Taliaferro	95ebe41348e10f941f1c8f9cc4e82ed8d3192d8b	https://github.com/AtlassianPS/JiraPS/commit/95ebe41348e10f941f1c8f9cc4e82ed8d3192d8b	2016-08-20T22:14:29-05:00	Refactored into Public and Internal directories.
JiraPS/Public/Add-JiraGroupMember.ps1	11	11	Joshua Taliaferro	95ebe41348e10f941f1c8f9cc4e82ed8d3192d8b	https://github.com/AtlassianPS/JiraPS/commit/95ebe41348e10f941f1c8f9cc4e82ed8d3192d8b	2016-08-20T22:14:29-05:00	Refactored into Public and Internal directories.
JiraPS/Public/Add-JiraGroupMember.ps1	17	17	Joshua Taliaferro	95ebe41348e10f941f1c8f9cc4e82ed8d3192d8b	https://github.com/AtlassianPS/JiraPS/commit/95ebe41348e10f941f1c8f9cc4e82ed8d3192d8b	2016-08-20T22:14:29-05:00	Refactored into Public and Internal directories.
JiraPS/Public/Add-JiraGroupMember.ps1	22	22	Joshua Taliaferro	95ebe41348e10f941f1c8f9cc4e82ed8d3192d8b	https://github.com/AtlassianPS/JiraPS/commit/95ebe41348e10f941f1c8f9cc4e82ed8d3192d8b	2016-08-20T22:14:29-05:00	Refactored into Public and Internal directories.
JiraPS/Public/Add-JiraGroupMember.ps1	25	26	Joshua Taliaferro	95ebe41348e10f941f1c8f9cc4e82ed8d3192d8b	https://github.com/AtlassianPS/JiraPS/commit/95ebe41348e10f941f1c8f9cc4e82ed8d3192d8b	2016-08-20T22:14:29-05:00	Refactored into Public and Internal directories.
JiraPS/Public/Add-JiraGroupMember.ps1	27	27	Oliver Lipkau	6c36cb7d8db2cc8538581a7de4bb3952c5c2119e	https://github.com/AtlassianPS/JiraPS/commit/6c36cb7d8db2cc8538581a7de4bb3952c5c2119e	2017-06-27T06:12:29+02:00	Enhance repo's environment (#147)
JiraPS/Public/Add-JiraGroupMember.ps1	33	34	Joshua Taliaferro	95ebe41348e10f941f1c8f9cc4e82ed8d3192d8b	https://github.com/AtlassianPS/JiraPS/commit/95ebe41348e10f941f1c8f9cc4e82ed8d3192d8b	2016-08-20T22:14:29-05:00	Refactored into Public and Internal directories.
JiraPS/Public/Add-JiraGroupMember.ps1	35	35	Oliver Lipkau	6c36cb7d8db2cc8538581a7de4bb3952c5c2119e	https://github.com/AtlassianPS/JiraPS/commit/6c36cb7d8db2cc8538581a7de4bb3952c5c2119e	2017-06-27T06:12:29+02:00	Enhance repo's environment (#147)
JiraPS/Public/Add-JiraGroupMember.ps1	42	42	Joshua Taliaferro	95ebe41348e10f941f1c8f9cc4e82ed8d3192d8b	https://github.com/AtlassianPS/JiraPS/commit/95ebe41348e10f941f1c8f9cc4e82ed8d3192d8b	2016-08-20T22:14:29-05:00	Refactored into Public and Internal directories.
JiraPS/Public/Add-JiraGroupMember.ps1	58	58	Joshua Taliaferro	95ebe41348e10f941f1c8f9cc4e82ed8d3192d8b	https://github.com/AtlassianPS/JiraPS/commit/95ebe41348e10f941f1c8f9cc4e82ed8d3192d8b	2016-08-20T22:14:29-05:00	Refactored into Public and Internal directories.
JiraPS/Public/Add-JiraGroupMember.ps1	78	78	Oliver Lipkau	6746cb332968d0f1e5376694e825fc915fc4b7b6	https://github.com/AtlassianPS/JiraPS/commit/6746cb332968d0f1e5376694e825fc915fc4b7b6	2017-05-22T16:45:55+02:00	[fix] updated cmdlet's help
JiraPS/Public/Add-JiraGroupMember.ps1	82	83	Joshua Taliaferro	95ebe41348e10f941f1c8f9cc4e82ed8d3192d8b	https://github.com/AtlassianPS/JiraPS/commit/95ebe41348e10f941f1c8f9cc4e82ed8d3192d8b	2016-08-20T22:14:29-05:00	Refactored into Public and Internal directories.
JiraPS/Public/Add-JiraGroupMember.ps1	91	91	Joshua Taliaferro	95ebe41348e10f941f1c8f9cc4e82ed8d3192d8b	https://github.com/AtlassianPS/JiraPS/commit/95ebe41348e10f941f1c8f9cc4e82ed8d3192d8b	2016-08-20T22:14:29-05:00	Refactored into Public and Internal directories.
JiraPS/Public/Add-JiraGroupMember.ps1	92	92	Oliver Lipkau	6746cb332968d0f1e5376694e825fc915fc4b7b6	https://github.com/AtlassianPS/JiraPS/commit/6746cb332968d0f1e5376694e825fc915fc4b7b6	2017-05-22T16:45:55+02:00	[fix] updated cmdlet's help
JiraPS/Public/Add-JiraGroupMember.ps1	96	99	Joshua Taliaferro	95ebe41348e10f941f1c8f9cc4e82ed8d3192d8b	https://github.com/AtlassianPS/JiraPS/commit/95ebe41348e10f941f1c8f9cc4e82ed8d3192d8b	2016-08-20T22:14:29-05:00	Refactored into Public and Internal directories.
JiraPS/Public/Add-JiraGroupMember.ps1	100	100	Oliver Lipkau	6c36cb7d8db2cc8538581a7de4bb3952c5c2119e	https://github.com/AtlassianPS/JiraPS/commit/6c36cb7d8db2cc8538581a7de4bb3952c5c2119e	2017-06-27T06:12:29+02:00	Enhance repo's environment (#147)
JiraPS/Public/Add-JiraGroupMember.ps1	102	103	Joshua Taliaferro	95ebe41348e10f941f1c8f9cc4e82ed8d3192d8b	https://github.com/AtlassianPS/JiraPS/commit/95ebe41348e10f941f1c8f9cc4e82ed8d3192d8b	2016-08-20T22:14:29-05:00	Refactored into Public and Internal directories.
JiraPS/Public/Add-JiraIssueAttachment.ps1	4	4	Joe Beaudry	0112ea6225447c4fd60fa518661792a6da5f9590	https://github.com/AtlassianPS/JiraPS/commit/0112ea6225447c4fd60fa518661792a6da5f9590	2017-06-20T11:41:42-04:00	Renamed Add Function, build Remove function
JiraPS/Public/Add-JiraIssueAttachment.ps1	11	11	Joe Beaudry	0112ea6225447c4fd60fa518661792a6da5f9590	https://github.com/AtlassianPS/JiraPS/commit/0112ea6225447c4fd60fa518661792a6da5f9590	2017-06-20T11:41:42-04:00	Renamed Add Function, build Remove function
JiraPS/Public/Add-JiraIssueAttachment.ps1	32	32	Joe Beaudry	0112ea6225447c4fd60fa518661792a6da5f9590	https://github.com/AtlassianPS/JiraPS/commit/0112ea6225447c4fd60fa518661792a6da5f9590	2017-06-20T11:41:42-04:00	Renamed Add Function, build Remove function
JiraPS/Public/Add-JiraIssueAttachment.ps1	37	37	Joe Beaudry	0112ea6225447c4fd60fa518661792a6da5f9590	https://github.com/AtlassianPS/JiraPS/commit/0112ea6225447c4fd60fa518661792a6da5f9590	2017-06-20T11:41:42-04:00	Renamed Add Function, build Remove function
JiraPS/Public/Add-JiraIssueAttachment.ps1	40	41	Joe Beaudry	0112ea6225447c4fd60fa518661792a6da5f9590	https://github.com/AtlassianPS/JiraPS/commit/0112ea6225447c4fd60fa518661792a6da5f9590	2017-06-20T11:41:42-04:00	Renamed Add Function, build Remove function
JiraPS/Public/Add-JiraIssueAttachment.ps1	46	47	Joe Beaudry	0112ea6225447c4fd60fa518661792a6da5f9590	https://github.com/AtlassianPS/JiraPS/commit/0112ea6225447c4fd60fa518661792a6da5f9590	2017-06-20T11:41:42-04:00	Renamed Add Function, build Remove function
JiraPS/Public/Add-JiraIssueAttachment.ps1	78	79	Joe Beaudry	0112ea6225447c4fd60fa518661792a6da5f9590	https://github.com/AtlassianPS/JiraPS/commit/0112ea6225447c4fd60fa518661792a6da5f9590	2017-06-20T11:41:42-04:00	Renamed Add Function, build Remove function
JiraPS/Public/Add-JiraIssueAttachment.ps1	83	83	Joe Beaudry	0112ea6225447c4fd60fa518661792a6da5f9590	https://github.com/AtlassianPS/JiraPS/commit/0112ea6225447c4fd60fa518661792a6da5f9590	2017-06-20T11:41:42-04:00	Renamed Add Function, build Remove function
JiraPS/Public/Add-JiraIssueComment.ps1	4	4	Joshua Taliaferro	c33b95778148439dadd643091cd7d72565036653	https://github.com/AtlassianPS/JiraPS/commit/c33b95778148439dadd643091cd7d72565036653	2015-07-08T14:51:09-05:00	Initial commit
JiraPS/Public/Add-JiraIssueComment.ps1	9	9	Joshua Taliaferro	c33b95778148439dadd643091cd7d72565036653	https://github.com/AtlassianPS/JiraPS/commit/c33b95778148439dadd643091cd7d72565036653	2015-07-08T14:51:09-05:00	Initial commit
JiraPS/Public/Add-JiraIssueComment.ps1	13	13	Joshua Taliaferro	c33b95778148439dadd643091cd7d72565036653	https://github.com/AtlassianPS/JiraPS/commit/c33b95778148439dadd643091cd7d72565036653	2015-07-08T14:51:09-05:00	Initial commit
JiraPS/Public/Add-JiraIssueComment.ps1	16	16	Joshua Taliaferro	c33b95778148439dadd643091cd7d72565036653	https://github.com/AtlassianPS/JiraPS/commit/c33b95778148439dadd643091cd7d72565036653	2015-07-08T14:51:09-05:00	Initial commit
JiraPS/Public/Add-JiraIssueComment.ps1	17	17	Oliver Lipkau	b1270b78814d0ebc6b04c3b56168dc451ef4829c	https://github.com/AtlassianPS/JiraPS/commit/b1270b78814d0ebc6b04c3b56168dc451ef4829c	2017-05-22T17:21:18+02:00	[fix] updated the code formatting I screwed up in my last commit
JiraPS/Public/Add-JiraIssueComment.ps1	20	20	Joshua Taliaferro	c33b95778148439dadd643091cd7d72565036653	https://github.com/AtlassianPS/JiraPS/commit/c33b95778148439dadd643091cd7d72565036653	2015-07-08T14:51:09-05:00	Initial commit
JiraPS/Public/Add-JiraIssueComment.ps1	25	26	Joshua Taliaferro	c33b95778148439dadd643091cd7d72565036653	https://github.com/AtlassianPS/JiraPS/commit/c33b95778148439dadd643091cd7d72565036653	2015-07-08T14:51:09-05:00	Initial commit
JiraPS/Public/Add-JiraIssueComment.ps1	27	27	Oliver Lipkau	6c36cb7d8db2cc8538581a7de4bb3952c5c2119e	https://github.com/AtlassianPS/JiraPS/commit/6c36cb7d8db2cc8538581a7de4bb3952c5c2119e	2017-06-27T06:12:29+02:00	Enhance repo's environment (#147)
JiraPS/Public/Add-JiraIssueComment.ps1	31	32	Joshua Taliaferro	c33b95778148439dadd643091cd7d72565036653	https://github.com/AtlassianPS/JiraPS/commit/c33b95778148439dadd643091cd7d72565036653	2015-07-08T14:51:09-05:00	Initial commit
JiraPS/Public/Add-JiraIssueComment.ps1	33	33	Oliver Lipkau	6c36cb7d8db2cc8538581a7de4bb3952c5c2119e	https://github.com/AtlassianPS/JiraPS/commit/6c36cb7d8db2cc8538581a7de4bb3952c5c2119e	2017-06-27T06:12:29+02:00	Enhance repo's environment (#147)
JiraPS/Public/Add-JiraIssueComment.ps1	36	36	Oliver Lipkau	6c36cb7d8db2cc8538581a7de4bb3952c5c2119e	https://github.com/AtlassianPS/JiraPS/commit/6c36cb7d8db2cc8538581a7de4bb3952c5c2119e	2017-06-27T06:12:29+02:00	Enhance repo's environment (#147)
JiraPS/Public/Add-JiraIssueComment.ps1	39	39	Joshua Taliaferro	c33b95778148439dadd643091cd7d72565036653	https://github.com/AtlassianPS/JiraPS/commit/c33b95778148439dadd643091cd7d72565036653	2015-07-08T14:51:09-05:00	Initial commit
JiraPS/Public/Add-JiraIssueComment.ps1	44	45	Joshua Taliaferro	c33b95778148439dadd643091cd7d72565036653	https://github.com/AtlassianPS/JiraPS/commit/c33b95778148439dadd643091cd7d72565036653	2015-07-08T14:51:09-05:00	Initial commit
JiraPS/Public/Add-JiraIssueComment.ps1	46	47	Joshua Taliaferro	316d9f567af7313caa065a5f717b3a0fb0256da9	https://github.com/AtlassianPS/JiraPS/commit/316d9f567af7313caa065a5f717b3a0fb0256da9	2015-09-17T22:24:48-05:00	Whitespace and newline cleanup
JiraPS/Public/Add-JiraIssueComment.ps1	48	48	Joshua Taliaferro	c33b95778148439dadd643091cd7d72565036653	https://github.com/AtlassianPS/JiraPS/commit/c33b95778148439dadd643091cd7d72565036653	2015-07-08T14:51:09-05:00	Initial commit
JiraPS/Public/Add-JiraIssueComment.ps1	49	49	Oliver Lipkau	6c36cb7d8db2cc8538581a7de4bb3952c5c2119e	https://github.com/AtlassianPS/JiraPS/commit/6c36cb7d8db2cc8538581a7de4bb3952c5c2119e	2017-06-27T06:12:29+02:00	Enhance repo's environment (#147)
JiraPS/Public/Add-JiraIssueComment.ps1	53	55	Joshua Taliaferro	c33b95778148439dadd643091cd7d72565036653	https://github.com/AtlassianPS/JiraPS/commit/c33b95778148439dadd643091cd7d72565036653	2015-07-08T14:51:09-05:00	Initial commit
JiraPS/Public/Add-JiraIssueComment.ps1	67	67	Joshua Taliaferro	c33b95778148439dadd643091cd7d72565036653	https://github.com/AtlassianPS/JiraPS/commit/c33b95778148439dadd643091cd7d72565036653	2015-07-08T14:51:09-05:00	Initial commit
JiraPS/Public/Add-JiraIssueComment.ps1	70	71	Joshua Taliaferro	c33b95778148439dadd643091cd7d72565036653	https://github.com/AtlassianPS/JiraPS/commit/c33b95778148439dadd643091cd7d72565036653	2015-07-08T14:51:09-05:00	Initial commit
JiraPS/Public/Add-JiraIssueComment.ps1	72	72	Oliver Lipkau	6c36cb7d8db2cc8538581a7de4bb3952c5c2119e	https://github.com/AtlassianPS/JiraPS/commit/6c36cb7d8db2cc8538581a7de4bb3952c5c2119e	2017-06-27T06:12:29+02:00	Enhance repo's environment (#147)
JiraPS/Public/Add-JiraIssueComment.ps1	74	74	Joshua Taliaferro	c33b95778148439dadd643091cd7d72565036653	https://github.com/AtlassianPS/JiraPS/commit/c33b95778148439dadd643091cd7d72565036653	2015-07-08T14:51:09-05:00	Initial commit
JiraPS/Public/Add-JiraIssueComment.ps1	75	75	Joshua Taliaferro	316d9f567af7313caa065a5f717b3a0fb0256da9	https://github.com/AtlassianPS/JiraPS/commit/316d9f567af7313caa065a5f717b3a0fb0256da9	2015-09-17T22:24:48-05:00	Whitespace and newline cleanup
JiraPS/Public/Add-JiraIssueLink.ps1	4	4	Oliver Lipkau	bbb4377b69aa6a726bd9c122fe28e2a0278ff68a	https://github.com/AtlassianPS/JiraPS/commit/bbb4377b69aa6a726bd9c122fe28e2a0278ff68a	2017-06-25T16:41:50+02:00	Rename module in PRs since last major release
JiraPS/Public/Add-JiraIssueLink.ps1	10	10	Oliver Lipkau	bbb4377b69aa6a726bd9c122fe28e2a0278ff68a	https://github.com/AtlassianPS/JiraPS/commit/bbb4377b69aa6a726bd9c122fe28e2a0278ff68a	2017-06-25T16:41:50+02:00	Rename module in PRs since last major release
JiraPS/Public/Add-JiraIssueLink.ps1	13	13	Oliver Lipkau	bbb4377b69aa6a726bd9c122fe28e2a0278ff68a	https://github.com/AtlassianPS/JiraPS/commit/bbb4377b69aa6a726bd9c122fe28e2a0278ff68a	2017-06-25T16:41:50+02:00	Rename module in PRs since last major release
JiraPS/Public/Add-JiraIssueLink.ps1	18	20	Oliver Lipkau	bbb4377b69aa6a726bd9c122fe28e2a0278ff68a	https://github.com/AtlassianPS/JiraPS/commit/bbb4377b69aa6a726bd9c122fe28e2a0278ff68a	2017-06-25T16:41:50+02:00	Rename module in PRs since last major release
JiraPS/Public/Add-JiraIssueLink.ps1	24	26	Oliver Lipkau	bbb4377b69aa6a726bd9c122fe28e2a0278ff68a	https://github.com/AtlassianPS/JiraPS/commit/bbb4377b69aa6a726bd9c122fe28e2a0278ff68a	2017-06-25T16:41:50+02:00	Rename module in PRs since last major release
JiraPS/Public/Add-JiraIssueLink.ps1	74	74	Oliver Lipkau	bbb4377b69aa6a726bd9c122fe28e2a0278ff68a	https://github.com/AtlassianPS/JiraPS/commit/bbb4377b69aa6a726bd9c122fe28e2a0278ff68a	2017-06-25T16:41:50+02:00	Rename module in PRs since last major release
JiraPS/Public/Add-JiraIssueLink.ps1	78	78	Oliver Lipkau	bbb4377b69aa6a726bd9c122fe28e2a0278ff68a	https://github.com/AtlassianPS/JiraPS/commit/bbb4377b69aa6a726bd9c122fe28e2a0278ff68a	2017-06-25T16:41:50+02:00	Rename module in PRs since last major release
JiraPS/Public/Add-JiraIssueLink.ps1	92	92	Oliver Lipkau	bbb4377b69aa6a726bd9c122fe28e2a0278ff68a	https://github.com/AtlassianPS/JiraPS/commit/bbb4377b69aa6a726bd9c122fe28e2a0278ff68a	2017-06-25T16:41:50+02:00	Rename module in PRs since last major release
JiraPS/Public/Add-JiraIssueLink.ps1	108	112	Oliver Lipkau	bbb4377b69aa6a726bd9c122fe28e2a0278ff68a	https://github.com/AtlassianPS/JiraPS/commit/bbb4377b69aa6a726bd9c122fe28e2a0278ff68a	2017-06-25T16:41:50+02:00	Rename module in PRs since last major release
JiraPS/Public/Add-JiraIssueLink.ps1	114	115	Oliver Lipkau	bbb4377b69aa6a726bd9c122fe28e2a0278ff68a	https://github.com/AtlassianPS/JiraPS/commit/bbb4377b69aa6a726bd9c122fe28e2a0278ff68a	2017-06-25T16:41:50+02:00	Rename module in PRs since last major release
JiraPS/Public/Add-JiraIssueWatcher.ps1	4	4	Eugene Bekker	ba55220e71bc7f14a3eeee9c730b5aed6aee60e9	https://github.com/AtlassianPS/JiraPS/commit/ba55220e71bc7f14a3eeee9c730b5aed6aee60e9	2017-01-24T15:59:24-05:00	Adds support for listing and managing issue watchers
JiraPS/Public/Add-JiraIssueWatcher.ps1	12	12	Eugene Bekker	ba55220e71bc7f14a3eeee9c730b5aed6aee60e9	https://github.com/AtlassianPS/JiraPS/commit/ba55220e71bc7f14a3eeee9c730b5aed6aee60e9	2017-01-24T15:59:24-05:00	Adds support for listing and managing issue watchers
JiraPS/Public/Add-JiraIssueWatcher.ps1	16	16	Eugene Bekker	ba55220e71bc7f14a3eeee9c730b5aed6aee60e9	https://github.com/AtlassianPS/JiraPS/commit/ba55220e71bc7f14a3eeee9c730b5aed6aee60e9	2017-01-24T15:59:24-05:00	Adds support for listing and managing issue watchers
JiraPS/Public/Add-JiraIssueWatcher.ps1	19	19	Eugene Bekker	ba55220e71bc7f14a3eeee9c730b5aed6aee60e9	https://github.com/AtlassianPS/JiraPS/commit/ba55220e71bc7f14a3eeee9c730b5aed6aee60e9	2017-01-24T15:59:24-05:00	Adds support for listing and managing issue watchers
JiraPS/Public/Add-JiraIssueWatcher.ps1	24	25	Eugene Bekker	ba55220e71bc7f14a3eeee9c730b5aed6aee60e9	https://github.com/AtlassianPS/JiraPS/commit/ba55220e71bc7f14a3eeee9c730b5aed6aee60e9	2017-01-24T15:59:24-05:00	Adds support for listing and managing issue watchers
JiraPS/Public/Add-JiraIssueWatcher.ps1	26	26	Oliver Lipkau	6c36cb7d8db2cc8538581a7de4bb3952c5c2119e	https://github.com/AtlassianPS/JiraPS/commit/6c36cb7d8db2cc8538581a7de4bb3952c5c2119e	2017-06-27T06:12:29+02:00	Enhance repo's environment (#147)
JiraPS/Public/Add-JiraIssueWatcher.ps1	32	33	Eugene Bekker	ba55220e71bc7f14a3eeee9c730b5aed6aee60e9	https://github.com/AtlassianPS/JiraPS/commit/ba55220e71bc7f14a3eeee9c730b5aed6aee60e9	2017-01-24T15:59:24-05:00	Adds support for listing and managing issue watchers
JiraPS/Public/Add-JiraIssueWatcher.ps1	34	34	Oliver Lipkau	6c36cb7d8db2cc8538581a7de4bb3952c5c2119e	https://github.com/AtlassianPS/JiraPS/commit/6c36cb7d8db2cc8538581a7de4bb3952c5c2119e	2017-06-27T06:12:29+02:00	Enhance repo's environment (#147)
JiraPS/Public/Add-JiraIssueWatcher.ps1	40	40	Eugene Bekker	ba55220e71bc7f14a3eeee9c730b5aed6aee60e9	https://github.com/AtlassianPS/JiraPS/commit/ba55220e71bc7f14a3eeee9c730b5aed6aee60e9	2017-01-24T15:59:24-05:00	Adds support for listing and managing issue watchers
JiraPS/Public/Add-JiraIssueWatcher.ps1	61	63	Eugene Bekker	ba55220e71bc7f14a3eeee9c730b5aed6aee60e9	https://github.com/AtlassianPS/JiraPS/commit/ba55220e71bc7f14a3eeee9c730b5aed6aee60e9	2017-01-24T15:59:24-05:00	Adds support for listing and managing issue watchers
JiraPS/Public/Add-JiraIssueWatcher.ps1	64	64	Oliver Lipkau	6c36cb7d8db2cc8538581a7de4bb3952c5c2119e	https://github.com/AtlassianPS/JiraPS/commit/6c36cb7d8db2cc8538581a7de4bb3952c5c2119e	2017-06-27T06:12:29+02:00	Enhance repo's environment (#147)
JiraPS/Public/Add-JiraIssueWatcher.ps1	66	67	Eugene Bekker	ba55220e71bc7f14a3eeee9c730b5aed6aee60e9	https://github.com/AtlassianPS/JiraPS/commit/ba55220e71bc7f14a3eeee9c730b5aed6aee60e9	2017-01-24T15:59:24-05:00	Adds support for listing and managing issue watchers
JiraPS/Public/Add-JiraIssueWorklog.ps1	4	4	Josh Knorr	c5176a6831bc5b2be28388061cff9abd1ee441c1	https://github.com/AtlassianPS/JiraPS/commit/c5176a6831bc5b2be28388061cff9abd1ee441c1	2017-02-23T15:51:16-08:00	Implemented ability to add worklog items to an issue.
JiraPS/Public/Add-JiraIssueWorklog.ps1	9	9	Josh Knorr	c5176a6831bc5b2be28388061cff9abd1ee441c1	https://github.com/AtlassianPS/JiraPS/commit/c5176a6831bc5b2be28388061cff9abd1ee441c1	2017-02-23T15:51:16-08:00	Implemented ability to add worklog items to an issue.
JiraPS/Public/Add-JiraIssueWorklog.ps1	13	13	Josh Knorr	c5176a6831bc5b2be28388061cff9abd1ee441c1	https://github.com/AtlassianPS/JiraPS/commit/c5176a6831bc5b2be28388061cff9abd1ee441c1	2017-02-23T15:51:16-08:00	Implemented ability to add worklog items to an issue.
JiraPS/Public/Add-JiraIssueWorklog.ps1	16	16	Josh Knorr	c5176a6831bc5b2be28388061cff9abd1ee441c1	https://github.com/AtlassianPS/JiraPS/commit/c5176a6831bc5b2be28388061cff9abd1ee441c1	2017-02-23T15:51:16-08:00	Implemented ability to add worklog items to an issue.
JiraPS/Public/Add-JiraIssueWorklog.ps1	20	20	Josh Knorr	c5176a6831bc5b2be28388061cff9abd1ee441c1	https://github.com/AtlassianPS/JiraPS/commit/c5176a6831bc5b2be28388061cff9abd1ee441c1	2017-02-23T15:51:16-08:00	Implemented ability to add worklog items to an issue.
JiraPS/Public/Add-JiraIssueWorklog.ps1	24	24	Josh Knorr	c5176a6831bc5b2be28388061cff9abd1ee441c1	https://github.com/AtlassianPS/JiraPS/commit/c5176a6831bc5b2be28388061cff9abd1ee441c1	2017-02-23T15:51:16-08:00	Implemented ability to add worklog items to an issue.
JiraPS/Public/Add-JiraIssueWorklog.ps1	25	25	Oliver Lipkau	b1270b78814d0ebc6b04c3b56168dc451ef4829c	https://github.com/AtlassianPS/JiraPS/commit/b1270b78814d0ebc6b04c3b56168dc451ef4829c	2017-05-22T17:21:18+02:00	[fix] updated the code formatting I screwed up in my last commit
JiraPS/Public/Add-JiraIssueWorklog.ps1	28	28	Josh Knorr	c5176a6831bc5b2be28388061cff9abd1ee441c1	https://github.com/AtlassianPS/JiraPS/commit/c5176a6831bc5b2be28388061cff9abd1ee441c1	2017-02-23T15:51:16-08:00	Implemented ability to add worklog items to an issue.
JiraPS/Public/Add-JiraIssueWorklog.ps1	33	34	Josh Knorr	c5176a6831bc5b2be28388061cff9abd1ee441c1	https://github.com/AtlassianPS/JiraPS/commit/c5176a6831bc5b2be28388061cff9abd1ee441c1	2017-02-23T15:51:16-08:00	Implemented ability to add worklog items to an issue.
JiraPS/Public/Add-JiraIssueWorklog.ps1	35	35	Oliver Lipkau	6c36cb7d8db2cc8538581a7de4bb3952c5c2119e	https://github.com/AtlassianPS/JiraPS/commit/6c36cb7d8db2cc8538581a7de4bb3952c5c2119e	2017-06-27T06:12:29+02:00	Enhance repo's environment (#147)
JiraPS/Public/Add-JiraIssueWorklog.ps1	39	40	Josh Knorr	c5176a6831bc5b2be28388061cff9abd1ee441c1	https://github.com/AtlassianPS/JiraPS/commit/c5176a6831bc5b2be28388061cff9abd1ee441c1	2017-02-23T15:51:16-08:00	Implemented ability to add worklog items to an issue.
JiraPS/Public/Add-JiraIssueWorklog.ps1	41	41	Oliver Lipkau	6c36cb7d8db2cc8538581a7de4bb3952c5c2119e	https://github.com/AtlassianPS/JiraPS/commit/6c36cb7d8db2cc8538581a7de4bb3952c5c2119e	2017-06-27T06:12:29+02:00	Enhance repo's environment (#147)
JiraPS/Public/Add-JiraIssueWorklog.ps1	47	47	Josh Knorr	c5176a6831bc5b2be28388061cff9abd1ee441c1	https://github.com/AtlassianPS/JiraPS/commit/c5176a6831bc5b2be28388061cff9abd1ee441c1	2017-02-23T15:51:16-08:00	Implemented ability to add worklog items to an issue.
JiraPS/Public/Add-JiraIssueWorklog.ps1	48	48	Oliver Lipkau	6c36cb7d8db2cc8538581a7de4bb3952c5c2119e	https://github.com/AtlassianPS/JiraPS/commit/6c36cb7d8db2cc8538581a7de4bb3952c5c2119e	2017-06-27T06:12:29+02:00	Enhance repo's environment (#147)
JiraPS/Public/Add-JiraIssueWorklog.ps1	55	56	Josh Knorr	d7bb543e5b5d8bfbdb41190e4287d7edcbb06ba2	https://github.com/AtlassianPS/JiraPS/commit/d7bb543e5b5d8bfbdb41190e4287d7edcbb06ba2	2017-06-12T13:46:36-07:00	Many suggestions from @lipkau.
JiraPS/Public/Add-JiraIssueWorklog.ps1	71	72	Josh Knorr	c5176a6831bc5b2be28388061cff9abd1ee441c1	https://github.com/AtlassianPS/JiraPS/commit/c5176a6831bc5b2be28388061cff9abd1ee441c1	2017-02-23T15:51:16-08:00	Implemented ability to add worklog items to an issue.
JiraPS/Public/Add-JiraIssueWorklog.ps1	73	74	Joshua Taliaferro	316d9f567af7313caa065a5f717b3a0fb0256da9	https://github.com/AtlassianPS/JiraPS/commit/316d9f567af7313caa065a5f717b3a0fb0256da9	2015-09-17T22:24:48-05:00	Whitespace and newline cleanup
JiraPS/Public/Add-JiraIssueWorklog.ps1	75	75	Joshua Taliaferro	c33b95778148439dadd643091cd7d72565036653	https://github.com/AtlassianPS/JiraPS/commit/c33b95778148439dadd643091cd7d72565036653	2015-07-08T14:51:09-05:00	Initial commit
JiraPS/Public/Add-JiraIssueWorklog.ps1	76	76	Oliver Lipkau	6c36cb7d8db2cc8538581a7de4bb3952c5c2119e	https://github.com/AtlassianPS/JiraPS/commit/6c36cb7d8db2cc8538581a7de4bb3952c5c2119e	2017-06-27T06:12:29+02:00	Enhance repo's environment (#147)
JiraPS/Public/Add-JiraIssueWorklog.ps1	80	82	Josh Knorr	c5176a6831bc5b2be28388061cff9abd1ee441c1	https://github.com/AtlassianPS/JiraPS/commit/c5176a6831bc5b2be28388061cff9abd1ee441c1	2017-02-23T15:51:16-08:00	Implemented ability to add worklog items to an issue.
JiraPS/Public/Add-JiraIssueWorklog.ps1	94	94	Josh Knorr	c5176a6831bc5b2be28388061cff9abd1ee441c1	https://github.com/AtlassianPS/JiraPS/commit/c5176a6831bc5b2be28388061cff9abd1ee441c1	2017-02-23T15:51:16-08:00	Implemented ability to add worklog items to an issue.
JiraPS/Public/Add-JiraIssueWorklog.ps1	97	98	Josh Knorr	c5176a6831bc5b2be28388061cff9abd1ee441c1	https://github.com/AtlassianPS/JiraPS/commit/c5176a6831bc5b2be28388061cff9abd1ee441c1	2017-02-23T15:51:16-08:00	Implemented ability to add worklog items to an issue.
JiraPS/Public/Add-JiraIssueWorklog.ps1	99	99	Oliver Lipkau	6c36cb7d8db2cc8538581a7de4bb3952c5c2119e	https://github.com/AtlassianPS/JiraPS/commit/6c36cb7d8db2cc8538581a7de4bb3952c5c2119e	2017-06-27T06:12:29+02:00	Enhance repo's environment (#147)
JiraPS/Public/Add-JiraIssueWorklog.ps1	101	102	Josh Knorr	c5176a6831bc5b2be28388061cff9abd1ee441c1	https://github.com/AtlassianPS/JiraPS/commit/c5176a6831bc5b2be28388061cff9abd1ee441c1	2017-02-23T15:51:16-08:00	Implemented ability to add worklog items to an issue.
JiraPS/Public/Clear-JiraCache.ps1	3	4	Oliver Lipkau	a75f6e3fca292f6c1e2e7decb81b3e15aeba70f8	https://github.com/AtlassianPS/JiraPS/commit/a75f6e3fca292f6c1e2e7decb81b3e15aeba70f8	2017-09-27T13:01:47+02:00	Add Get-JiraServerInformation #187
JiraPS/Public/Clear-JiraCache.ps1	8	10	Oliver Lipkau	f3f8338aa40b13b1b2ee08313e847602b22fec67	https://github.com/AtlassianPS/JiraPS/commit/f3f8338aa40b13b1b2ee08313e847602b22fec67	2017-08-05T09:45:36+02:00	Release v2.2.0
JiraPS/Public/ConvertFrom-AtlassianDocumentFormat.ps1	8	10	Oliver Lipkau	f3f8338aa40b13b1b2ee08313e847602b22fec67	https://github.com/AtlassianPS/JiraPS/commit/f3f8338aa40b13b1b2ee08313e847602b22fec67	2017-08-05T09:45:36+02:00	Release v2.2.0
JiraPS/Public/ConvertFrom-AtlassianDocumentFormat.ps1	46	48	Oliver Lipkau	f3f8338aa40b13b1b2ee08313e847602b22fec67	https://github.com/AtlassianPS/JiraPS/commit/f3f8338aa40b13b1b2ee08313e847602b22fec67	2017-08-05T09:45:36+02:00	Release v2.2.0
JiraPS/Public/ConvertFrom-AtlassianDocumentFormat.ps1	50	51	Oliver Lipkau	f3f8338aa40b13b1b2ee08313e847602b22fec67	https://github.com/AtlassianPS/JiraPS/commit/f3f8338aa40b13b1b2ee08313e847602b22fec67	2017-08-05T09:45:36+02:00	Release v2.2.0
JiraPS/Public/ConvertTo-AtlassianDocumentFormat.ps1	21	22	Joshua Taliaferro	95ebe41348e10f941f1c8f9cc4e82ed8d3192d8b	https://github.com/AtlassianPS/JiraPS/commit/95ebe41348e10f941f1c8f9cc4e82ed8d3192d8b	2016-08-20T22:14:29-05:00	Refactored into Public and Internal directories.
JiraPS/Public/ConvertTo-AtlassianDocumentFormat.ps1	26	28	Oliver Lipkau	f3f8338aa40b13b1b2ee08313e847602b22fec67	https://github.com/AtlassianPS/JiraPS/commit/f3f8338aa40b13b1b2ee08313e847602b22fec67	2017-08-05T09:45:36+02:00	Release v2.2.0
JiraPS/Public/ConvertTo-AtlassianDocumentFormat.ps1	46	48	Oliver Lipkau	f3f8338aa40b13b1b2ee08313e847602b22fec67	https://github.com/AtlassianPS/JiraPS/commit/f3f8338aa40b13b1b2ee08313e847602b22fec67	2017-08-05T09:45:36+02:00	Release v2.2.0
JiraPS/Public/ConvertTo-AtlassianDocumentFormat.ps1	50	51	Oliver Lipkau	f3f8338aa40b13b1b2ee08313e847602b22fec67	https://github.com/AtlassianPS/JiraPS/commit/f3f8338aa40b13b1b2ee08313e847602b22fec67	2017-08-05T09:45:36+02:00	Release v2.2.0
JiraPS/Public/ConvertTo-JiraTable.ps1	3	3	Joshua Taliaferro	c33b95778148439dadd643091cd7d72565036653	https://github.com/AtlassianPS/JiraPS/commit/c33b95778148439dadd643091cd7d72565036653	2015-07-08T14:51:09-05:00	Initial commit
JiraPS/Public/ConvertTo-JiraTable.ps1	4	4	Joshua Taliaferro	fa2a6fdeff058572df510eb9f27dda0f13eb7a0d	https://github.com/AtlassianPS/JiraPS/commit/fa2a6fdeff058572df510eb9f27dda0f13eb7a0d	2015-07-09T14:15:13-05:00	Added comment-based help to several functions
JiraPS/Public/ConvertTo-JiraTable.ps1	5	5	Joshua Taliaferro	c33b95778148439dadd643091cd7d72565036653	https://github.com/AtlassianPS/JiraPS/commit/c33b95778148439dadd643091cd7d72565036653	2015-07-08T14:51:09-05:00	Initial commit
JiraPS/Public/ConvertTo-JiraTable.ps1	7	7	Joshua Taliaferro	c33b95778148439dadd643091cd7d72565036653	https://github.com/AtlassianPS/JiraPS/commit/c33b95778148439dadd643091cd7d72565036653	2015-07-08T14:51:09-05:00	Initial commit
JiraPS/Public/ConvertTo-JiraTable.ps1	13	14	Joshua Taliaferro	c33b95778148439dadd643091cd7d72565036653	https://github.com/AtlassianPS/JiraPS/commit/c33b95778148439dadd643091cd7d72565036653	2015-07-08T14:51:09-05:00	Initial commit
JiraPS/Public/ConvertTo-JiraTable.ps1	15	15	Oliver Lipkau	6c36cb7d8db2cc8538581a7de4bb3952c5c2119e	https://github.com/AtlassianPS/JiraPS/commit/6c36cb7d8db2cc8538581a7de4bb3952c5c2119e	2017-06-27T06:12:29+02:00	Enhance repo's environment (#147)
JiraPS/Public/ConvertTo-JiraTable.ps1	17	17	Oliver Lipkau	3c58908262cd12af50880053b4dac1e812f6958b	https://github.com/AtlassianPS/JiraPS/commit/3c58908262cd12af50880053b4dac1e812f6958b	2017-05-24T11:29:47+02:00	Take over global PSDefaultParameterValues
JiraPS/Public/ConvertTo-JiraTable.ps1	18	25	Joshua Taliaferro	c33b95778148439dadd643091cd7d72565036653	https://github.com/AtlassianPS/JiraPS/commit/c33b95778148439dadd643091cd7d72565036653	2015-07-08T14:51:09-05:00	Initial commit
JiraPS/Public/ConvertTo-JiraTable.ps1	26	27	Oliver Lipkau	6c36cb7d8db2cc8538581a7de4bb3952c5c2119e	https://github.com/AtlassianPS/JiraPS/commit/6c36cb7d8db2cc8538581a7de4bb3952c5c2119e	2017-06-27T06:12:29+02:00	Enhance repo's environment (#147)
JiraPS/Public/ConvertTo-JiraTable.ps1	29	29	Oliver Lipkau	b1270b78814d0ebc6b04c3b56168dc451ef4829c	https://github.com/AtlassianPS/JiraPS/commit/b1270b78814d0ebc6b04c3b56168dc451ef4829c	2017-05-22T17:21:18+02:00	[fix] updated the code formatting I screwed up in my last commit
JiraPS/Public/ConvertTo-JiraTable.ps1	30	30	Oliver Lipkau	6c36cb7d8db2cc8538581a7de4bb3952c5c2119e	https://github.com/AtlassianPS/JiraPS/commit/6c36cb7d8db2cc8538581a7de4bb3952c5c2119e	2017-06-27T06:12:29+02:00	Enhance repo's environment (#147)
JiraPS/Public/ConvertTo-JiraTable.ps1	31	31	Joshua Taliaferro	c33b95778148439dadd643091cd7d72565036653	https://github.com/AtlassianPS/JiraPS/commit/c33b95778148439dadd643091cd7d72565036653	2015-07-08T14:51:09-05:00	Initial commit
JiraPS/Public/ConvertTo-JiraTable.ps1	32	32	Oliver Lipkau	6c36cb7d8db2cc8538581a7de4bb3952c5c2119e	https://github.com/AtlassianPS/JiraPS/commit/6c36cb7d8db2cc8538581a7de4bb3952c5c2119e	2017-06-27T06:12:29+02:00	Enhance repo's environment (#147)
JiraPS/Public/ConvertTo-JiraTable.ps1	34	34	Joshua Taliaferro	316d9f567af7313caa065a5f717b3a0fb0256da9	https://github.com/AtlassianPS/JiraPS/commit/316d9f567af7313caa065a5f717b3a0fb0256da9	2015-09-17T22:24:48-05:00	Whitespace and newline cleanup
JiraPS/Public/ConvertTo-JiraTable.ps1	35	37	Joshua Taliaferro	c33b95778148439dadd643091cd7d72565036653	https://github.com/AtlassianPS/JiraPS/commit/c33b95778148439dadd643091cd7d72565036653	2015-07-08T14:51:09-05:00	Initial commit
JiraPS/Public/ConvertTo-JiraTable.ps1	39	41	Joshua Taliaferro	c33b95778148439dadd643091cd7d72565036653	https://github.com/AtlassianPS/JiraPS/commit/c33b95778148439dadd643091cd7d72565036653	2015-07-08T14:51:09-05:00	Initial commit
JiraPS/Public/ConvertTo-JiraTable.ps1	42	42	Oliver Lipkau	b1270b78814d0ebc6b04c3b56168dc451ef4829c	https://github.com/AtlassianPS/JiraPS/commit/b1270b78814d0ebc6b04c3b56168dc451ef4829c	2017-05-22T17:21:18+02:00	[fix] updated the code formatting I screwed up in my last commit
JiraPS/Public/ConvertTo-JiraTable.ps1	43	43	Oliver Lipkau	6c36cb7d8db2cc8538581a7de4bb3952c5c2119e	https://github.com/AtlassianPS/JiraPS/commit/6c36cb7d8db2cc8538581a7de4bb3952c5c2119e	2017-06-27T06:12:29+02:00	Enhance repo's environment (#147)
JiraPS/Public/ConvertTo-JiraTable.ps1	45	47	Joshua Taliaferro	c33b95778148439dadd643091cd7d72565036653	https://github.com/AtlassianPS/JiraPS/commit/c33b95778148439dadd643091cd7d72565036653	2015-07-08T14:51:09-05:00	Initial commit
JiraPS/Public/ConvertTo-JiraTable.ps1	48	48	Oliver Lipkau	6c36cb7d8db2cc8538581a7de4bb3952c5c2119e	https://github.com/AtlassianPS/JiraPS/commit/6c36cb7d8db2cc8538581a7de4bb3952c5c2119e	2017-06-27T06:12:29+02:00	Enhance repo's environment (#147)
JiraPS/Public/ConvertTo-JiraTable.ps1	52	53	Oliver Lipkau	6c36cb7d8db2cc8538581a7de4bb3952c5c2119e	https://github.com/AtlassianPS/JiraPS/commit/6c36cb7d8db2cc8538581a7de4bb3952c5c2119e	2017-06-27T06:12:29+02:00	Enhance repo's environment (#147)
JiraPS/Public/ConvertTo-JiraTable.ps1	54	54	Joshua Taliaferro	c33b95778148439dadd643091cd7d72565036653	https://github.com/AtlassianPS/JiraPS/commit/c33b95778148439dadd643091cd7d72565036653	2015-07-08T14:51:09-05:00	Initial commit
JiraPS/Public/ConvertTo-JiraTable.ps1	55	55	Oliver Lipkau	6c36cb7d8db2cc8538581a7de4bb3952c5c2119e	https://github.com/AtlassianPS/JiraPS/commit/6c36cb7d8db2cc8538581a7de4bb3952c5c2119e	2017-06-27T06:12:29+02:00	Enhance repo's environment (#147)
JiraPS/Public/ConvertTo-JiraTable.ps1	59	60	Joshua Taliaferro	c33b95778148439dadd643091cd7d72565036653	https://github.com/AtlassianPS/JiraPS/commit/c33b95778148439dadd643091cd7d72565036653	2015-07-08T14:51:09-05:00	Initial commit
JiraPS/Public/ConvertTo-JiraTable.ps1	61	61	Oliver Lipkau	b1270b78814d0ebc6b04c3b56168dc451ef4829c	https://github.com/AtlassianPS/JiraPS/commit/b1270b78814d0ebc6b04c3b56168dc451ef4829c	2017-05-22T17:21:18+02:00	[fix] updated the code formatting I screwed up in my last commit
JiraPS/Public/ConvertTo-JiraTable.ps1	62	62	Oliver Lipkau	6c36cb7d8db2cc8538581a7de4bb3952c5c2119e	https://github.com/AtlassianPS/JiraPS/commit/6c36cb7d8db2cc8538581a7de4bb3952c5c2119e	2017-06-27T06:12:29+02:00	Enhance repo's environment (#147)
JiraPS/Public/ConvertTo-JiraTable.ps1	63	63	Joshua Taliaferro	316d9f567af7313caa065a5f717b3a0fb0256da9	https://github.com/AtlassianPS/JiraPS/commit/316d9f567af7313caa065a5f717b3a0fb0256da9	2015-09-17T22:24:48-05:00	Whitespace and newline cleanup
JiraPS/Public/ConvertTo-JiraTable.ps1	64	66	Joshua Taliaferro	c33b95778148439dadd643091cd7d72565036653	https://github.com/AtlassianPS/JiraPS/commit/c33b95778148439dadd643091cd7d72565036653	2015-07-08T14:51:09-05:00	Initial commit
JiraPS/Public/ConvertTo-JiraTable.ps1	67	67	Oliver Lipkau	6c36cb7d8db2cc8538581a7de4bb3952c5c2119e	https://github.com/AtlassianPS/JiraPS/commit/6c36cb7d8db2cc8538581a7de4bb3952c5c2119e	2017-06-27T06:12:29+02:00	Enhance repo's environment (#147)
JiraPS/Public/ConvertTo-JiraTable.ps1	69	69	Joshua Taliaferro	04a42dd764e6379c0d92a9d75910c62c98086d7f	https://github.com/AtlassianPS/JiraPS/commit/04a42dd764e6379c0d92a9d75910c62c98086d7f	2015-08-05T09:34:59-05:00	Added default property behavior when -Property is not supplied
JiraPS/Public/ConvertTo-JiraTable.ps1	70	70	Oliver Lipkau	6c36cb7d8db2cc8538581a7de4bb3952c5c2119e	https://github.com/AtlassianPS/JiraPS/commit/6c36cb7d8db2cc8538581a7de4bb3952c5c2119e	2017-06-27T06:12:29+02:00	Enhance repo's environment (#147)
JiraPS/Public/ConvertTo-JiraTable.ps1	72	73	Joshua Taliaferro	04a42dd764e6379c0d92a9d75910c62c98086d7f	https://github.com/AtlassianPS/JiraPS/commit/04a42dd764e6379c0d92a9d75910c62c98086d7f	2015-08-05T09:34:59-05:00	Added default property behavior when -Property is not supplied
JiraPS/Public/ConvertTo-JiraTable.ps1	74	74	Oliver Lipkau	b1270b78814d0ebc6b04c3b56168dc451ef4829c	https://github.com/AtlassianPS/JiraPS/commit/b1270b78814d0ebc6b04c3b56168dc451ef4829c	2017-05-22T17:21:18+02:00	[fix] updated the code formatting I screwed up in my last commit
JiraPS/Public/ConvertTo-JiraTable.ps1	75	75	Oliver Lipkau	6c36cb7d8db2cc8538581a7de4bb3952c5c2119e	https://github.com/AtlassianPS/JiraPS/commit/6c36cb7d8db2cc8538581a7de4bb3952c5c2119e	2017-06-27T06:12:29+02:00	Enhance repo's environment (#147)
JiraPS/Public/ConvertTo-JiraTable.ps1	79	80	Joshua Taliaferro	c33b95778148439dadd643091cd7d72565036653	https://github.com/AtlassianPS/JiraPS/commit/c33b95778148439dadd643091cd7d72565036653	2015-07-08T14:51:09-05:00	Initial commit
JiraPS/Public/ConvertTo-JiraTable.ps1	81	81	Joshua Taliaferro	04a42dd764e6379c0d92a9d75910c62c98086d7f	https://github.com/AtlassianPS/JiraPS/commit/04a42dd764e6379c0d92a9d75910c62c98086d7f	2015-08-05T09:34:59-05:00	Added default property behavior when -Property is not supplied
JiraPS/Public/ConvertTo-JiraTable.ps1	82	82	Joshua Taliaferro	c33b95778148439dadd643091cd7d72565036653	https://github.com/AtlassianPS/JiraPS/commit/c33b95778148439dadd643091cd7d72565036653	2015-07-08T14:51:09-05:00	Initial commit
JiraPS/Public/ConvertTo-JiraTable.ps1	83	83	Joshua Taliaferro	316d9f567af7313caa065a5f717b3a0fb0256da9	https://github.com/AtlassianPS/JiraPS/commit/316d9f567af7313caa065a5f717b3a0fb0256da9	2015-09-17T22:24:48-05:00	Whitespace and newline cleanup
JiraPS/Public/ConvertTo-JiraTable.ps1	84	84	Joshua Taliaferro	c33b95778148439dadd643091cd7d72565036653	https://github.com/AtlassianPS/JiraPS/commit/c33b95778148439dadd643091cd7d72565036653	2015-07-08T14:51:09-05:00	Initial commit
JiraPS/Public/ConvertTo-JiraTable.ps1	86	89	Joshua Taliaferro	c33b95778148439dadd643091cd7d72565036653	https://github.com/AtlassianPS/JiraPS/commit/c33b95778148439dadd643091cd7d72565036653	2015-07-08T14:51:09-05:00	Initial commit
JiraPS/Public/ConvertTo-JiraTable.ps1	91	93	Joshua Taliaferro	c33b95778148439dadd643091cd7d72565036653	https://github.com/AtlassianPS/JiraPS/commit/c33b95778148439dadd643091cd7d72565036653	2015-07-08T14:51:09-05:00	Initial commit
JiraPS/Public/ConvertTo-JiraTable.ps1	94	94	Oliver Lipkau	6c36cb7d8db2cc8538581a7de4bb3952c5c2119e	https://github.com/AtlassianPS/JiraPS/commit/6c36cb7d8db2cc8538581a7de4bb3952c5c2119e	2017-06-27T06:12:29+02:00	Enhance repo's environment (#147)
JiraPS/Public/ConvertTo-JiraTable.ps1	96	96	Oliver Lipkau	6c36cb7d8db2cc8538581a7de4bb3952c5c2119e	https://github.com/AtlassianPS/JiraPS/commit/6c36cb7d8db2cc8538581a7de4bb3952c5c2119e	2017-06-27T06:12:29+02:00	Enhance repo's environment (#147)
JiraPS/Public/ConvertTo-JiraTable.ps1	98	98	Joshua Taliaferro	c33b95778148439dadd643091cd7d72565036653	https://github.com/AtlassianPS/JiraPS/commit/c33b95778148439dadd643091cd7d72565036653	2015-07-08T14:51:09-05:00	Initial commit
JiraPS/Public/ConvertTo-JiraTable.ps1	99	99	Oliver Lipkau	b1270b78814d0ebc6b04c3b56168dc451ef4829c	https://github.com/AtlassianPS/JiraPS/commit/b1270b78814d0ebc6b04c3b56168dc451ef4829c	2017-05-22T17:21:18+02:00	[fix] updated the code formatting I screwed up in my last commit
JiraPS/Public/ConvertTo-JiraTable.ps1	100	100	Oliver Lipkau	6c36cb7d8db2cc8538581a7de4bb3952c5c2119e	https://github.com/AtlassianPS/JiraPS/commit/6c36cb7d8db2cc8538581a7de4bb3952c5c2119e	2017-06-27T06:12:29+02:00	Enhance repo's environment (#147)
JiraPS/Public/ConvertTo-JiraTable.ps1	102	106	Joshua Taliaferro	c33b95778148439dadd643091cd7d72565036653	https://github.com/AtlassianPS/JiraPS/commit/c33b95778148439dadd643091cd7d72565036653	2015-07-08T14:51:09-05:00	Initial commit
JiraPS/Public/ConvertTo-JiraTable.ps1	108	111	Joshua Taliaferro	c33b95778148439dadd643091cd7d72565036653	https://github.com/AtlassianPS/JiraPS/commit/c33b95778148439dadd643091cd7d72565036653	2015-07-08T14:51:09-05:00	Initial commit
JiraPS/Public/ConvertTo-JiraTable.ps1	112	112	Oliver Lipkau	6c36cb7d8db2cc8538581a7de4bb3952c5c2119e	https://github.com/AtlassianPS/JiraPS/commit/6c36cb7d8db2cc8538581a7de4bb3952c5c2119e	2017-06-27T06:12:29+02:00	Enhance repo's environment (#147)
JiraPS/Public/ConvertTo-JiraTable.ps1	116	116	Joshua Taliaferro	c33b95778148439dadd643091cd7d72565036653	https://github.com/AtlassianPS/JiraPS/commit/c33b95778148439dadd643091cd7d72565036653	2015-07-08T14:51:09-05:00	Initial commit
JiraPS/Public/ConvertTo-JiraTable.ps1	117	117	Joshua Taliaferro	316d9f567af7313caa065a5f717b3a0fb0256da9	https://github.com/AtlassianPS/JiraPS/commit/316d9f567af7313caa065a5f717b3a0fb0256da9	2015-09-17T22:24:48-05:00	Whitespace and newline cleanup
JiraPS/Public/Find-JiraFilter.ps1	37	39	Oliver Lipkau	f3f8338aa40b13b1b2ee08313e847602b22fec67	https://github.com/AtlassianPS/JiraPS/commit/f3f8338aa40b13b1b2ee08313e847602b22fec67	2017-08-05T09:45:36+02:00	Release v2.2.0
JiraPS/Public/Find-JiraFilter.ps1	101	103	Oliver Lipkau	f3f8338aa40b13b1b2ee08313e847602b22fec67	https://github.com/AtlassianPS/JiraPS/commit/f3f8338aa40b13b1b2ee08313e847602b22fec67	2017-08-05T09:45:36+02:00	Release v2.2.0
JiraPS/Public/Find-JiraFilter.ps1	105	106	Oliver Lipkau	f3f8338aa40b13b1b2ee08313e847602b22fec67	https://github.com/AtlassianPS/JiraPS/commit/f3f8338aa40b13b1b2ee08313e847602b22fec67	2017-08-05T09:45:36+02:00	Release v2.2.0
JiraPS/Public/Get-JiraComponent.ps1	3	3	Oliver Lipkau	05f9d104ee2d5bf8e5479caed2a972f4c652edd4	https://github.com/AtlassianPS/JiraPS/commit/05f9d104ee2d5bf8e5479caed2a972f4c652edd4	2017-02-08T15:11:51+01:00	improved parameters
JiraPS/Public/Get-JiraComponent.ps1	4	4	Axel Gluth	ce3a6b73eb4aa82051663cdd870e9d60422e0057	https://github.com/AtlassianPS/JiraPS/commit/ce3a6b73eb4aa82051663cdd870e9d60422e0057	2017-01-03T07:33:45+01:00	Created functions Get-JiraComponent and ConvertTo-JiraComponent plus tests for both.
JiraPS/Public/Get-JiraComponent.ps1	10	10	Oliver Lipkau	05f9d104ee2d5bf8e5479caed2a972f4c652edd4	https://github.com/AtlassianPS/JiraPS/commit/05f9d104ee2d5bf8e5479caed2a972f4c652edd4	2017-02-08T15:11:51+01:00	improved parameters
JiraPS/Public/Get-JiraComponent.ps1	12	12	Oliver Lipkau	addf6792d87382aebe11ffaf9042725e1038410a	https://github.com/AtlassianPS/JiraPS/commit/addf6792d87382aebe11ffaf9042725e1038410a	2017-02-08T15:06:04+01:00	renamed variable
JiraPS/Public/Get-JiraComponent.ps1	15	15	Axel Gluth	ce3a6b73eb4aa82051663cdd870e9d60422e0057	https://github.com/AtlassianPS/JiraPS/commit/ce3a6b73eb4aa82051663cdd870e9d60422e0057	2017-01-03T07:33:45+01:00	Created functions Get-JiraComponent and ConvertTo-JiraComponent plus tests for both.
JiraPS/Public/Get-JiraComponent.ps1	20	21	Axel Gluth	ce3a6b73eb4aa82051663cdd870e9d60422e0057	https://github.com/AtlassianPS/JiraPS/commit/ce3a6b73eb4aa82051663cdd870e9d60422e0057	2017-01-03T07:33:45+01:00	Created functions Get-JiraComponent and ConvertTo-JiraComponent plus tests for both.
JiraPS/Public/Get-JiraComponent.ps1	22	22	Oliver Lipkau	6c36cb7d8db2cc8538581a7de4bb3952c5c2119e	https://github.com/AtlassianPS/JiraPS/commit/6c36cb7d8db2cc8538581a7de4bb3952c5c2119e	2017-06-27T06:12:29+02:00	Enhance repo's environment (#147)
JiraPS/Public/Get-JiraComponent.ps1	24	24	Axel Gluth	ce3a6b73eb4aa82051663cdd870e9d60422e0057	https://github.com/AtlassianPS/JiraPS/commit/ce3a6b73eb4aa82051663cdd870e9d60422e0057	2017-01-03T07:33:45+01:00	Created functions Get-JiraComponent and ConvertTo-JiraComponent plus tests for both.
JiraPS/Public/Get-JiraComponent.ps1	26	27	Axel Gluth	ce3a6b73eb4aa82051663cdd870e9d60422e0057	https://github.com/AtlassianPS/JiraPS/commit/ce3a6b73eb4aa82051663cdd870e9d60422e0057	2017-01-03T07:33:45+01:00	Created functions Get-JiraComponent and ConvertTo-JiraComponent plus tests for both.
JiraPS/Public/Get-JiraComponent.ps1	28	28	Oliver Lipkau	6c36cb7d8db2cc8538581a7de4bb3952c5c2119e	https://github.com/AtlassianPS/JiraPS/commit/6c36cb7d8db2cc8538581a7de4bb3952c5c2119e	2017-06-27T06:12:29+02:00	Enhance repo's environment (#147)
JiraPS/Public/Get-JiraComponent.ps1	31	31	Oliver Lipkau	445120996e7191f4c063064d3fced302bab53875	https://github.com/AtlassianPS/JiraPS/commit/445120996e7191f4c063064d3fced302bab53875	2017-02-08T15:14:34+01:00	expose API endpoint _project/{projectIdOrKey}/components_
JiraPS/Public/Get-JiraComponent.ps1	37	37	Oliver Lipkau	445120996e7191f4c063064d3fced302bab53875	https://github.com/AtlassianPS/JiraPS/commit/445120996e7191f4c063064d3fced302bab53875	2017-02-08T15:14:34+01:00	expose API endpoint _project/{projectIdOrKey}/components_
JiraPS/Public/Get-JiraComponent.ps1	50	50	Axel Gluth	ce3a6b73eb4aa82051663cdd870e9d60422e0057	https://github.com/AtlassianPS/JiraPS/commit/ce3a6b73eb4aa82051663cdd870e9d60422e0057	2017-01-03T07:33:45+01:00	Created functions Get-JiraComponent and ConvertTo-JiraComponent plus tests for both.
JiraPS/Public/Get-JiraComponent.ps1	52	53	Oliver Lipkau	445120996e7191f4c063064d3fced302bab53875	https://github.com/AtlassianPS/JiraPS/commit/445120996e7191f4c063064d3fced302bab53875	2017-02-08T15:14:34+01:00	expose API endpoint _project/{projectIdOrKey}/components_
JiraPS/Public/Get-JiraComponent.ps1	58	58	Axel Gluth	ce3a6b73eb4aa82051663cdd870e9d60422e0057	https://github.com/AtlassianPS/JiraPS/commit/ce3a6b73eb4aa82051663cdd870e9d60422e0057	2017-01-03T07:33:45+01:00	Created functions Get-JiraComponent and ConvertTo-JiraComponent plus tests for both.
JiraPS/Public/Get-JiraComponent.ps1	66	66	Axel Gluth	ce3a6b73eb4aa82051663cdd870e9d60422e0057	https://github.com/AtlassianPS/JiraPS/commit/ce3a6b73eb4aa82051663cdd870e9d60422e0057	2017-01-03T07:33:45+01:00	Created functions Get-JiraComponent and ConvertTo-JiraComponent plus tests for both.
JiraPS/Public/Get-JiraComponent.ps1	68	72	Axel Gluth	ce3a6b73eb4aa82051663cdd870e9d60422e0057	https://github.com/AtlassianPS/JiraPS/commit/ce3a6b73eb4aa82051663cdd870e9d60422e0057	2017-01-03T07:33:45+01:00	Created functions Get-JiraComponent and ConvertTo-JiraComponent plus tests for both.
JiraPS/Public/Get-JiraComponent.ps1	73	73	Oliver Lipkau	6c36cb7d8db2cc8538581a7de4bb3952c5c2119e	https://github.com/AtlassianPS/JiraPS/commit/6c36cb7d8db2cc8538581a7de4bb3952c5c2119e	2017-06-27T06:12:29+02:00	Enhance repo's environment (#147)
JiraPS/Public/Get-JiraComponent.ps1	75	76	Axel Gluth	ce3a6b73eb4aa82051663cdd870e9d60422e0057	https://github.com/AtlassianPS/JiraPS/commit/ce3a6b73eb4aa82051663cdd870e9d60422e0057	2017-01-03T07:33:45+01:00	Created functions Get-JiraComponent and ConvertTo-JiraComponent plus tests for both.
JiraPS/Public/Get-JiraConfigServer.ps1	3	3	Joshua Taliaferro	c33b95778148439dadd643091cd7d72565036653	https://github.com/AtlassianPS/JiraPS/commit/c33b95778148439dadd643091cd7d72565036653	2015-07-08T14:51:09-05:00	Initial commit
JiraPS/Public/Get-JiraConfigServer.ps1	4	4	Joshua Taliaferro	fa2a6fdeff058572df510eb9f27dda0f13eb7a0d	https://github.com/AtlassianPS/JiraPS/commit/fa2a6fdeff058572df510eb9f27dda0f13eb7a0d	2015-07-09T14:15:13-05:00	Added comment-based help to several functions
JiraPS/Public/Get-JiraConfigServer.ps1	6	6	Joshua Taliaferro	c33b95778148439dadd643091cd7d72565036653	https://github.com/AtlassianPS/JiraPS/commit/c33b95778148439dadd643091cd7d72565036653	2015-07-08T14:51:09-05:00	Initial commit
JiraPS/Public/Get-JiraConfigServer.ps1	7	7	Oliver Lipkau	df031a199faa6991bbb742e226b3aadc12c3f51d	https://github.com/AtlassianPS/JiraPS/commit/df031a199faa6991bbb742e226b3aadc12c3f51d	2017-06-20T16:41:48+02:00	Declare SupportsShouldProcess
JiraPS/Public/Get-JiraConfigServer.ps1	9	10	Joshua Taliaferro	c33b95778148439dadd643091cd7d72565036653	https://github.com/AtlassianPS/JiraPS/commit/c33b95778148439dadd643091cd7d72565036653	2015-07-08T14:51:09-05:00	Initial commit
JiraPS/Public/Get-JiraConfigServer.ps1	16	17	Joshua Taliaferro	c33b95778148439dadd643091cd7d72565036653	https://github.com/AtlassianPS/JiraPS/commit/c33b95778148439dadd643091cd7d72565036653	2015-07-08T14:51:09-05:00	Initial commit
JiraPS/Public/Get-JiraConfigServer.ps1	20	20	Joshua Taliaferro	c33b95778148439dadd643091cd7d72565036653	https://github.com/AtlassianPS/JiraPS/commit/c33b95778148439dadd643091cd7d72565036653	2015-07-08T14:51:09-05:00	Initial commit
JiraPS/Public/Get-JiraConfigServer.ps1	21	21	Joshua Taliaferro	316d9f567af7313caa065a5f717b3a0fb0256da9	https://github.com/AtlassianPS/JiraPS/commit/316d9f567af7313caa065a5f717b3a0fb0256da9	2015-09-17T22:24:48-05:00	Whitespace and newline cleanup
JiraPS/Public/Get-JiraField.ps1	4	4	Joshua Taliaferro	c33b95778148439dadd643091cd7d72565036653	https://github.com/AtlassianPS/JiraPS/commit/c33b95778148439dadd643091cd7d72565036653	2015-07-08T14:51:09-05:00	Initial commit
JiraPS/Public/Get-JiraField.ps1	8	8	Joshua Taliaferro	c33b95778148439dadd643091cd7d72565036653	https://github.com/AtlassianPS/JiraPS/commit/c33b95778148439dadd643091cd7d72565036653	2015-07-08T14:51:09-05:00	Initial commit
JiraPS/Public/Get-JiraField.ps1	16	17	Joshua Taliaferro	c33b95778148439dadd643091cd7d72565036653	https://github.com/AtlassianPS/JiraPS/commit/c33b95778148439dadd643091cd7d72565036653	2015-07-08T14:51:09-05:00	Initial commit
JiraPS/Public/Get-JiraField.ps1	18	18	Oliver Lipkau	6c36cb7d8db2cc8538581a7de4bb3952c5c2119e	https://github.com/AtlassianPS/JiraPS/commit/6c36cb7d8db2cc8538581a7de4bb3952c5c2119e	2017-06-27T06:12:29+02:00	Enhance repo's environment (#147)
JiraPS/Public/Get-JiraField.ps1	20	20	Oliver Lipkau	3c58908262cd12af50880053b4dac1e812f6958b	https://github.com/AtlassianPS/JiraPS/commit/3c58908262cd12af50880053b4dac1e812f6958b	2017-05-24T11:29:47+02:00	Take over global PSDefaultParameterValues
JiraPS/Public/Get-JiraField.ps1	22	23	Joshua Taliaferro	c33b95778148439dadd643091cd7d72565036653	https://github.com/AtlassianPS/JiraPS/commit/c33b95778148439dadd643091cd7d72565036653	2015-07-08T14:51:09-05:00	Initial commit
JiraPS/Public/Get-JiraField.ps1	24	24	Oliver Lipkau	6c36cb7d8db2cc8538581a7de4bb3952c5c2119e	https://github.com/AtlassianPS/JiraPS/commit/6c36cb7d8db2cc8538581a7de4bb3952c5c2119e	2017-06-27T06:12:29+02:00	Enhance repo's environment (#147)
JiraPS/Public/Get-JiraField.ps1	53	56	Joshua Taliaferro	c33b95778148439dadd643091cd7d72565036653	https://github.com/AtlassianPS/JiraPS/commit/c33b95778148439dadd643091cd7d72565036653	2015-07-08T14:51:09-05:00	Initial commit
JiraPS/Public/Get-JiraField.ps1	57	57	Oliver Lipkau	6c36cb7d8db2cc8538581a7de4bb3952c5c2119e	https://github.com/AtlassianPS/JiraPS/commit/6c36cb7d8db2cc8538581a7de4bb3952c5c2119e	2017-06-27T06:12:29+02:00	Enhance repo's environment (#147)
JiraPS/Public/Get-JiraField.ps1	59	59	Joshua Taliaferro	c33b95778148439dadd643091cd7d72565036653	https://github.com/AtlassianPS/JiraPS/commit/c33b95778148439dadd643091cd7d72565036653	2015-07-08T14:51:09-05:00	Initial commit
JiraPS/Public/Get-JiraField.ps1	60	60	Joshua Taliaferro	316d9f567af7313caa065a5f717b3a0fb0256da9	https://github.com/AtlassianPS/JiraPS/commit/316d9f567af7313caa065a5f717b3a0fb0256da9	2015-09-17T22:24:48-05:00	Whitespace and newline cleanup
JiraPS/Public/Get-JiraFilter.ps1	3	4	Joshua Taliaferro	95ebe41348e10f941f1c8f9cc4e82ed8d3192d8b	https://github.com/AtlassianPS/JiraPS/commit/95ebe41348e10f941f1c8f9cc4e82ed8d3192d8b	2016-08-20T22:14:29-05:00	Refactored into Public and Internal directories.
JiraPS/Public/Get-JiraFilter.ps1	8	8	Joshua Taliaferro	95ebe41348e10f941f1c8f9cc4e82ed8d3192d8b	https://github.com/AtlassianPS/JiraPS/commit/95ebe41348e10f941f1c8f9cc4e82ed8d3192d8b	2016-08-20T22:14:29-05:00	Refactored into Public and Internal directories.
JiraPS/Public/Get-JiraFilter.ps1	14	14	Joshua Taliaferro	95ebe41348e10f941f1c8f9cc4e82ed8d3192d8b	https://github.com/AtlassianPS/JiraPS/commit/95ebe41348e10f941f1c8f9cc4e82ed8d3192d8b	2016-08-20T22:14:29-05:00	Refactored into Public and Internal directories.
JiraPS/Public/Get-JiraFilter.ps1	24	25	Joshua Taliaferro	95ebe41348e10f941f1c8f9cc4e82ed8d3192d8b	https://github.com/AtlassianPS/JiraPS/commit/95ebe41348e10f941f1c8f9cc4e82ed8d3192d8b	2016-08-20T22:14:29-05:00	Refactored into Public and Internal directories.
JiraPS/Public/Get-JiraFilter.ps1	26	26	Oliver Lipkau	6c36cb7d8db2cc8538581a7de4bb3952c5c2119e	https://github.com/AtlassianPS/JiraPS/commit/6c36cb7d8db2cc8538581a7de4bb3952c5c2119e	2017-06-27T06:12:29+02:00	Enhance repo's environment (#147)
JiraPS/Public/Get-JiraFilter.ps1	28	28	Oliver Lipkau	3c58908262cd12af50880053b4dac1e812f6958b	https://github.com/AtlassianPS/JiraPS/commit/3c58908262cd12af50880053b4dac1e812f6958b	2017-05-24T11:29:47+02:00	Take over global PSDefaultParameterValues
JiraPS/Public/Get-JiraFilter.ps1	30	31	Joshua Taliaferro	95ebe41348e10f941f1c8f9cc4e82ed8d3192d8b	https://github.com/AtlassianPS/JiraPS/commit/95ebe41348e10f941f1c8f9cc4e82ed8d3192d8b	2016-08-20T22:14:29-05:00	Refactored into Public and Internal directories.
JiraPS/Public/Get-JiraFilter.ps1	32	32	Oliver Lipkau	6c36cb7d8db2cc8538581a7de4bb3952c5c2119e	https://github.com/AtlassianPS/JiraPS/commit/6c36cb7d8db2cc8538581a7de4bb3952c5c2119e	2017-06-27T06:12:29+02:00	Enhance repo's environment (#147)
JiraPS/Public/Get-JiraFilter.ps1	49	49	Joshua Taliaferro	95ebe41348e10f941f1c8f9cc4e82ed8d3192d8b	https://github.com/AtlassianPS/JiraPS/commit/95ebe41348e10f941f1c8f9cc4e82ed8d3192d8b	2016-08-20T22:14:29-05:00	Refactored into Public and Internal directories.
JiraPS/Public/Get-JiraFilter.ps1	51	51	Oliver Lipkau	6746cb332968d0f1e5376694e825fc915fc4b7b6	https://github.com/AtlassianPS/JiraPS/commit/6746cb332968d0f1e5376694e825fc915fc4b7b6	2017-05-22T16:45:55+02:00	[fix] updated cmdlet's help
JiraPS/Public/Get-JiraFilter.ps1	52	52	Joshua Taliaferro	95ebe41348e10f941f1c8f9cc4e82ed8d3192d8b	https://github.com/AtlassianPS/JiraPS/commit/95ebe41348e10f941f1c8f9cc4e82ed8d3192d8b	2016-08-20T22:14:29-05:00	Refactored into Public and Internal directories.
JiraPS/Public/Get-JiraFilter.ps1	57	57	Joshua Taliaferro	4e195c2f4a857ad1da998afc6476d207418be1b7	https://github.com/AtlassianPS/JiraPS/commit/4e195c2f4a857ad1da998afc6476d207418be1b7	2015-10-16T14:22:56-05:00	Added InputObject parameter
JiraPS/Public/Get-JiraFilter.ps1	60	60	Joshua Taliaferro	95ebe41348e10f941f1c8f9cc4e82ed8d3192d8b	https://github.com/AtlassianPS/JiraPS/commit/95ebe41348e10f941f1c8f9cc4e82ed8d3192d8b	2016-08-20T22:14:29-05:00	Refactored into Public and Internal directories.
JiraPS/Public/Get-JiraFilter.ps1	72	74	Joshua Taliaferro	95ebe41348e10f941f1c8f9cc4e82ed8d3192d8b	https://github.com/AtlassianPS/JiraPS/commit/95ebe41348e10f941f1c8f9cc4e82ed8d3192d8b	2016-08-20T22:14:29-05:00	Refactored into Public and Internal directories.
JiraPS/Public/Get-JiraFilter.ps1	75	75	Oliver Lipkau	6c36cb7d8db2cc8538581a7de4bb3952c5c2119e	https://github.com/AtlassianPS/JiraPS/commit/6c36cb7d8db2cc8538581a7de4bb3952c5c2119e	2017-06-27T06:12:29+02:00	Enhance repo's environment (#147)
JiraPS/Public/Get-JiraFilter.ps1	77	78	Joshua Taliaferro	95ebe41348e10f941f1c8f9cc4e82ed8d3192d8b	https://github.com/AtlassianPS/JiraPS/commit/95ebe41348e10f941f1c8f9cc4e82ed8d3192d8b	2016-08-20T22:14:29-05:00	Refactored into Public and Internal directories.
JiraPS/Public/Get-JiraFilterPermission.ps1	20	22	Oliver Lipkau	f3f8338aa40b13b1b2ee08313e847602b22fec67	https://github.com/AtlassianPS/JiraPS/commit/f3f8338aa40b13b1b2ee08313e847602b22fec67	2017-08-05T09:45:36+02:00	Release v2.2.0
JiraPS/Public/Get-JiraFilterPermission.ps1	26	28	Oliver Lipkau	f3f8338aa40b13b1b2ee08313e847602b22fec67	https://github.com/AtlassianPS/JiraPS/commit/f3f8338aa40b13b1b2ee08313e847602b22fec67	2017-08-05T09:45:36+02:00	Release v2.2.0
JiraPS/Public/Get-JiraFilterPermission.ps1	47	49	Oliver Lipkau	f3f8338aa40b13b1b2ee08313e847602b22fec67	https://github.com/AtlassianPS/JiraPS/commit/f3f8338aa40b13b1b2ee08313e847602b22fec67	2017-08-05T09:45:36+02:00	Release v2.2.0
JiraPS/Public/Get-JiraFilterPermission.ps1	51	52	Oliver Lipkau	f3f8338aa40b13b1b2ee08313e847602b22fec67	https://github.com/AtlassianPS/JiraPS/commit/f3f8338aa40b13b1b2ee08313e847602b22fec67	2017-08-05T09:45:36+02:00	Release v2.2.0
JiraPS/Public/Get-JiraGroup.ps1	4	4	Joshua Taliaferro	1fe18c2b0233570050c1a01547727f9528e1e41c	https://github.com/AtlassianPS/JiraPS/commit/1fe18c2b0233570050c1a01547727f9528e1e41c	2015-08-05T16:01:54-05:00	Created Get-JiraGroup and associated internal functions.
JiraPS/Public/Get-JiraGroup.ps1	6	7	Joshua Taliaferro	1fe18c2b0233570050c1a01547727f9528e1e41c	https://github.com/AtlassianPS/JiraPS/commit/1fe18c2b0233570050c1a01547727f9528e1e41c	2015-08-05T16:01:54-05:00	Created Get-JiraGroup and associated internal functions.
JiraPS/Public/Get-JiraGroup.ps1	10	10	Joshua Taliaferro	1fe18c2b0233570050c1a01547727f9528e1e41c	https://github.com/AtlassianPS/JiraPS/commit/1fe18c2b0233570050c1a01547727f9528e1e41c	2015-08-05T16:01:54-05:00	Created Get-JiraGroup and associated internal functions.
JiraPS/Public/Get-JiraGroup.ps1	15	16	Joshua Taliaferro	1fe18c2b0233570050c1a01547727f9528e1e41c	https://github.com/AtlassianPS/JiraPS/commit/1fe18c2b0233570050c1a01547727f9528e1e41c	2015-08-05T16:01:54-05:00	Created Get-JiraGroup and associated internal functions.
JiraPS/Public/Get-JiraGroup.ps1	17	17	Oliver Lipkau	6c36cb7d8db2cc8538581a7de4bb3952c5c2119e	https://github.com/AtlassianPS/JiraPS/commit/6c36cb7d8db2cc8538581a7de4bb3952c5c2119e	2017-06-27T06:12:29+02:00	Enhance repo's environment (#147)
JiraPS/Public/Get-JiraGroup.ps1	19	19	Oliver Lipkau	3c58908262cd12af50880053b4dac1e812f6958b	https://github.com/AtlassianPS/JiraPS/commit/3c58908262cd12af50880053b4dac1e812f6958b	2017-05-24T11:29:47+02:00	Take over global PSDefaultParameterValues
JiraPS/Public/Get-JiraGroup.ps1	21	21	Joshua Taliaferro	08cb3241b75b5bb6ff1d26a5fa82a4a0a80fd754	https://github.com/AtlassianPS/JiraPS/commit/08cb3241b75b5bb6ff1d26a5fa82a4a0a80fd754	2015-09-15T23:37:24-05:00	Created function Remove-JiraGroupMember and tests
JiraPS/Public/Get-JiraGroup.ps1	24	25	Joshua Taliaferro	1fe18c2b0233570050c1a01547727f9528e1e41c	https://github.com/AtlassianPS/JiraPS/commit/1fe18c2b0233570050c1a01547727f9528e1e41c	2015-08-05T16:01:54-05:00	Created Get-JiraGroup and associated internal functions.
JiraPS/Public/Get-JiraGroup.ps1	26	26	Oliver Lipkau	6c36cb7d8db2cc8538581a7de4bb3952c5c2119e	https://github.com/AtlassianPS/JiraPS/commit/6c36cb7d8db2cc8538581a7de4bb3952c5c2119e	2017-06-27T06:12:29+02:00	Enhance repo's environment (#147)
JiraPS/Public/Get-JiraGroup.ps1	33	33	Joshua Taliaferro	1fe18c2b0233570050c1a01547727f9528e1e41c	https://github.com/AtlassianPS/JiraPS/commit/1fe18c2b0233570050c1a01547727f9528e1e41c	2015-08-05T16:01:54-05:00	Created Get-JiraGroup and associated internal functions.
JiraPS/Public/Get-JiraGroup.ps1	42	42	Joshua Taliaferro	d129c5dcd0bf8f771829fa61ba04317625180461	https://github.com/AtlassianPS/JiraPS/commit/d129c5dcd0bf8f771829fa61ba04317625180461	2015-09-17T22:41:44-05:00	Corrected style
JiraPS/Public/Get-JiraGroup.ps1	55	55	Joshua Taliaferro	1fe18c2b0233570050c1a01547727f9528e1e41c	https://github.com/AtlassianPS/JiraPS/commit/1fe18c2b0233570050c1a01547727f9528e1e41c	2015-08-05T16:01:54-05:00	Created Get-JiraGroup and associated internal functions.
JiraPS/Public/Get-JiraGroup.ps1	66	66	Joshua Taliaferro	1fe18c2b0233570050c1a01547727f9528e1e41c	https://github.com/AtlassianPS/JiraPS/commit/1fe18c2b0233570050c1a01547727f9528e1e41c	2015-08-05T16:01:54-05:00	Created Get-JiraGroup and associated internal functions.
JiraPS/Public/Get-JiraGroup.ps1	80	82	Joshua Taliaferro	1fe18c2b0233570050c1a01547727f9528e1e41c	https://github.com/AtlassianPS/JiraPS/commit/1fe18c2b0233570050c1a01547727f9528e1e41c	2015-08-05T16:01:54-05:00	Created Get-JiraGroup and associated internal functions.
JiraPS/Public/Get-JiraGroup.ps1	83	83	Oliver Lipkau	6c36cb7d8db2cc8538581a7de4bb3952c5c2119e	https://github.com/AtlassianPS/JiraPS/commit/6c36cb7d8db2cc8538581a7de4bb3952c5c2119e	2017-06-27T06:12:29+02:00	Enhance repo's environment (#147)
JiraPS/Public/Get-JiraGroup.ps1	85	85	Joshua Taliaferro	1fe18c2b0233570050c1a01547727f9528e1e41c	https://github.com/AtlassianPS/JiraPS/commit/1fe18c2b0233570050c1a01547727f9528e1e41c	2015-08-05T16:01:54-05:00	Created Get-JiraGroup and associated internal functions.
JiraPS/Public/Get-JiraGroup.ps1	86	86	Joshua Taliaferro	d129c5dcd0bf8f771829fa61ba04317625180461	https://github.com/AtlassianPS/JiraPS/commit/d129c5dcd0bf8f771829fa61ba04317625180461	2015-09-17T22:41:44-05:00	Corrected style
JiraPS/Public/Get-JiraGroupMember.ps1	4	4	Joshua Taliaferro	95ebe41348e10f941f1c8f9cc4e82ed8d3192d8b	https://github.com/AtlassianPS/JiraPS/commit/95ebe41348e10f941f1c8f9cc4e82ed8d3192d8b	2016-08-20T22:14:29-05:00	Refactored into Public and Internal directories.
JiraPS/Public/Get-JiraGroupMember.ps1	10	10	Joshua Taliaferro	95ebe41348e10f941f1c8f9cc4e82ed8d3192d8b	https://github.com/AtlassianPS/JiraPS/commit/95ebe41348e10f941f1c8f9cc4e82ed8d3192d8b	2016-08-20T22:14:29-05:00	Refactored into Public and Internal directories.
JiraPS/Public/Get-JiraGroupMember.ps1	16	16	Joshua Taliaferro	95ebe41348e10f941f1c8f9cc4e82ed8d3192d8b	https://github.com/AtlassianPS/JiraPS/commit/95ebe41348e10f941f1c8f9cc4e82ed8d3192d8b	2016-08-20T22:14:29-05:00	Refactored into Public and Internal directories.
JiraPS/Public/Get-JiraGroupMember.ps1	21	22	Joshua Taliaferro	95ebe41348e10f941f1c8f9cc4e82ed8d3192d8b	https://github.com/AtlassianPS/JiraPS/commit/95ebe41348e10f941f1c8f9cc4e82ed8d3192d8b	2016-08-20T22:14:29-05:00	Refactored into Public and Internal directories.
JiraPS/Public/Get-JiraGroupMember.ps1	23	23	Oliver Lipkau	6c36cb7d8db2cc8538581a7de4bb3952c5c2119e	https://github.com/AtlassianPS/JiraPS/commit/6c36cb7d8db2cc8538581a7de4bb3952c5c2119e	2017-06-27T06:12:29+02:00	Enhance repo's environment (#147)
JiraPS/Public/Get-JiraGroupMember.ps1	25	25	Oliver Lipkau	3c58908262cd12af50880053b4dac1e812f6958b	https://github.com/AtlassianPS/JiraPS/commit/3c58908262cd12af50880053b4dac1e812f6958b	2017-05-24T11:29:47+02:00	Take over global PSDefaultParameterValues
JiraPS/Public/Get-JiraGroupMember.ps1	27	27	Joshua Taliaferro	08cb3241b75b5bb6ff1d26a5fa82a4a0a80fd754	https://github.com/AtlassianPS/JiraPS/commit/08cb3241b75b5bb6ff1d26a5fa82a4a0a80fd754	2015-09-15T23:37:24-05:00	Created function Remove-JiraGroupMember and tests
JiraPS/Public/Get-JiraGroupMember.ps1	32	34	Joshua Taliaferro	95ebe41348e10f941f1c8f9cc4e82ed8d3192d8b	https://github.com/AtlassianPS/JiraPS/commit/95ebe41348e10f941f1c8f9cc4e82ed8d3192d8b	2016-08-20T22:14:29-05:00	Refactored into Public and Internal directories.
JiraPS/Public/Get-JiraGroupMember.ps1	35	35	Oliver Lipkau	6c36cb7d8db2cc8538581a7de4bb3952c5c2119e	https://github.com/AtlassianPS/JiraPS/commit/6c36cb7d8db2cc8538581a7de4bb3952c5c2119e	2017-06-27T06:12:29+02:00	Enhance repo's environment (#147)
JiraPS/Public/Get-JiraGroupMember.ps1	42	42	Joshua Taliaferro	95ebe41348e10f941f1c8f9cc4e82ed8d3192d8b	https://github.com/AtlassianPS/JiraPS/commit/95ebe41348e10f941f1c8f9cc4e82ed8d3192d8b	2016-08-20T22:14:29-05:00	Refactored into Public and Internal directories.
JiraPS/Public/Get-JiraGroupMember.ps1	71	72	Joshua Taliaferro	95ebe41348e10f941f1c8f9cc4e82ed8d3192d8b	https://github.com/AtlassianPS/JiraPS/commit/95ebe41348e10f941f1c8f9cc4e82ed8d3192d8b	2016-08-20T22:14:29-05:00	Refactored into Public and Internal directories.
JiraPS/Public/Get-JiraGroupMember.ps1	77	77	Joshua Taliaferro	95ebe41348e10f941f1c8f9cc4e82ed8d3192d8b	https://github.com/AtlassianPS/JiraPS/commit/95ebe41348e10f941f1c8f9cc4e82ed8d3192d8b	2016-08-20T22:14:29-05:00	Refactored into Public and Internal directories.
JiraPS/Public/Get-JiraIssue.ps1	4	4	Joshua Taliaferro	c33b95778148439dadd643091cd7d72565036653	https://github.com/AtlassianPS/JiraPS/commit/c33b95778148439dadd643091cd7d72565036653	2015-07-08T14:51:09-05:00	Initial commit
JiraPS/Public/Get-JiraIssue.ps1	6	6	Joshua Taliaferro	c33b95778148439dadd643091cd7d72565036653	https://github.com/AtlassianPS/JiraPS/commit/c33b95778148439dadd643091cd7d72565036653	2015-07-08T14:51:09-05:00	Initial commit
JiraPS/Public/Get-JiraIssue.ps1	10	10	Joshua Taliaferro	c33b95778148439dadd643091cd7d72565036653	https://github.com/AtlassianPS/JiraPS/commit/c33b95778148439dadd643091cd7d72565036653	2015-07-08T14:51:09-05:00	Initial commit
JiraPS/Public/Get-JiraIssue.ps1	20	20	Joshua Taliaferro	c33b95778148439dadd643091cd7d72565036653	https://github.com/AtlassianPS/JiraPS/commit/c33b95778148439dadd643091cd7d72565036653	2015-07-08T14:51:09-05:00	Initial commit
JiraPS/Public/Get-JiraIssue.ps1	22	22	Joshua Taliaferro	c33b95778148439dadd643091cd7d72565036653	https://github.com/AtlassianPS/JiraPS/commit/c33b95778148439dadd643091cd7d72565036653	2015-07-08T14:51:09-05:00	Initial commit
JiraPS/Public/Get-JiraIssue.ps1	25	25	Joshua Taliaferro	c33b95778148439dadd643091cd7d72565036653	https://github.com/AtlassianPS/JiraPS/commit/c33b95778148439dadd643091cd7d72565036653	2015-07-08T14:51:09-05:00	Initial commit
JiraPS/Public/Get-JiraIssue.ps1	31	31	Joshua Taliaferro	6cc570e828c53633c02e2db47447cd25519f2274	https://github.com/AtlassianPS/JiraPS/commit/6cc570e828c53633c02e2db47447cd25519f2274	2015-10-16T14:39:37-05:00	Added -Filter parameter
JiraPS/Public/Get-JiraIssue.ps1	41	41	Joshua Taliaferro	c33b95778148439dadd643091cd7d72565036653	https://github.com/AtlassianPS/JiraPS/commit/c33b95778148439dadd643091cd7d72565036653	2015-07-08T14:51:09-05:00	Initial commit
JiraPS/Public/Get-JiraIssue.ps1	51	52	Joshua Taliaferro	c33b95778148439dadd643091cd7d72565036653	https://github.com/AtlassianPS/JiraPS/commit/c33b95778148439dadd643091cd7d72565036653	2015-07-08T14:51:09-05:00	Initial commit
JiraPS/Public/Get-JiraIssue.ps1	53	53	Oliver Lipkau	6c36cb7d8db2cc8538581a7de4bb3952c5c2119e	https://github.com/AtlassianPS/JiraPS/commit/6c36cb7d8db2cc8538581a7de4bb3952c5c2119e	2017-06-27T06:12:29+02:00	Enhance repo's environment (#147)
JiraPS/Public/Get-JiraIssue.ps1	55	55	Oliver Lipkau	3c58908262cd12af50880053b4dac1e812f6958b	https://github.com/AtlassianPS/JiraPS/commit/3c58908262cd12af50880053b4dac1e812f6958b	2017-05-24T11:29:47+02:00	Take over global PSDefaultParameterValues
JiraPS/Public/Get-JiraIssue.ps1	63	64	Joshua Taliaferro	c33b95778148439dadd643091cd7d72565036653	https://github.com/AtlassianPS/JiraPS/commit/c33b95778148439dadd643091cd7d72565036653	2015-07-08T14:51:09-05:00	Initial commit
JiraPS/Public/Get-JiraIssue.ps1	65	65	Oliver Lipkau	6c36cb7d8db2cc8538581a7de4bb3952c5c2119e	https://github.com/AtlassianPS/JiraPS/commit/6c36cb7d8db2cc8538581a7de4bb3952c5c2119e	2017-06-27T06:12:29+02:00	Enhance repo's environment (#147)
JiraPS/Public/Get-JiraIssue.ps1	91	91	Joshua Taliaferro	95ebe41348e10f941f1c8f9cc4e82ed8d3192d8b	https://github.com/AtlassianPS/JiraPS/commit/95ebe41348e10f941f1c8f9cc4e82ed8d3192d8b	2016-08-20T22:14:29-05:00	Refactored into Public and Internal directories.
JiraPS/Public/Get-JiraIssue.ps1	128	128	Oliver Lipkau	6746cb332968d0f1e5376694e825fc915fc4b7b6	https://github.com/AtlassianPS/JiraPS/commit/6746cb332968d0f1e5376694e825fc915fc4b7b6	2017-05-22T16:45:55+02:00	[fix] updated cmdlet's help
JiraPS/Public/Get-JiraIssue.ps1	145	145	Oliver Lipkau	6746cb332968d0f1e5376694e825fc915fc4b7b6	https://github.com/AtlassianPS/JiraPS/commit/6746cb332968d0f1e5376694e825fc915fc4b7b6	2017-05-22T16:45:55+02:00	[fix] updated cmdlet's help
JiraPS/Public/Get-JiraIssue.ps1	152	152	Joshua Taliaferro	8e4e838d813ccc541d74fa35d46929c3e8e80c0a	https://github.com/AtlassianPS/JiraPS/commit/8e4e838d813ccc541d74fa35d46929c3e8e80c0a	2015-12-10T14:20:53-06:00	Fixed #15
JiraPS/Public/Get-JiraIssue.ps1	156	156	Joshua Taliaferro	6cc570e828c53633c02e2db47447cd25519f2274	https://github.com/AtlassianPS/JiraPS/commit/6cc570e828c53633c02e2db47447cd25519f2274	2015-10-16T14:39:37-05:00	Added -Filter parameter
JiraPS/Public/Get-JiraIssue.ps1	157	159	Joshua Taliaferro	c33b95778148439dadd643091cd7d72565036653	https://github.com/AtlassianPS/JiraPS/commit/c33b95778148439dadd643091cd7d72565036653	2015-07-08T14:51:09-05:00	Initial commit
JiraPS/Public/Get-JiraIssue.ps1	160	160	Oliver Lipkau	6c36cb7d8db2cc8538581a7de4bb3952c5c2119e	https://github.com/AtlassianPS/JiraPS/commit/6c36cb7d8db2cc8538581a7de4bb3952c5c2119e	2017-06-27T06:12:29+02:00	Enhance repo's environment (#147)
JiraPS/Public/Get-JiraIssue.ps1	162	162	Joshua Taliaferro	c33b95778148439dadd643091cd7d72565036653	https://github.com/AtlassianPS/JiraPS/commit/c33b95778148439dadd643091cd7d72565036653	2015-07-08T14:51:09-05:00	Initial commit
JiraPS/Public/Get-JiraIssue.ps1	163	163	Joshua Taliaferro	316d9f567af7313caa065a5f717b3a0fb0256da9	https://github.com/AtlassianPS/JiraPS/commit/316d9f567af7313caa065a5f717b3a0fb0256da9	2015-09-17T22:24:48-05:00	Whitespace and newline cleanup
JiraPS/Public/Get-JiraIssueAttachment.ps1	3	4	Joe Beaudry	71c50e896a65c16790bed873000cf48c3161168c	https://github.com/AtlassianPS/JiraPS/commit/71c50e896a65c16790bed873000cf48c3161168c	2017-06-20T08:20:54-04:00	Started building Get attachment
JiraPS/Public/Get-JiraIssueAttachment.ps1	8	8	Joe Beaudry	71c50e896a65c16790bed873000cf48c3161168c	https://github.com/AtlassianPS/JiraPS/commit/71c50e896a65c16790bed873000cf48c3161168c	2017-06-20T08:20:54-04:00	Started building Get attachment
JiraPS/Public/Get-JiraIssueAttachment.ps1	11	11	Oliver Lipkau	7abd1b5fd21a161df8729f20c0156f16d00c255e	https://github.com/AtlassianPS/JiraPS/commit/7abd1b5fd21a161df8729f20c0156f16d00c255e	2017-06-22T13:51:21+02:00	Refactor function:
JiraPS/Public/Get-JiraIssueAttachment.ps1	19	20	Joe Beaudry	71c50e896a65c16790bed873000cf48c3161168c	https://github.com/AtlassianPS/JiraPS/commit/71c50e896a65c16790bed873000cf48c3161168c	2017-06-20T08:20:54-04:00	Started building Get attachment
JiraPS/Public/Get-JiraIssueAttachment.ps1	23	24	Joe Beaudry	71c50e896a65c16790bed873000cf48c3161168c	https://github.com/AtlassianPS/JiraPS/commit/71c50e896a65c16790bed873000cf48c3161168c	2017-06-20T08:20:54-04:00	Started building Get attachment
JiraPS/Public/Get-JiraIssueAttachment.ps1	31	31	Joe Beaudry	71c50e896a65c16790bed873000cf48c3161168c	https://github.com/AtlassianPS/JiraPS/commit/71c50e896a65c16790bed873000cf48c3161168c	2017-06-20T08:20:54-04:00	Started building Get attachment
JiraPS/Public/Get-JiraIssueAttachment.ps1	32	34	Oliver Lipkau	7abd1b5fd21a161df8729f20c0156f16d00c255e	https://github.com/AtlassianPS/JiraPS/commit/7abd1b5fd21a161df8729f20c0156f16d00c255e	2017-06-22T13:51:21+02:00	Refactor function:
JiraPS/Public/Get-JiraIssueAttachment.ps1	36	36	Oliver Lipkau	7abd1b5fd21a161df8729f20c0156f16d00c255e	https://github.com/AtlassianPS/JiraPS/commit/7abd1b5fd21a161df8729f20c0156f16d00c255e	2017-06-22T13:51:21+02:00	Refactor function:
JiraPS/Public/Get-JiraIssueAttachment.ps1	40	40	Joe Beaudry	4289340b97433826ab18701caab3927182875576	https://github.com/AtlassianPS/JiraPS/commit/4289340b97433826ab18701caab3927182875576	2017-06-20T19:45:30-04:00	Added Filename support to Get Jira Issue attachment and created and started work on Remove-JiraIssueAttachment
JiraPS/Public/Get-JiraIssueAttachment.ps1	41	41	Oliver Lipkau	7abd1b5fd21a161df8729f20c0156f16d00c255e	https://github.com/AtlassianPS/JiraPS/commit/7abd1b5fd21a161df8729f20c0156f16d00c255e	2017-06-22T13:51:21+02:00	Refactor function:
JiraPS/Public/Get-JiraIssueAttachment.ps1	42	42	Joe Beaudry	4289340b97433826ab18701caab3927182875576	https://github.com/AtlassianPS/JiraPS/commit/4289340b97433826ab18701caab3927182875576	2017-06-20T19:45:30-04:00	Added Filename support to Get Jira Issue attachment and created and started work on Remove-JiraIssueAttachment
JiraPS/Public/Get-JiraIssueAttachment.ps1	43	44	Joe Beaudry	71c50e896a65c16790bed873000cf48c3161168c	https://github.com/AtlassianPS/JiraPS/commit/71c50e896a65c16790bed873000cf48c3161168c	2017-06-20T08:20:54-04:00	Started building Get attachment
JiraPS/Public/Get-JiraIssueAttachment.ps1	47	49	Joe Beaudry	71c50e896a65c16790bed873000cf48c3161168c	https://github.com/AtlassianPS/JiraPS/commit/71c50e896a65c16790bed873000cf48c3161168c	2017-06-20T08:20:54-04:00	Started building Get attachment
JiraPS/Public/Get-JiraIssueAttachmentFile.ps1	47	47	Oliver Lipkau	f3f8338aa40b13b1b2ee08313e847602b22fec67	https://github.com/AtlassianPS/JiraPS/commit/f3f8338aa40b13b1b2ee08313e847602b22fec67	2017-08-05T09:45:36+02:00	Release v2.2.0
JiraPS/Public/Get-JiraIssueAttachmentFile.ps1	52	54	Oliver Lipkau	f3f8338aa40b13b1b2ee08313e847602b22fec67	https://github.com/AtlassianPS/JiraPS/commit/f3f8338aa40b13b1b2ee08313e847602b22fec67	2017-08-05T09:45:36+02:00	Release v2.2.0
JiraPS/Public/Get-JiraIssueAttachmentFile.ps1	56	58	Oliver Lipkau	f3f8338aa40b13b1b2ee08313e847602b22fec67	https://github.com/AtlassianPS/JiraPS/commit/f3f8338aa40b13b1b2ee08313e847602b22fec67	2017-08-05T09:45:36+02:00	Release v2.2.0
JiraPS/Public/Get-JiraIssueAttachmentFile.ps1	84	84	Joshua Taliaferro	c33b95778148439dadd643091cd7d72565036653	https://github.com/AtlassianPS/JiraPS/commit/c33b95778148439dadd643091cd7d72565036653	2015-07-08T14:51:09-05:00	Initial commit
JiraPS/Public/Get-JiraIssueAttachmentFile.ps1	85	85	Joshua Taliaferro	316d9f567af7313caa065a5f717b3a0fb0256da9	https://github.com/AtlassianPS/JiraPS/commit/316d9f567af7313caa065a5f717b3a0fb0256da9	2015-09-17T22:24:48-05:00	Whitespace and newline cleanup
JiraPS/Public/Get-JiraIssueComment.ps1	3	4	Joshua Taliaferro	c33b95778148439dadd643091cd7d72565036653	https://github.com/AtlassianPS/JiraPS/commit/c33b95778148439dadd643091cd7d72565036653	2015-07-08T14:51:09-05:00	Initial commit
JiraPS/Public/Get-JiraIssueComment.ps1	8	8	Joshua Taliaferro	c33b95778148439dadd643091cd7d72565036653	https://github.com/AtlassianPS/JiraPS/commit/c33b95778148439dadd643091cd7d72565036653	2015-07-08T14:51:09-05:00	Initial commit
JiraPS/Public/Get-JiraIssueComment.ps1	11	11	Joshua Taliaferro	c33b95778148439dadd643091cd7d72565036653	https://github.com/AtlassianPS/JiraPS/commit/c33b95778148439dadd643091cd7d72565036653	2015-07-08T14:51:09-05:00	Initial commit
JiraPS/Public/Get-JiraIssueComment.ps1	16	17	Joshua Taliaferro	c33b95778148439dadd643091cd7d72565036653	https://github.com/AtlassianPS/JiraPS/commit/c33b95778148439dadd643091cd7d72565036653	2015-07-08T14:51:09-05:00	Initial commit
JiraPS/Public/Get-JiraIssueComment.ps1	18	18	Oliver Lipkau	6c36cb7d8db2cc8538581a7de4bb3952c5c2119e	https://github.com/AtlassianPS/JiraPS/commit/6c36cb7d8db2cc8538581a7de4bb3952c5c2119e	2017-06-27T06:12:29+02:00	Enhance repo's environment (#147)
JiraPS/Public/Get-JiraIssueComment.ps1	20	21	Joshua Taliaferro	c33b95778148439dadd643091cd7d72565036653	https://github.com/AtlassianPS/JiraPS/commit/c33b95778148439dadd643091cd7d72565036653	2015-07-08T14:51:09-05:00	Initial commit
JiraPS/Public/Get-JiraIssueComment.ps1	22	22	Oliver Lipkau	6c36cb7d8db2cc8538581a7de4bb3952c5c2119e	https://github.com/AtlassianPS/JiraPS/commit/6c36cb7d8db2cc8538581a7de4bb3952c5c2119e	2017-06-27T06:12:29+02:00	Enhance repo's environment (#147)
JiraPS/Public/Get-JiraIssueComment.ps1	28	28	Joshua Taliaferro	316d9f567af7313caa065a5f717b3a0fb0256da9	https://github.com/AtlassianPS/JiraPS/commit/316d9f567af7313caa065a5f717b3a0fb0256da9	2015-09-17T22:24:48-05:00	Whitespace and newline cleanup
JiraPS/Public/Get-JiraIssueComment.ps1	39	39	Joshua Taliaferro	c33b95778148439dadd643091cd7d72565036653	https://github.com/AtlassianPS/JiraPS/commit/c33b95778148439dadd643091cd7d72565036653	2015-07-08T14:51:09-05:00	Initial commit
JiraPS/Public/Get-JiraIssueComment.ps1	42	43	Joshua Taliaferro	c33b95778148439dadd643091cd7d72565036653	https://github.com/AtlassianPS/JiraPS/commit/c33b95778148439dadd643091cd7d72565036653	2015-07-08T14:51:09-05:00	Initial commit
JiraPS/Public/Get-JiraIssueComment.ps1	44	44	Oliver Lipkau	6c36cb7d8db2cc8538581a7de4bb3952c5c2119e	https://github.com/AtlassianPS/JiraPS/commit/6c36cb7d8db2cc8538581a7de4bb3952c5c2119e	2017-06-27T06:12:29+02:00	Enhance repo's environment (#147)
JiraPS/Public/Get-JiraIssueComment.ps1	46	46	Joshua Taliaferro	c33b95778148439dadd643091cd7d72565036653	https://github.com/AtlassianPS/JiraPS/commit/c33b95778148439dadd643091cd7d72565036653	2015-07-08T14:51:09-05:00	Initial commit
JiraPS/Public/Get-JiraIssueComment.ps1	47	47	Joshua Taliaferro	316d9f567af7313caa065a5f717b3a0fb0256da9	https://github.com/AtlassianPS/JiraPS/commit/316d9f567af7313caa065a5f717b3a0fb0256da9	2015-09-17T22:24:48-05:00	Whitespace and newline cleanup
JiraPS/Public/Get-JiraIssueCreateMetadata.ps1	5	5	Joshua Taliaferro	c33b95778148439dadd643091cd7d72565036653	https://github.com/AtlassianPS/JiraPS/commit/c33b95778148439dadd643091cd7d72565036653	2015-07-08T14:51:09-05:00	Initial commit
JiraPS/Public/Get-JiraIssueCreateMetadata.ps1	9	9	Joshua Taliaferro	c33b95778148439dadd643091cd7d72565036653	https://github.com/AtlassianPS/JiraPS/commit/c33b95778148439dadd643091cd7d72565036653	2015-07-08T14:51:09-05:00	Initial commit
JiraPS/Public/Get-JiraIssueCreateMetadata.ps1	13	13	Joshua Taliaferro	c33b95778148439dadd643091cd7d72565036653	https://github.com/AtlassianPS/JiraPS/commit/c33b95778148439dadd643091cd7d72565036653	2015-07-08T14:51:09-05:00	Initial commit
JiraPS/Public/Get-JiraIssueCreateMetadata.ps1	18	19	Joshua Taliaferro	c33b95778148439dadd643091cd7d72565036653	https://github.com/AtlassianPS/JiraPS/commit/c33b95778148439dadd643091cd7d72565036653	2015-07-08T14:51:09-05:00	Initial commit
JiraPS/Public/Get-JiraIssueCreateMetadata.ps1	20	20	Oliver Lipkau	6c36cb7d8db2cc8538581a7de4bb3952c5c2119e	https://github.com/AtlassianPS/JiraPS/commit/6c36cb7d8db2cc8538581a7de4bb3952c5c2119e	2017-06-27T06:12:29+02:00	Enhance repo's environment (#147)
JiraPS/Public/Get-JiraIssueCreateMetadata.ps1	22	22	Oliver Lipkau	3c58908262cd12af50880053b4dac1e812f6958b	https://github.com/AtlassianPS/JiraPS/commit/3c58908262cd12af50880053b4dac1e812f6958b	2017-05-24T11:29:47+02:00	Take over global PSDefaultParameterValues
JiraPS/Public/Get-JiraIssueCreateMetadata.ps1	25	26	Joshua Taliaferro	c33b95778148439dadd643091cd7d72565036653	https://github.com/AtlassianPS/JiraPS/commit/c33b95778148439dadd643091cd7d72565036653	2015-07-08T14:51:09-05:00	Initial commit
JiraPS/Public/Get-JiraIssueCreateMetadata.ps1	27	27	Oliver Lipkau	6c36cb7d8db2cc8538581a7de4bb3952c5c2119e	https://github.com/AtlassianPS/JiraPS/commit/6c36cb7d8db2cc8538581a7de4bb3952c5c2119e	2017-06-27T06:12:29+02:00	Enhance repo's environment (#147)
JiraPS/Public/Get-JiraIssueCreateMetadata.ps1	58	58	Joshua Taliaferro	c33b95778148439dadd643091cd7d72565036653	https://github.com/AtlassianPS/JiraPS/commit/c33b95778148439dadd643091cd7d72565036653	2015-07-08T14:51:09-05:00	Initial commit
JiraPS/Public/Get-JiraIssueCreateMetadata.ps1	63	63	Joshua Taliaferro	316d9f567af7313caa065a5f717b3a0fb0256da9	https://github.com/AtlassianPS/JiraPS/commit/316d9f567af7313caa065a5f717b3a0fb0256da9	2015-09-17T22:24:48-05:00	Whitespace and newline cleanup
JiraPS/Public/Get-JiraIssueEditMetadata.ps1	4	5	Oliver Lipkau	6c36cb7d8db2cc8538581a7de4bb3952c5c2119e	https://github.com/AtlassianPS/JiraPS/commit/6c36cb7d8db2cc8538581a7de4bb3952c5c2119e	2017-06-27T06:12:29+02:00	Enhance repo's environment (#147)
JiraPS/Public/Get-JiraIssueEditMetadata.ps1	13	13	Oliver Lipkau	6c36cb7d8db2cc8538581a7de4bb3952c5c2119e	https://github.com/AtlassianPS/JiraPS/commit/6c36cb7d8db2cc8538581a7de4bb3952c5c2119e	2017-06-27T06:12:29+02:00	Enhance repo's environment (#147)
JiraPS/Public/Get-JiraIssueEditMetadata.ps1	18	20	Oliver Lipkau	6c36cb7d8db2cc8538581a7de4bb3952c5c2119e	https://github.com/AtlassianPS/JiraPS/commit/6c36cb7d8db2cc8538581a7de4bb3952c5c2119e	2017-06-27T06:12:29+02:00	Enhance repo's environment (#147)
JiraPS/Public/Get-JiraIssueEditMetadata.ps1	22	22	Oliver Lipkau	3c58908262cd12af50880053b4dac1e812f6958b	https://github.com/AtlassianPS/JiraPS/commit/3c58908262cd12af50880053b4dac1e812f6958b	2017-05-24T11:29:47+02:00	Take over global PSDefaultParameterValues
JiraPS/Public/Get-JiraIssueEditMetadata.ps1	24	26	Oliver Lipkau	6c36cb7d8db2cc8538581a7de4bb3952c5c2119e	https://github.com/AtlassianPS/JiraPS/commit/6c36cb7d8db2cc8538581a7de4bb3952c5c2119e	2017-06-27T06:12:29+02:00	Enhance repo's environment (#147)
JiraPS/Public/Get-JiraIssueEditMetadata.ps1	41	41	Oliver Lipkau	6c36cb7d8db2cc8538581a7de4bb3952c5c2119e	https://github.com/AtlassianPS/JiraPS/commit/6c36cb7d8db2cc8538581a7de4bb3952c5c2119e	2017-06-27T06:12:29+02:00	Enhance repo's environment (#147)
JiraPS/Public/Get-JiraIssueEditMetadata.ps1	46	47	Oliver Lipkau	6c36cb7d8db2cc8538581a7de4bb3952c5c2119e	https://github.com/AtlassianPS/JiraPS/commit/6c36cb7d8db2cc8538581a7de4bb3952c5c2119e	2017-06-27T06:12:29+02:00	Enhance repo's environment (#147)
JiraPS/Public/Get-JiraIssueEditMetadata.ps1	55	56	Oliver Lipkau	6c36cb7d8db2cc8538581a7de4bb3952c5c2119e	https://github.com/AtlassianPS/JiraPS/commit/6c36cb7d8db2cc8538581a7de4bb3952c5c2119e	2017-06-27T06:12:29+02:00	Enhance repo's environment (#147)
JiraPS/Public/Get-JiraIssueEditMetadata.ps1	61	61	Oliver Lipkau	6c36cb7d8db2cc8538581a7de4bb3952c5c2119e	https://github.com/AtlassianPS/JiraPS/commit/6c36cb7d8db2cc8538581a7de4bb3952c5c2119e	2017-06-27T06:12:29+02:00	Enhance repo's environment (#147)
JiraPS/Public/Get-JiraIssueLink.ps1	3	4	Oliver Lipkau	bbb4377b69aa6a726bd9c122fe28e2a0278ff68a	https://github.com/AtlassianPS/JiraPS/commit/bbb4377b69aa6a726bd9c122fe28e2a0278ff68a	2017-06-25T16:41:50+02:00	Rename module in PRs since last major release
JiraPS/Public/Get-JiraIssueLink.ps1	8	8	Oliver Lipkau	bbb4377b69aa6a726bd9c122fe28e2a0278ff68a	https://github.com/AtlassianPS/JiraPS/commit/bbb4377b69aa6a726bd9c122fe28e2a0278ff68a	2017-06-25T16:41:50+02:00	Rename module in PRs since last major release
JiraPS/Public/Get-JiraIssueLink.ps1	13	15	Oliver Lipkau	bbb4377b69aa6a726bd9c122fe28e2a0278ff68a	https://github.com/AtlassianPS/JiraPS/commit/bbb4377b69aa6a726bd9c122fe28e2a0278ff68a	2017-06-25T16:41:50+02:00	Rename module in PRs since last major release
JiraPS/Public/Get-JiraIssueLink.ps1	17	17	Oliver Lipkau	3c58908262cd12af50880053b4dac1e812f6958b	https://github.com/AtlassianPS/JiraPS/commit/3c58908262cd12af50880053b4dac1e812f6958b	2017-05-24T11:29:47+02:00	Take over global PSDefaultParameterValues
JiraPS/Public/Get-JiraIssueLink.ps1	19	21	Oliver Lipkau	bbb4377b69aa6a726bd9c122fe28e2a0278ff68a	https://github.com/AtlassianPS/JiraPS/commit/bbb4377b69aa6a726bd9c122fe28e2a0278ff68a	2017-06-25T16:41:50+02:00	Rename module in PRs since last major release
JiraPS/Public/Get-JiraIssueLink.ps1	25	25	Oliver Lipkau	bbb4377b69aa6a726bd9c122fe28e2a0278ff68a	https://github.com/AtlassianPS/JiraPS/commit/bbb4377b69aa6a726bd9c122fe28e2a0278ff68a	2017-06-25T16:41:50+02:00	Rename module in PRs since last major release
JiraPS/Public/Get-JiraIssueLink.ps1	34	35	Oliver Lipkau	bbb4377b69aa6a726bd9c122fe28e2a0278ff68a	https://github.com/AtlassianPS/JiraPS/commit/bbb4377b69aa6a726bd9c122fe28e2a0278ff68a	2017-06-25T16:41:50+02:00	Rename module in PRs since last major release
JiraPS/Public/Get-JiraIssueLink.ps1	39	39	Oliver Lipkau	bbb4377b69aa6a726bd9c122fe28e2a0278ff68a	https://github.com/AtlassianPS/JiraPS/commit/bbb4377b69aa6a726bd9c122fe28e2a0278ff68a	2017-06-25T16:41:50+02:00	Rename module in PRs since last major release
JiraPS/Public/Get-JiraIssueLink.ps1	49	52	Oliver Lipkau	bbb4377b69aa6a726bd9c122fe28e2a0278ff68a	https://github.com/AtlassianPS/JiraPS/commit/bbb4377b69aa6a726bd9c122fe28e2a0278ff68a	2017-06-25T16:41:50+02:00	Rename module in PRs since last major release
JiraPS/Public/Get-JiraIssueLink.ps1	54	55	Oliver Lipkau	bbb4377b69aa6a726bd9c122fe28e2a0278ff68a	https://github.com/AtlassianPS/JiraPS/commit/bbb4377b69aa6a726bd9c122fe28e2a0278ff68a	2017-06-25T16:41:50+02:00	Rename module in PRs since last major release
JiraPS/Public/Get-JiraIssueLinkType.ps1	4	4	Joshua Taliaferro	75ba2d623c2184811df73b205c8743266dd5636a	https://github.com/AtlassianPS/JiraPS/commit/75ba2d623c2184811df73b205c8743266dd5636a	2016-09-01T21:51:03-05:00	Created function Get-JiraIssueLinkType
JiraPS/Public/Get-JiraIssueLinkType.ps1	10	10	Joshua Taliaferro	75ba2d623c2184811df73b205c8743266dd5636a	https://github.com/AtlassianPS/JiraPS/commit/75ba2d623c2184811df73b205c8743266dd5636a	2016-09-01T21:51:03-05:00	Created function Get-JiraIssueLinkType
JiraPS/Public/Get-JiraIssueLinkType.ps1	15	16	Joshua Taliaferro	75ba2d623c2184811df73b205c8743266dd5636a	https://github.com/AtlassianPS/JiraPS/commit/75ba2d623c2184811df73b205c8743266dd5636a	2016-09-01T21:51:03-05:00	Created function Get-JiraIssueLinkType
JiraPS/Public/Get-JiraIssueLinkType.ps1	17	17	Oliver Lipkau	6c36cb7d8db2cc8538581a7de4bb3952c5c2119e	https://github.com/AtlassianPS/JiraPS/commit/6c36cb7d8db2cc8538581a7de4bb3952c5c2119e	2017-06-27T06:12:29+02:00	Enhance repo's environment (#147)
JiraPS/Public/Get-JiraIssueLinkType.ps1	19	19	Oliver Lipkau	3c58908262cd12af50880053b4dac1e812f6958b	https://github.com/AtlassianPS/JiraPS/commit/3c58908262cd12af50880053b4dac1e812f6958b	2017-05-24T11:29:47+02:00	Take over global PSDefaultParameterValues
JiraPS/Public/Get-JiraIssueLinkType.ps1	21	22	Joshua Taliaferro	75ba2d623c2184811df73b205c8743266dd5636a	https://github.com/AtlassianPS/JiraPS/commit/75ba2d623c2184811df73b205c8743266dd5636a	2016-09-01T21:51:03-05:00	Created function Get-JiraIssueLinkType
JiraPS/Public/Get-JiraIssueLinkType.ps1	23	23	Oliver Lipkau	6c36cb7d8db2cc8538581a7de4bb3952c5c2119e	https://github.com/AtlassianPS/JiraPS/commit/6c36cb7d8db2cc8538581a7de4bb3952c5c2119e	2017-06-27T06:12:29+02:00	Enhance repo's environment (#147)
JiraPS/Public/Get-JiraIssueLinkType.ps1	32	32	Oliver Lipkau	6c36cb7d8db2cc8538581a7de4bb3952c5c2119e	https://github.com/AtlassianPS/JiraPS/commit/6c36cb7d8db2cc8538581a7de4bb3952c5c2119e	2017-06-27T06:12:29+02:00	Enhance repo's environment (#147)
JiraPS/Public/Get-JiraIssueLinkType.ps1	35	35	Joshua Taliaferro	75ba2d623c2184811df73b205c8743266dd5636a	https://github.com/AtlassianPS/JiraPS/commit/75ba2d623c2184811df73b205c8743266dd5636a	2016-09-01T21:51:03-05:00	Created function Get-JiraIssueLinkType
JiraPS/Public/Get-JiraIssueLinkType.ps1	53	53	Oliver Lipkau	6c36cb7d8db2cc8538581a7de4bb3952c5c2119e	https://github.com/AtlassianPS/JiraPS/commit/6c36cb7d8db2cc8538581a7de4bb3952c5c2119e	2017-06-27T06:12:29+02:00	Enhance repo's environment (#147)
JiraPS/Public/Get-JiraIssueLinkType.ps1	54	55	Joshua Taliaferro	75ba2d623c2184811df73b205c8743266dd5636a	https://github.com/AtlassianPS/JiraPS/commit/75ba2d623c2184811df73b205c8743266dd5636a	2016-09-01T21:51:03-05:00	Created function Get-JiraIssueLinkType
JiraPS/Public/Get-JiraIssueLinkType.ps1	60	60	Joshua Taliaferro	75ba2d623c2184811df73b205c8743266dd5636a	https://github.com/AtlassianPS/JiraPS/commit/75ba2d623c2184811df73b205c8743266dd5636a	2016-09-01T21:51:03-05:00	Created function Get-JiraIssueLinkType
JiraPS/Public/Get-JiraIssueType.ps1	4	4	Joshua Taliaferro	c33b95778148439dadd643091cd7d72565036653	https://github.com/AtlassianPS/JiraPS/commit/c33b95778148439dadd643091cd7d72565036653	2015-07-08T14:51:09-05:00	Initial commit
JiraPS/Public/Get-JiraIssueType.ps1	8	8	Joshua Taliaferro	c33b95778148439dadd643091cd7d72565036653	https://github.com/AtlassianPS/JiraPS/commit/c33b95778148439dadd643091cd7d72565036653	2015-07-08T14:51:09-05:00	Initial commit
JiraPS/Public/Get-JiraIssueType.ps1	17	18	Joshua Taliaferro	c33b95778148439dadd643091cd7d72565036653	https://github.com/AtlassianPS/JiraPS/commit/c33b95778148439dadd643091cd7d72565036653	2015-07-08T14:51:09-05:00	Initial commit
JiraPS/Public/Get-JiraIssueType.ps1	19	19	Oliver Lipkau	6c36cb7d8db2cc8538581a7de4bb3952c5c2119e	https://github.com/AtlassianPS/JiraPS/commit/6c36cb7d8db2cc8538581a7de4bb3952c5c2119e	2017-06-27T06:12:29+02:00	Enhance repo's environment (#147)
JiraPS/Public/Get-JiraIssueType.ps1	21	21	Oliver Lipkau	3c58908262cd12af50880053b4dac1e812f6958b	https://github.com/AtlassianPS/JiraPS/commit/3c58908262cd12af50880053b4dac1e812f6958b	2017-05-24T11:29:47+02:00	Take over global PSDefaultParameterValues
JiraPS/Public/Get-JiraIssueType.ps1	23	24	Joshua Taliaferro	c33b95778148439dadd643091cd7d72565036653	https://github.com/AtlassianPS/JiraPS/commit/c33b95778148439dadd643091cd7d72565036653	2015-07-08T14:51:09-05:00	Initial commit
JiraPS/Public/Get-JiraIssueType.ps1	25	25	Oliver Lipkau	6c36cb7d8db2cc8538581a7de4bb3952c5c2119e	https://github.com/AtlassianPS/JiraPS/commit/6c36cb7d8db2cc8538581a7de4bb3952c5c2119e	2017-06-27T06:12:29+02:00	Enhance repo's environment (#147)
JiraPS/Public/Get-JiraIssueType.ps1	38	38	Oliver Lipkau	b1270b78814d0ebc6b04c3b56168dc451ef4829c	https://github.com/AtlassianPS/JiraPS/commit/b1270b78814d0ebc6b04c3b56168dc451ef4829c	2017-05-22T17:21:18+02:00	[fix] updated the code formatting I screwed up in my last commit
JiraPS/Public/Get-JiraIssueType.ps1	53	54	Joshua Taliaferro	c33b95778148439dadd643091cd7d72565036653	https://github.com/AtlassianPS/JiraPS/commit/c33b95778148439dadd643091cd7d72565036653	2015-07-08T14:51:09-05:00	Initial commit
JiraPS/Public/Get-JiraIssueType.ps1	55	55	Oliver Lipkau	b1270b78814d0ebc6b04c3b56168dc451ef4829c	https://github.com/AtlassianPS/JiraPS/commit/b1270b78814d0ebc6b04c3b56168dc451ef4829c	2017-05-22T17:21:18+02:00	[fix] updated the code formatting I screwed up in my last commit
JiraPS/Public/Get-JiraIssueType.ps1	56	57	Joshua Taliaferro	c33b95778148439dadd643091cd7d72565036653	https://github.com/AtlassianPS/JiraPS/commit/c33b95778148439dadd643091cd7d72565036653	2015-07-08T14:51:09-05:00	Initial commit
JiraPS/Public/Get-JiraIssueType.ps1	58	58	Oliver Lipkau	6c36cb7d8db2cc8538581a7de4bb3952c5c2119e	https://github.com/AtlassianPS/JiraPS/commit/6c36cb7d8db2cc8538581a7de4bb3952c5c2119e	2017-06-27T06:12:29+02:00	Enhance repo's environment (#147)
JiraPS/Public/Get-JiraIssueType.ps1	60	60	Joshua Taliaferro	c33b95778148439dadd643091cd7d72565036653	https://github.com/AtlassianPS/JiraPS/commit/c33b95778148439dadd643091cd7d72565036653	2015-07-08T14:51:09-05:00	Initial commit
JiraPS/Public/Get-JiraIssueType.ps1	61	61	Joshua Taliaferro	316d9f567af7313caa065a5f717b3a0fb0256da9	https://github.com/AtlassianPS/JiraPS/commit/316d9f567af7313caa065a5f717b3a0fb0256da9	2015-09-17T22:24:48-05:00	Whitespace and newline cleanup
JiraPS/Public/Get-JiraIssueWatcher.ps1	3	4	Eugene Bekker	ba55220e71bc7f14a3eeee9c730b5aed6aee60e9	https://github.com/AtlassianPS/JiraPS/commit/ba55220e71bc7f14a3eeee9c730b5aed6aee60e9	2017-01-24T15:59:24-05:00	Adds support for listing and managing issue watchers
JiraPS/Public/Get-JiraIssueWatcher.ps1	8	8	Eugene Bekker	ba55220e71bc7f14a3eeee9c730b5aed6aee60e9	https://github.com/AtlassianPS/JiraPS/commit/ba55220e71bc7f14a3eeee9c730b5aed6aee60e9	2017-01-24T15:59:24-05:00	Adds support for listing and managing issue watchers
JiraPS/Public/Get-JiraIssueWatcher.ps1	11	11	Eugene Bekker	ba55220e71bc7f14a3eeee9c730b5aed6aee60e9	https://github.com/AtlassianPS/JiraPS/commit/ba55220e71bc7f14a3eeee9c730b5aed6aee60e9	2017-01-24T15:59:24-05:00	Adds support for listing and managing issue watchers
JiraPS/Public/Get-JiraIssueWatcher.ps1	16	17	Eugene Bekker	ba55220e71bc7f14a3eeee9c730b5aed6aee60e9	https://github.com/AtlassianPS/JiraPS/commit/ba55220e71bc7f14a3eeee9c730b5aed6aee60e9	2017-01-24T15:59:24-05:00	Adds support for listing and managing issue watchers
JiraPS/Public/Get-JiraIssueWatcher.ps1	18	18	Oliver Lipkau	6c36cb7d8db2cc8538581a7de4bb3952c5c2119e	https://github.com/AtlassianPS/JiraPS/commit/6c36cb7d8db2cc8538581a7de4bb3952c5c2119e	2017-06-27T06:12:29+02:00	Enhance repo's environment (#147)
JiraPS/Public/Get-JiraIssueWatcher.ps1	20	21	Eugene Bekker	ba55220e71bc7f14a3eeee9c730b5aed6aee60e9	https://github.com/AtlassianPS/JiraPS/commit/ba55220e71bc7f14a3eeee9c730b5aed6aee60e9	2017-01-24T15:59:24-05:00	Adds support for listing and managing issue watchers
JiraPS/Public/Get-JiraIssueWatcher.ps1	22	22	Oliver Lipkau	6c36cb7d8db2cc8538581a7de4bb3952c5c2119e	https://github.com/AtlassianPS/JiraPS/commit/6c36cb7d8db2cc8538581a7de4bb3952c5c2119e	2017-06-27T06:12:29+02:00	Enhance repo's environment (#147)
JiraPS/Public/Get-JiraIssueWatcher.ps1	28	28	Eugene Bekker	ba55220e71bc7f14a3eeee9c730b5aed6aee60e9	https://github.com/AtlassianPS/JiraPS/commit/ba55220e71bc7f14a3eeee9c730b5aed6aee60e9	2017-01-24T15:59:24-05:00	Adds support for listing and managing issue watchers
JiraPS/Public/Get-JiraIssueWatcher.ps1	40	41	Eugene Bekker	ba55220e71bc7f14a3eeee9c730b5aed6aee60e9	https://github.com/AtlassianPS/JiraPS/commit/ba55220e71bc7f14a3eeee9c730b5aed6aee60e9	2017-01-24T15:59:24-05:00	Adds support for listing and managing issue watchers
JiraPS/Public/Get-JiraIssueWatcher.ps1	42	42	Oliver Lipkau	6c36cb7d8db2cc8538581a7de4bb3952c5c2119e	https://github.com/AtlassianPS/JiraPS/commit/6c36cb7d8db2cc8538581a7de4bb3952c5c2119e	2017-06-27T06:12:29+02:00	Enhance repo's environment (#147)
JiraPS/Public/Get-JiraIssueWatcher.ps1	44	45	Eugene Bekker	ba55220e71bc7f14a3eeee9c730b5aed6aee60e9	https://github.com/AtlassianPS/JiraPS/commit/ba55220e71bc7f14a3eeee9c730b5aed6aee60e9	2017-01-24T15:59:24-05:00	Adds support for listing and managing issue watchers
JiraPS/Public/Get-JiraIssueWorklog.ps1	3	4	Joshua Taliaferro	95ebe41348e10f941f1c8f9cc4e82ed8d3192d8b	https://github.com/AtlassianPS/JiraPS/commit/95ebe41348e10f941f1c8f9cc4e82ed8d3192d8b	2016-08-20T22:14:29-05:00	Refactored into Public and Internal directories.
JiraPS/Public/Get-JiraIssueWorklog.ps1	11	11	Joshua Taliaferro	c33b95778148439dadd643091cd7d72565036653	https://github.com/AtlassianPS/JiraPS/commit/c33b95778148439dadd643091cd7d72565036653	2015-07-08T14:51:09-05:00	Initial commit
JiraPS/Public/Get-JiraIssueWorklog.ps1	16	17	Joshua Taliaferro	c33b95778148439dadd643091cd7d72565036653	https://github.com/AtlassianPS/JiraPS/commit/c33b95778148439dadd643091cd7d72565036653	2015-07-08T14:51:09-05:00	Initial commit
JiraPS/Public/Get-JiraIssueWorklog.ps1	18	18	Oliver Lipkau	6c36cb7d8db2cc8538581a7de4bb3952c5c2119e	https://github.com/AtlassianPS/JiraPS/commit/6c36cb7d8db2cc8538581a7de4bb3952c5c2119e	2017-06-27T06:12:29+02:00	Enhance repo's environment (#147)
JiraPS/Public/Get-JiraIssueWorklog.ps1	20	21	Joshua Taliaferro	c33b95778148439dadd643091cd7d72565036653	https://github.com/AtlassianPS/JiraPS/commit/c33b95778148439dadd643091cd7d72565036653	2015-07-08T14:51:09-05:00	Initial commit
JiraPS/Public/Get-JiraIssueWorklog.ps1	22	22	Oliver Lipkau	6c36cb7d8db2cc8538581a7de4bb3952c5c2119e	https://github.com/AtlassianPS/JiraPS/commit/6c36cb7d8db2cc8538581a7de4bb3952c5c2119e	2017-06-27T06:12:29+02:00	Enhance repo's environment (#147)
JiraPS/Public/Get-JiraIssueWorklog.ps1	28	28	Joshua Taliaferro	316d9f567af7313caa065a5f717b3a0fb0256da9	https://github.com/AtlassianPS/JiraPS/commit/316d9f567af7313caa065a5f717b3a0fb0256da9	2015-09-17T22:24:48-05:00	Whitespace and newline cleanup
JiraPS/Public/Get-JiraIssueWorklog.ps1	39	39	Joshua Taliaferro	c33b95778148439dadd643091cd7d72565036653	https://github.com/AtlassianPS/JiraPS/commit/c33b95778148439dadd643091cd7d72565036653	2015-07-08T14:51:09-05:00	Initial commit
JiraPS/Public/Get-JiraIssueWorklog.ps1	42	43	Joshua Taliaferro	c33b95778148439dadd643091cd7d72565036653	https://github.com/AtlassianPS/JiraPS/commit/c33b95778148439dadd643091cd7d72565036653	2015-07-08T14:51:09-05:00	Initial commit
JiraPS/Public/Get-JiraIssueWorklog.ps1	44	44	Oliver Lipkau	6c36cb7d8db2cc8538581a7de4bb3952c5c2119e	https://github.com/AtlassianPS/JiraPS/commit/6c36cb7d8db2cc8538581a7de4bb3952c5c2119e	2017-06-27T06:12:29+02:00	Enhance repo's environment (#147)
JiraPS/Public/Get-JiraIssueWorklog.ps1	46	46	Joshua Taliaferro	c33b95778148439dadd643091cd7d72565036653	https://github.com/AtlassianPS/JiraPS/commit/c33b95778148439dadd643091cd7d72565036653	2015-07-08T14:51:09-05:00	Initial commit
JiraPS/Public/Get-JiraIssueWorklog.ps1	47	47	Joshua Taliaferro	316d9f567af7313caa065a5f717b3a0fb0256da9	https://github.com/AtlassianPS/JiraPS/commit/316d9f567af7313caa065a5f717b3a0fb0256da9	2015-09-17T22:24:48-05:00	Whitespace and newline cleanup
JiraPS/Public/Get-JiraPriority.ps1	4	4	Joshua Taliaferro	c33b95778148439dadd643091cd7d72565036653	https://github.com/AtlassianPS/JiraPS/commit/c33b95778148439dadd643091cd7d72565036653	2015-07-08T14:51:09-05:00	Initial commit
JiraPS/Public/Get-JiraPriority.ps1	8	8	Joshua Taliaferro	c33b95778148439dadd643091cd7d72565036653	https://github.com/AtlassianPS/JiraPS/commit/c33b95778148439dadd643091cd7d72565036653	2015-07-08T14:51:09-05:00	Initial commit
JiraPS/Public/Get-JiraPriority.ps1	17	18	Joshua Taliaferro	c33b95778148439dadd643091cd7d72565036653	https://github.com/AtlassianPS/JiraPS/commit/c33b95778148439dadd643091cd7d72565036653	2015-07-08T14:51:09-05:00	Initial commit
JiraPS/Public/Get-JiraPriority.ps1	19	19	Oliver Lipkau	6c36cb7d8db2cc8538581a7de4bb3952c5c2119e	https://github.com/AtlassianPS/JiraPS/commit/6c36cb7d8db2cc8538581a7de4bb3952c5c2119e	2017-06-27T06:12:29+02:00	Enhance repo's environment (#147)
JiraPS/Public/Get-JiraPriority.ps1	21	21	Oliver Lipkau	3c58908262cd12af50880053b4dac1e812f6958b	https://github.com/AtlassianPS/JiraPS/commit/3c58908262cd12af50880053b4dac1e812f6958b	2017-05-24T11:29:47+02:00	Take over global PSDefaultParameterValues
JiraPS/Public/Get-JiraPriority.ps1	23	24	Joshua Taliaferro	c33b95778148439dadd643091cd7d72565036653	https://github.com/AtlassianPS/JiraPS/commit/c33b95778148439dadd643091cd7d72565036653	2015-07-08T14:51:09-05:00	Initial commit
JiraPS/Public/Get-JiraPriority.ps1	25	25	Oliver Lipkau	6c36cb7d8db2cc8538581a7de4bb3952c5c2119e	https://github.com/AtlassianPS/JiraPS/commit/6c36cb7d8db2cc8538581a7de4bb3952c5c2119e	2017-06-27T06:12:29+02:00	Enhance repo's environment (#147)
JiraPS/Public/Get-JiraPriority.ps1	41	41	Joshua Taliaferro	c33b95778148439dadd643091cd7d72565036653	https://github.com/AtlassianPS/JiraPS/commit/c33b95778148439dadd643091cd7d72565036653	2015-07-08T14:51:09-05:00	Initial commit
JiraPS/Public/Get-JiraPriority.ps1	48	48	Joshua Taliaferro	c33b95778148439dadd643091cd7d72565036653	https://github.com/AtlassianPS/JiraPS/commit/c33b95778148439dadd643091cd7d72565036653	2015-07-08T14:51:09-05:00	Initial commit
JiraPS/Public/Get-JiraPriority.ps1	60	62	Joshua Taliaferro	c33b95778148439dadd643091cd7d72565036653	https://github.com/AtlassianPS/JiraPS/commit/c33b95778148439dadd643091cd7d72565036653	2015-07-08T14:51:09-05:00	Initial commit
JiraPS/Public/Get-JiraPriority.ps1	63	63	Oliver Lipkau	6c36cb7d8db2cc8538581a7de4bb3952c5c2119e	https://github.com/AtlassianPS/JiraPS/commit/6c36cb7d8db2cc8538581a7de4bb3952c5c2119e	2017-06-27T06:12:29+02:00	Enhance repo's environment (#147)
JiraPS/Public/Get-JiraPriority.ps1	65	66	Joshua Taliaferro	316d9f567af7313caa065a5f717b3a0fb0256da9	https://github.com/AtlassianPS/JiraPS/commit/316d9f567af7313caa065a5f717b3a0fb0256da9	2015-09-17T22:24:48-05:00	Whitespace and newline cleanup
JiraPS/Public/Get-JiraProject.ps1	4	4	Joshua Taliaferro	c33b95778148439dadd643091cd7d72565036653	https://github.com/AtlassianPS/JiraPS/commit/c33b95778148439dadd643091cd7d72565036653	2015-07-08T14:51:09-05:00	Initial commit
JiraPS/Public/Get-JiraProject.ps1	8	8	Joshua Taliaferro	c33b95778148439dadd643091cd7d72565036653	https://github.com/AtlassianPS/JiraPS/commit/c33b95778148439dadd643091cd7d72565036653	2015-07-08T14:51:09-05:00	Initial commit
JiraPS/Public/Get-JiraProject.ps1	13	14	Joshua Taliaferro	c33b95778148439dadd643091cd7d72565036653	https://github.com/AtlassianPS/JiraPS/commit/c33b95778148439dadd643091cd7d72565036653	2015-07-08T14:51:09-05:00	Initial commit
JiraPS/Public/Get-JiraProject.ps1	15	15	Oliver Lipkau	6c36cb7d8db2cc8538581a7de4bb3952c5c2119e	https://github.com/AtlassianPS/JiraPS/commit/6c36cb7d8db2cc8538581a7de4bb3952c5c2119e	2017-06-27T06:12:29+02:00	Enhance repo's environment (#147)
JiraPS/Public/Get-JiraProject.ps1	17	17	Oliver Lipkau	3c58908262cd12af50880053b4dac1e812f6958b	https://github.com/AtlassianPS/JiraPS/commit/3c58908262cd12af50880053b4dac1e812f6958b	2017-05-24T11:29:47+02:00	Take over global PSDefaultParameterValues
JiraPS/Public/Get-JiraProject.ps1	19	20	Joshua Taliaferro	c33b95778148439dadd643091cd7d72565036653	https://github.com/AtlassianPS/JiraPS/commit/c33b95778148439dadd643091cd7d72565036653	2015-07-08T14:51:09-05:00	Initial commit
JiraPS/Public/Get-JiraProject.ps1	21	21	Oliver Lipkau	6c36cb7d8db2cc8538581a7de4bb3952c5c2119e	https://github.com/AtlassianPS/JiraPS/commit/6c36cb7d8db2cc8538581a7de4bb3952c5c2119e	2017-06-27T06:12:29+02:00	Enhance repo's environment (#147)
JiraPS/Public/Get-JiraProject.ps1	36	36	Joshua Taliaferro	c33b95778148439dadd643091cd7d72565036653	https://github.com/AtlassianPS/JiraPS/commit/c33b95778148439dadd643091cd7d72565036653	2015-07-08T14:51:09-05:00	Initial commit
JiraPS/Public/Get-JiraProject.ps1	41	41	Joshua Taliaferro	c33b95778148439dadd643091cd7d72565036653	https://github.com/AtlassianPS/JiraPS/commit/c33b95778148439dadd643091cd7d72565036653	2015-07-08T14:51:09-05:00	Initial commit
JiraPS/Public/Get-JiraProject.ps1	52	55	Joshua Taliaferro	c33b95778148439dadd643091cd7d72565036653	https://github.com/AtlassianPS/JiraPS/commit/c33b95778148439dadd643091cd7d72565036653	2015-07-08T14:51:09-05:00	Initial commit
JiraPS/Public/Get-JiraProject.ps1	56	56	Oliver Lipkau	6c36cb7d8db2cc8538581a7de4bb3952c5c2119e	https://github.com/AtlassianPS/JiraPS/commit/6c36cb7d8db2cc8538581a7de4bb3952c5c2119e	2017-06-27T06:12:29+02:00	Enhance repo's environment (#147)
JiraPS/Public/Get-JiraProject.ps1	58	59	Joshua Taliaferro	c33b95778148439dadd643091cd7d72565036653	https://github.com/AtlassianPS/JiraPS/commit/c33b95778148439dadd643091cd7d72565036653	2015-07-08T14:51:09-05:00	Initial commit
JiraPS/Public/Get-JiraRemoteLink.ps1	3	4	Oliver Lipkau	bbb4377b69aa6a726bd9c122fe28e2a0278ff68a	https://github.com/AtlassianPS/JiraPS/commit/bbb4377b69aa6a726bd9c122fe28e2a0278ff68a	2017-06-25T16:41:50+02:00	Rename module in PRs since last major release
JiraPS/Public/Get-JiraRemoteLink.ps1	11	11	Oliver Lipkau	bbb4377b69aa6a726bd9c122fe28e2a0278ff68a	https://github.com/AtlassianPS/JiraPS/commit/bbb4377b69aa6a726bd9c122fe28e2a0278ff68a	2017-06-25T16:41:50+02:00	Rename module in PRs since last major release
JiraPS/Public/Get-JiraRemoteLink.ps1	14	14	Oliver Lipkau	bbb4377b69aa6a726bd9c122fe28e2a0278ff68a	https://github.com/AtlassianPS/JiraPS/commit/bbb4377b69aa6a726bd9c122fe28e2a0278ff68a	2017-06-25T16:41:50+02:00	Rename module in PRs since last major release
JiraPS/Public/Get-JiraRemoteLink.ps1	19	20	Oliver Lipkau	bbb4377b69aa6a726bd9c122fe28e2a0278ff68a	https://github.com/AtlassianPS/JiraPS/commit/bbb4377b69aa6a726bd9c122fe28e2a0278ff68a	2017-06-25T16:41:50+02:00	Rename module in PRs since last major release
JiraPS/Public/Get-JiraRemoteLink.ps1	21	21	Oliver Lipkau	df031a199faa6991bbb742e226b3aadc12c3f51d	https://github.com/AtlassianPS/JiraPS/commit/df031a199faa6991bbb742e226b3aadc12c3f51d	2017-06-20T16:41:48+02:00	Declare SupportsShouldProcess
JiraPS/Public/Get-JiraRemoteLink.ps1	23	24	Oliver Lipkau	bbb4377b69aa6a726bd9c122fe28e2a0278ff68a	https://github.com/AtlassianPS/JiraPS/commit/bbb4377b69aa6a726bd9c122fe28e2a0278ff68a	2017-06-25T16:41:50+02:00	Rename module in PRs since last major release
JiraPS/Public/Get-JiraRemoteLink.ps1	31	31	Oliver Lipkau	bbb4377b69aa6a726bd9c122fe28e2a0278ff68a	https://github.com/AtlassianPS/JiraPS/commit/bbb4377b69aa6a726bd9c122fe28e2a0278ff68a	2017-06-25T16:41:50+02:00	Rename module in PRs since last major release
JiraPS/Public/Get-JiraRemoteLink.ps1	38	38	Oliver Lipkau	bbb4377b69aa6a726bd9c122fe28e2a0278ff68a	https://github.com/AtlassianPS/JiraPS/commit/bbb4377b69aa6a726bd9c122fe28e2a0278ff68a	2017-06-25T16:41:50+02:00	Rename module in PRs since last major release
JiraPS/Public/Get-JiraRemoteLink.ps1	47	47	Oliver Lipkau	6c36cb7d8db2cc8538581a7de4bb3952c5c2119e	https://github.com/AtlassianPS/JiraPS/commit/6c36cb7d8db2cc8538581a7de4bb3952c5c2119e	2017-06-27T06:12:29+02:00	Enhance repo's environment (#147)
JiraPS/Public/Get-JiraRemoteLink.ps1	49	50	Oliver Lipkau	bbb4377b69aa6a726bd9c122fe28e2a0278ff68a	https://github.com/AtlassianPS/JiraPS/commit/bbb4377b69aa6a726bd9c122fe28e2a0278ff68a	2017-06-25T16:41:50+02:00	Rename module in PRs since last major release
JiraPS/Public/Get-JiraRemoteLink.ps1	53	54	Oliver Lipkau	bbb4377b69aa6a726bd9c122fe28e2a0278ff68a	https://github.com/AtlassianPS/JiraPS/commit/bbb4377b69aa6a726bd9c122fe28e2a0278ff68a	2017-06-25T16:41:50+02:00	Rename module in PRs since last major release
JiraPS/Public/Get-JiraResponseHeaderLogConfiguration.ps1	3	5	Joshua Taliaferro	95ebe41348e10f941f1c8f9cc4e82ed8d3192d8b	https://github.com/AtlassianPS/JiraPS/commit/95ebe41348e10f941f1c8f9cc4e82ed8d3192d8b	2016-08-20T22:14:29-05:00	Refactored into Public and Internal directories.
JiraPS/Public/Get-JiraServerInformation.ps1	3	4	Oliver Lipkau	a75f6e3fca292f6c1e2e7decb81b3e15aeba70f8	https://github.com/AtlassianPS/JiraPS/commit/a75f6e3fca292f6c1e2e7decb81b3e15aeba70f8	2017-09-27T13:01:47+02:00	Add Get-JiraServerInformation #187
JiraPS/Public/Get-JiraServerInformation.ps1	12	14	Oliver Lipkau	a75f6e3fca292f6c1e2e7decb81b3e15aeba70f8	https://github.com/AtlassianPS/JiraPS/commit/a75f6e3fca292f6c1e2e7decb81b3e15aeba70f8	2017-09-27T13:01:47+02:00	Add Get-JiraServerInformation #187
JiraPS/Public/Get-JiraServerInformation.ps1	16	16	Oliver Lipkau	3c58908262cd12af50880053b4dac1e812f6958b	https://github.com/AtlassianPS/JiraPS/commit/3c58908262cd12af50880053b4dac1e812f6958b	2017-05-24T11:29:47+02:00	Take over global PSDefaultParameterValues
JiraPS/Public/Get-JiraServerInformation.ps1	18	20	Oliver Lipkau	a75f6e3fca292f6c1e2e7decb81b3e15aeba70f8	https://github.com/AtlassianPS/JiraPS/commit/a75f6e3fca292f6c1e2e7decb81b3e15aeba70f8	2017-09-27T13:01:47+02:00	Add Get-JiraServerInformation #187
JiraPS/Public/Get-JiraServerInformation.ps1	42	44	Oliver Lipkau	a75f6e3fca292f6c1e2e7decb81b3e15aeba70f8	https://github.com/AtlassianPS/JiraPS/commit/a75f6e3fca292f6c1e2e7decb81b3e15aeba70f8	2017-09-27T13:01:47+02:00	Add Get-JiraServerInformation #187
JiraPS/Public/Get-JiraServerInformation.ps1	46	48	Oliver Lipkau	a75f6e3fca292f6c1e2e7decb81b3e15aeba70f8	https://github.com/AtlassianPS/JiraPS/commit/a75f6e3fca292f6c1e2e7decb81b3e15aeba70f8	2017-09-27T13:01:47+02:00	Add Get-JiraServerInformation #187
JiraPS/Public/Get-JiraSession.ps1	3	5	Joshua Taliaferro	95ebe41348e10f941f1c8f9cc4e82ed8d3192d8b	https://github.com/AtlassianPS/JiraPS/commit/95ebe41348e10f941f1c8f9cc4e82ed8d3192d8b	2016-08-20T22:14:29-05:00	Refactored into Public and Internal directories.
JiraPS/Public/Get-JiraSession.ps1	6	6	Oliver Lipkau	df031a199faa6991bbb742e226b3aadc12c3f51d	https://github.com/AtlassianPS/JiraPS/commit/df031a199faa6991bbb742e226b3aadc12c3f51d	2017-06-20T16:41:48+02:00	Declare SupportsShouldProcess
JiraPS/Public/Get-JiraSession.ps1	10	10	Oliver Lipkau	6c36cb7d8db2cc8538581a7de4bb3952c5c2119e	https://github.com/AtlassianPS/JiraPS/commit/6c36cb7d8db2cc8538581a7de4bb3952c5c2119e	2017-06-27T06:12:29+02:00	Enhance repo's environment (#147)
JiraPS/Public/Get-JiraSession.ps1	17	17	Oliver Lipkau	b1270b78814d0ebc6b04c3b56168dc451ef4829c	https://github.com/AtlassianPS/JiraPS/commit/b1270b78814d0ebc6b04c3b56168dc451ef4829c	2017-05-22T17:21:18+02:00	[fix] updated the code formatting I screwed up in my last commit
JiraPS/Public/Get-JiraSession.ps1	18	18	Joshua Taliaferro	95ebe41348e10f941f1c8f9cc4e82ed8d3192d8b	https://github.com/AtlassianPS/JiraPS/commit/95ebe41348e10f941f1c8f9cc4e82ed8d3192d8b	2016-08-20T22:14:29-05:00	Refactored into Public and Internal directories.
JiraPS/Public/Get-JiraSession.ps1	23	23	Joshua Taliaferro	95ebe41348e10f941f1c8f9cc4e82ed8d3192d8b	https://github.com/AtlassianPS/JiraPS/commit/95ebe41348e10f941f1c8f9cc4e82ed8d3192d8b	2016-08-20T22:14:29-05:00	Refactored into Public and Internal directories.
JiraPS/Public/Get-JiraStatus.ps1	4	4	Joshua Taliaferro	c33b95778148439dadd643091cd7d72565036653	https://github.com/AtlassianPS/JiraPS/commit/c33b95778148439dadd643091cd7d72565036653	2015-07-08T14:51:09-05:00	Initial commit
JiraPS/Public/Get-JiraStatus.ps1	9	9	Oliver Lipkau	f3f8338aa40b13b1b2ee08313e847602b22fec67	https://github.com/AtlassianPS/JiraPS/commit/f3f8338aa40b13b1b2ee08313e847602b22fec67	2017-08-05T09:45:36+02:00	Release v2.2.0
JiraPS/Public/Get-JiraStatus.ps1	14	16	Oliver Lipkau	f3f8338aa40b13b1b2ee08313e847602b22fec67	https://github.com/AtlassianPS/JiraPS/commit/f3f8338aa40b13b1b2ee08313e847602b22fec67	2017-08-05T09:45:36+02:00	Release v2.2.0
JiraPS/Public/Get-JiraStatus.ps1	22	23	Joshua Taliaferro	c33b95778148439dadd643091cd7d72565036653	https://github.com/AtlassianPS/JiraPS/commit/c33b95778148439dadd643091cd7d72565036653	2015-07-08T14:51:09-05:00	Initial commit
JiraPS/Public/Get-JiraStatus.ps1	24	24	Oliver Lipkau	6c36cb7d8db2cc8538581a7de4bb3952c5c2119e	https://github.com/AtlassianPS/JiraPS/commit/6c36cb7d8db2cc8538581a7de4bb3952c5c2119e	2017-06-27T06:12:29+02:00	Enhance repo's environment (#147)
JiraPS/Public/Get-JiraStatus.ps1	52	52	Oliver Lipkau	f3f8338aa40b13b1b2ee08313e847602b22fec67	https://github.com/AtlassianPS/JiraPS/commit/f3f8338aa40b13b1b2ee08313e847602b22fec67	2017-08-05T09:45:36+02:00	Release v2.2.0
JiraPS/Public/Get-JiraStatus.ps1	55	59	Oliver Lipkau	f3f8338aa40b13b1b2ee08313e847602b22fec67	https://github.com/AtlassianPS/JiraPS/commit/f3f8338aa40b13b1b2ee08313e847602b22fec67	2017-08-05T09:45:36+02:00	Release v2.2.0
JiraPS/Public/Get-JiraStatus.ps1	61	62	Oliver Lipkau	f3f8338aa40b13b1b2ee08313e847602b22fec67	https://github.com/AtlassianPS/JiraPS/commit/f3f8338aa40b13b1b2ee08313e847602b22fec67	2017-08-05T09:45:36+02:00	Release v2.2.0
JiraPS/Public/Get-JiraUser.ps1	4	4	Joshua Taliaferro	c33b95778148439dadd643091cd7d72565036653	https://github.com/AtlassianPS/JiraPS/commit/c33b95778148439dadd643091cd7d72565036653	2015-07-08T14:51:09-05:00	Initial commit
JiraPS/Public/Get-JiraUser.ps1	7	7	Oliver Lipkau	b1270b78814d0ebc6b04c3b56168dc451ef4829c	https://github.com/AtlassianPS/JiraPS/commit/b1270b78814d0ebc6b04c3b56168dc451ef4829c	2017-05-22T17:21:18+02:00	[fix] updated the code formatting I screwed up in my last commit
JiraPS/Public/Get-JiraUser.ps1	10	10	Joshua Taliaferro	c33b95778148439dadd643091cd7d72565036653	https://github.com/AtlassianPS/JiraPS/commit/c33b95778148439dadd643091cd7d72565036653	2015-07-08T14:51:09-05:00	Initial commit
JiraPS/Public/Get-JiraUser.ps1	12	12	Joshua Taliaferro	c33b95778148439dadd643091cd7d72565036653	https://github.com/AtlassianPS/JiraPS/commit/c33b95778148439dadd643091cd7d72565036653	2015-07-08T14:51:09-05:00	Initial commit
JiraPS/Public/Get-JiraUser.ps1	29	29	Joshua Taliaferro	c33b95778148439dadd643091cd7d72565036653	https://github.com/AtlassianPS/JiraPS/commit/c33b95778148439dadd643091cd7d72565036653	2015-07-08T14:51:09-05:00	Initial commit
JiraPS/Public/Get-JiraUser.ps1	38	38	Joshua Taliaferro	c33b95778148439dadd643091cd7d72565036653	https://github.com/AtlassianPS/JiraPS/commit/c33b95778148439dadd643091cd7d72565036653	2015-07-08T14:51:09-05:00	Initial commit
JiraPS/Public/Get-JiraUser.ps1	46	47	Joshua Taliaferro	c33b95778148439dadd643091cd7d72565036653	https://github.com/AtlassianPS/JiraPS/commit/c33b95778148439dadd643091cd7d72565036653	2015-07-08T14:51:09-05:00	Initial commit
JiraPS/Public/Get-JiraUser.ps1	48	48	Oliver Lipkau	6c36cb7d8db2cc8538581a7de4bb3952c5c2119e	https://github.com/AtlassianPS/JiraPS/commit/6c36cb7d8db2cc8538581a7de4bb3952c5c2119e	2017-06-27T06:12:29+02:00	Enhance repo's environment (#147)
JiraPS/Public/Get-JiraUser.ps1	50	50	Joshua Taliaferro	d129c5dcd0bf8f771829fa61ba04317625180461	https://github.com/AtlassianPS/JiraPS/commit/d129c5dcd0bf8f771829fa61ba04317625180461	2015-09-17T22:41:44-05:00	Corrected style
JiraPS/Public/Get-JiraUser.ps1	52	52	Joshua Taliaferro	c33b95778148439dadd643091cd7d72565036653	https://github.com/AtlassianPS/JiraPS/commit/c33b95778148439dadd643091cd7d72565036653	2015-07-08T14:51:09-05:00	Initial commit
JiraPS/Public/Get-JiraUser.ps1	63	63	Joshua Taliaferro	7c1085719394d3f496edd08c8fa9cf970827683a	https://github.com/AtlassianPS/JiraPS/commit/7c1085719394d3f496edd08c8fa9cf970827683a	2015-08-05T14:47:52-05:00	Modified Get-JiraUser to return user group information.
JiraPS/Public/Get-JiraUser.ps1	73	74	Joshua Taliaferro	c33b95778148439dadd643091cd7d72565036653	https://github.com/AtlassianPS/JiraPS/commit/c33b95778148439dadd643091cd7d72565036653	2015-07-08T14:51:09-05:00	Initial commit
JiraPS/Public/Get-JiraUser.ps1	75	75	Oliver Lipkau	6c36cb7d8db2cc8538581a7de4bb3952c5c2119e	https://github.com/AtlassianPS/JiraPS/commit/6c36cb7d8db2cc8538581a7de4bb3952c5c2119e	2017-06-27T06:12:29+02:00	Enhance repo's environment (#147)
JiraPS/Public/Get-JiraUser.ps1	78	78	Joshua Taliaferro	d129c5dcd0bf8f771829fa61ba04317625180461	https://github.com/AtlassianPS/JiraPS/commit/d129c5dcd0bf8f771829fa61ba04317625180461	2015-09-17T22:41:44-05:00	Corrected style
JiraPS/Public/Get-JiraUser.ps1	108	108	Joshua Taliaferro	c33b95778148439dadd643091cd7d72565036653	https://github.com/AtlassianPS/JiraPS/commit/c33b95778148439dadd643091cd7d72565036653	2015-07-08T14:51:09-05:00	Initial commit
JiraPS/Public/Get-JiraUser.ps1	162	165	Joshua Taliaferro	c33b95778148439dadd643091cd7d72565036653	https://github.com/AtlassianPS/JiraPS/commit/c33b95778148439dadd643091cd7d72565036653	2015-07-08T14:51:09-05:00	Initial commit
JiraPS/Public/Get-JiraUser.ps1	166	166	Oliver Lipkau	6c36cb7d8db2cc8538581a7de4bb3952c5c2119e	https://github.com/AtlassianPS/JiraPS/commit/6c36cb7d8db2cc8538581a7de4bb3952c5c2119e	2017-06-27T06:12:29+02:00	Enhance repo's environment (#147)
JiraPS/Public/Get-JiraUser.ps1	168	168	Joshua Taliaferro	c33b95778148439dadd643091cd7d72565036653	https://github.com/AtlassianPS/JiraPS/commit/c33b95778148439dadd643091cd7d72565036653	2015-07-08T14:51:09-05:00	Initial commit
JiraPS/Public/Get-JiraUser.ps1	169	169	Joshua Taliaferro	d129c5dcd0bf8f771829fa61ba04317625180461	https://github.com/AtlassianPS/JiraPS/commit/d129c5dcd0bf8f771829fa61ba04317625180461	2015-09-17T22:41:44-05:00	Corrected style
JiraPS/Public/Get-JiraVersion.ps1	4	4	Oliver Lipkau	f3f8338aa40b13b1b2ee08313e847602b22fec67	https://github.com/AtlassianPS/JiraPS/commit/f3f8338aa40b13b1b2ee08313e847602b22fec67	2017-08-05T09:45:36+02:00	Release v2.2.0
JiraPS/Public/Get-JiraVersion.ps1	16	16	Oliver Lipkau	f3f8338aa40b13b1b2ee08313e847602b22fec67	https://github.com/AtlassianPS/JiraPS/commit/f3f8338aa40b13b1b2ee08313e847602b22fec67	2017-08-05T09:45:36+02:00	Release v2.2.0
JiraPS/Public/Get-JiraVersion.ps1	19	19	Oliver Lipkau	f3f8338aa40b13b1b2ee08313e847602b22fec67	https://github.com/AtlassianPS/JiraPS/commit/f3f8338aa40b13b1b2ee08313e847602b22fec67	2017-08-05T09:45:36+02:00	Release v2.2.0
JiraPS/Public/Get-JiraVersion.ps1	26	26	Oliver Lipkau	f3f8338aa40b13b1b2ee08313e847602b22fec67	https://github.com/AtlassianPS/JiraPS/commit/f3f8338aa40b13b1b2ee08313e847602b22fec67	2017-08-05T09:45:36+02:00	Release v2.2.0
JiraPS/Public/Get-JiraVersion.ps1	42	42	Oliver Lipkau	f3f8338aa40b13b1b2ee08313e847602b22fec67	https://github.com/AtlassianPS/JiraPS/commit/f3f8338aa40b13b1b2ee08313e847602b22fec67	2017-08-05T09:45:36+02:00	Release v2.2.0
JiraPS/Public/Get-JiraVersion.ps1	47	47	Oliver Lipkau	f3f8338aa40b13b1b2ee08313e847602b22fec67	https://github.com/AtlassianPS/JiraPS/commit/f3f8338aa40b13b1b2ee08313e847602b22fec67	2017-08-05T09:45:36+02:00	Release v2.2.0
JiraPS/Public/Get-JiraVersion.ps1	49	49	Oliver Lipkau	f3f8338aa40b13b1b2ee08313e847602b22fec67	https://github.com/AtlassianPS/JiraPS/commit/f3f8338aa40b13b1b2ee08313e847602b22fec67	2017-08-05T09:45:36+02:00	Release v2.2.0
JiraPS/Public/Get-JiraVersion.ps1	51	51	Oliver Lipkau	3c58908262cd12af50880053b4dac1e812f6958b	https://github.com/AtlassianPS/JiraPS/commit/3c58908262cd12af50880053b4dac1e812f6958b	2017-05-24T11:29:47+02:00	Take over global PSDefaultParameterValues
JiraPS/Public/Get-JiraVersion.ps1	53	53	Oliver Lipkau	f3f8338aa40b13b1b2ee08313e847602b22fec67	https://github.com/AtlassianPS/JiraPS/commit/f3f8338aa40b13b1b2ee08313e847602b22fec67	2017-08-05T09:45:36+02:00	Release v2.2.0
JiraPS/Public/Get-JiraVersion.ps1	55	55	Oliver Lipkau	f3f8338aa40b13b1b2ee08313e847602b22fec67	https://github.com/AtlassianPS/JiraPS/commit/f3f8338aa40b13b1b2ee08313e847602b22fec67	2017-08-05T09:45:36+02:00	Release v2.2.0
JiraPS/Public/Get-JiraVersion.ps1	82	82	Oliver Lipkau	f3f8338aa40b13b1b2ee08313e847602b22fec67	https://github.com/AtlassianPS/JiraPS/commit/f3f8338aa40b13b1b2ee08313e847602b22fec67	2017-08-05T09:45:36+02:00	Release v2.2.0
JiraPS/Public/Get-JiraVersion.ps1	85	85	Oliver Lipkau	f3f8338aa40b13b1b2ee08313e847602b22fec67	https://github.com/AtlassianPS/JiraPS/commit/f3f8338aa40b13b1b2ee08313e847602b22fec67	2017-08-05T09:45:36+02:00	Release v2.2.0
JiraPS/Public/Get-JiraVersion.ps1	95	96	Oliver Lipkau	f3f8338aa40b13b1b2ee08313e847602b22fec67	https://github.com/AtlassianPS/JiraPS/commit/f3f8338aa40b13b1b2ee08313e847602b22fec67	2017-08-05T09:45:36+02:00	Release v2.2.0
JiraPS/Public/Get-JiraVersion.ps1	98	98	Oliver Lipkau	f3f8338aa40b13b1b2ee08313e847602b22fec67	https://github.com/AtlassianPS/JiraPS/commit/f3f8338aa40b13b1b2ee08313e847602b22fec67	2017-08-05T09:45:36+02:00	Release v2.2.0
JiraPS/Public/Get-JiraVersion.ps1	101	101	Oliver Lipkau	f3f8338aa40b13b1b2ee08313e847602b22fec67	https://github.com/AtlassianPS/JiraPS/commit/f3f8338aa40b13b1b2ee08313e847602b22fec67	2017-08-05T09:45:36+02:00	Release v2.2.0
JiraPS/Public/Get-JiraVersion.ps1	102	102	Oliver Lipkau	1900485ef4931daaf81ef9d2dd6de3a222e1c369	https://github.com/AtlassianPS/JiraPS/commit/1900485ef4931daaf81ef9d2dd6de3a222e1c369	2017-09-19T14:01:09+02:00	Pass the Credential parameter down the line #177
JiraPS/Public/Get-JiraVersion.ps1	130	135	Oliver Lipkau	f3f8338aa40b13b1b2ee08313e847602b22fec67	https://github.com/AtlassianPS/JiraPS/commit/f3f8338aa40b13b1b2ee08313e847602b22fec67	2017-08-05T09:45:36+02:00	Release v2.2.0
JiraPS/Public/Get-JiraVersion.ps1	137	138	Oliver Lipkau	f3f8338aa40b13b1b2ee08313e847602b22fec67	https://github.com/AtlassianPS/JiraPS/commit/f3f8338aa40b13b1b2ee08313e847602b22fec67	2017-08-05T09:45:36+02:00	Release v2.2.0
JiraPS/Public/Invoke-JiraIssueTransition.ps1	4	4	Joshua Taliaferro	95ebe41348e10f941f1c8f9cc4e82ed8d3192d8b	https://github.com/AtlassianPS/JiraPS/commit/95ebe41348e10f941f1c8f9cc4e82ed8d3192d8b	2016-08-20T22:14:29-05:00	Refactored into Public and Internal directories.
JiraPS/Public/Invoke-JiraIssueTransition.ps1	8	8	Joshua Taliaferro	95ebe41348e10f941f1c8f9cc4e82ed8d3192d8b	https://github.com/AtlassianPS/JiraPS/commit/95ebe41348e10f941f1c8f9cc4e82ed8d3192d8b	2016-08-20T22:14:29-05:00	Refactored into Public and Internal directories.
JiraPS/Public/Invoke-JiraIssueTransition.ps1	11	11	Joshua Taliaferro	95ebe41348e10f941f1c8f9cc4e82ed8d3192d8b	https://github.com/AtlassianPS/JiraPS/commit/95ebe41348e10f941f1c8f9cc4e82ed8d3192d8b	2016-08-20T22:14:29-05:00	Refactored into Public and Internal directories.
JiraPS/Public/Invoke-JiraIssueTransition.ps1	14	14	Joshua Taliaferro	95ebe41348e10f941f1c8f9cc4e82ed8d3192d8b	https://github.com/AtlassianPS/JiraPS/commit/95ebe41348e10f941f1c8f9cc4e82ed8d3192d8b	2016-08-20T22:14:29-05:00	Refactored into Public and Internal directories.
JiraPS/Public/Invoke-JiraIssueTransition.ps1	17	17	Neil Padgham	0eb1c6c8ae448475f1b42e5e86c5e9a21ee58f62	https://github.com/AtlassianPS/JiraPS/commit/0eb1c6c8ae448475f1b42e5e86c5e9a21ee58f62	2017-05-02T18:42:48+01:00	Update Invoke-JiraIssueTransition.ps1
JiraPS/Public/Invoke-JiraIssueTransition.ps1	23	23	Neil Padgham	0eb1c6c8ae448475f1b42e5e86c5e9a21ee58f62	https://github.com/AtlassianPS/JiraPS/commit/0eb1c6c8ae448475f1b42e5e86c5e9a21ee58f62	2017-05-02T18:42:48+01:00	Update Invoke-JiraIssueTransition.ps1
JiraPS/Public/Invoke-JiraIssueTransition.ps1	30	30	Neil Padgham	0eb1c6c8ae448475f1b42e5e86c5e9a21ee58f62	https://github.com/AtlassianPS/JiraPS/commit/0eb1c6c8ae448475f1b42e5e86c5e9a21ee58f62	2017-05-02T18:42:48+01:00	Update Invoke-JiraIssueTransition.ps1
JiraPS/Public/Invoke-JiraIssueTransition.ps1	41	42	Joshua Taliaferro	95ebe41348e10f941f1c8f9cc4e82ed8d3192d8b	https://github.com/AtlassianPS/JiraPS/commit/95ebe41348e10f941f1c8f9cc4e82ed8d3192d8b	2016-08-20T22:14:29-05:00	Refactored into Public and Internal directories.
JiraPS/Public/Invoke-JiraIssueTransition.ps1	43	43	Oliver Lipkau	6c36cb7d8db2cc8538581a7de4bb3952c5c2119e	https://github.com/AtlassianPS/JiraPS/commit/6c36cb7d8db2cc8538581a7de4bb3952c5c2119e	2017-06-27T06:12:29+02:00	Enhance repo's environment (#147)
JiraPS/Public/Invoke-JiraIssueTransition.ps1	57	57	Neil Padgham	0eb1c6c8ae448475f1b42e5e86c5e9a21ee58f62	https://github.com/AtlassianPS/JiraPS/commit/0eb1c6c8ae448475f1b42e5e86c5e9a21ee58f62	2017-05-02T18:42:48+01:00	Update Invoke-JiraIssueTransition.ps1
JiraPS/Public/Invoke-JiraIssueTransition.ps1	58	59	Oliver Lipkau	6c36cb7d8db2cc8538581a7de4bb3952c5c2119e	https://github.com/AtlassianPS/JiraPS/commit/6c36cb7d8db2cc8538581a7de4bb3952c5c2119e	2017-06-27T06:12:29+02:00	Enhance repo's environment (#147)
JiraPS/Public/Invoke-JiraIssueTransition.ps1	73	74	Joshua Taliaferro	95ebe41348e10f941f1c8f9cc4e82ed8d3192d8b	https://github.com/AtlassianPS/JiraPS/commit/95ebe41348e10f941f1c8f9cc4e82ed8d3192d8b	2016-08-20T22:14:29-05:00	Refactored into Public and Internal directories.
JiraPS/Public/Invoke-JiraIssueTransition.ps1	75	75	Oliver Lipkau	6c36cb7d8db2cc8538581a7de4bb3952c5c2119e	https://github.com/AtlassianPS/JiraPS/commit/6c36cb7d8db2cc8538581a7de4bb3952c5c2119e	2017-06-27T06:12:29+02:00	Enhance repo's environment (#147)
JiraPS/Public/Invoke-JiraIssueTransition.ps1	81	81	Joshua Taliaferro	95ebe41348e10f941f1c8f9cc4e82ed8d3192d8b	https://github.com/AtlassianPS/JiraPS/commit/95ebe41348e10f941f1c8f9cc4e82ed8d3192d8b	2016-08-20T22:14:29-05:00	Refactored into Public and Internal directories.
JiraPS/Public/Invoke-JiraIssueTransition.ps1	85	86	Oliver Lipkau	6c36cb7d8db2cc8538581a7de4bb3952c5c2119e	https://github.com/AtlassianPS/JiraPS/commit/6c36cb7d8db2cc8538581a7de4bb3952c5c2119e	2017-06-27T06:12:29+02:00	Enhance repo's environment (#147)
JiraPS/Public/Invoke-JiraIssueTransition.ps1	88	88	Oliver Lipkau	6c36cb7d8db2cc8538581a7de4bb3952c5c2119e	https://github.com/AtlassianPS/JiraPS/commit/6c36cb7d8db2cc8538581a7de4bb3952c5c2119e	2017-06-27T06:12:29+02:00	Enhance repo's environment (#147)
JiraPS/Public/Invoke-JiraIssueTransition.ps1	90	91	Oliver Lipkau	6c36cb7d8db2cc8538581a7de4bb3952c5c2119e	https://github.com/AtlassianPS/JiraPS/commit/6c36cb7d8db2cc8538581a7de4bb3952c5c2119e	2017-06-27T06:12:29+02:00	Enhance repo's environment (#147)
JiraPS/Public/Invoke-JiraIssueTransition.ps1	99	101	Joshua Taliaferro	95ebe41348e10f941f1c8f9cc4e82ed8d3192d8b	https://github.com/AtlassianPS/JiraPS/commit/95ebe41348e10f941f1c8f9cc4e82ed8d3192d8b	2016-08-20T22:14:29-05:00	Refactored into Public and Internal directories.
JiraPS/Public/Invoke-JiraIssueTransition.ps1	111	112	Joshua Taliaferro	95ebe41348e10f941f1c8f9cc4e82ed8d3192d8b	https://github.com/AtlassianPS/JiraPS/commit/95ebe41348e10f941f1c8f9cc4e82ed8d3192d8b	2016-08-20T22:14:29-05:00	Refactored into Public and Internal directories.
JiraPS/Public/Invoke-JiraIssueTransition.ps1	116	116	Joshua Taliaferro	95ebe41348e10f941f1c8f9cc4e82ed8d3192d8b	https://github.com/AtlassianPS/JiraPS/commit/95ebe41348e10f941f1c8f9cc4e82ed8d3192d8b	2016-08-20T22:14:29-05:00	Refactored into Public and Internal directories.
JiraPS/Public/Invoke-JiraIssueTransition.ps1	118	119	Joshua Taliaferro	95ebe41348e10f941f1c8f9cc4e82ed8d3192d8b	https://github.com/AtlassianPS/JiraPS/commit/95ebe41348e10f941f1c8f9cc4e82ed8d3192d8b	2016-08-20T22:14:29-05:00	Refactored into Public and Internal directories.
JiraPS/Public/Invoke-JiraIssueTransition.ps1	120	120	Neil Padgham	0eb1c6c8ae448475f1b42e5e86c5e9a21ee58f62	https://github.com/AtlassianPS/JiraPS/commit/0eb1c6c8ae448475f1b42e5e86c5e9a21ee58f62	2017-05-02T18:42:48+01:00	Update Invoke-JiraIssueTransition.ps1
JiraPS/Public/Invoke-JiraIssueTransition.ps1	121	121	Oliver Lipkau	6c36cb7d8db2cc8538581a7de4bb3952c5c2119e	https://github.com/AtlassianPS/JiraPS/commit/6c36cb7d8db2cc8538581a7de4bb3952c5c2119e	2017-06-27T06:12:29+02:00	Enhance repo's environment (#147)
JiraPS/Public/Invoke-JiraIssueTransition.ps1	124	124	Neil Padgham	0eb1c6c8ae448475f1b42e5e86c5e9a21ee58f62	https://github.com/AtlassianPS/JiraPS/commit/0eb1c6c8ae448475f1b42e5e86c5e9a21ee58f62	2017-05-02T18:42:48+01:00	Update Invoke-JiraIssueTransition.ps1
JiraPS/Public/Invoke-JiraIssueTransition.ps1	126	128	Neil Padgham	0eb1c6c8ae448475f1b42e5e86c5e9a21ee58f62	https://github.com/AtlassianPS/JiraPS/commit/0eb1c6c8ae448475f1b42e5e86c5e9a21ee58f62	2017-05-02T18:42:48+01:00	Update Invoke-JiraIssueTransition.ps1
JiraPS/Public/Invoke-JiraIssueTransition.ps1	129	129	Oliver Lipkau	d5d2fcd0ca6e5259bec0231c69e712c4ba6c4952	https://github.com/AtlassianPS/JiraPS/commit/d5d2fcd0ca6e5259bec0231c69e712c4ba6c4952	2017-05-24T19:08:40+02:00	Fix trailing whitespace
JiraPS/Public/Invoke-JiraIssueTransition.ps1	133	133	Neil Padgham	0eb1c6c8ae448475f1b42e5e86c5e9a21ee58f62	https://github.com/AtlassianPS/JiraPS/commit/0eb1c6c8ae448475f1b42e5e86c5e9a21ee58f62	2017-05-02T18:42:48+01:00	Update Invoke-JiraIssueTransition.ps1
JiraPS/Public/Invoke-JiraIssueTransition.ps1	134	134	Oliver Lipkau	6c36cb7d8db2cc8538581a7de4bb3952c5c2119e	https://github.com/AtlassianPS/JiraPS/commit/6c36cb7d8db2cc8538581a7de4bb3952c5c2119e	2017-06-27T06:12:29+02:00	Enhance repo's environment (#147)
JiraPS/Public/Invoke-JiraIssueTransition.ps1	179	181	Neil Padgham	0eb1c6c8ae448475f1b42e5e86c5e9a21ee58f62	https://github.com/AtlassianPS/JiraPS/commit/0eb1c6c8ae448475f1b42e5e86c5e9a21ee58f62	2017-05-02T18:42:48+01:00	Update Invoke-JiraIssueTransition.ps1
JiraPS/Public/Invoke-JiraIssueTransition.ps1	182	182	Oliver Lipkau	6c36cb7d8db2cc8538581a7de4bb3952c5c2119e	https://github.com/AtlassianPS/JiraPS/commit/6c36cb7d8db2cc8538581a7de4bb3952c5c2119e	2017-06-27T06:12:29+02:00	Enhance repo's environment (#147)
JiraPS/Public/Invoke-JiraIssueTransition.ps1	185	185	Neil Padgham	0eb1c6c8ae448475f1b42e5e86c5e9a21ee58f62	https://github.com/AtlassianPS/JiraPS/commit/0eb1c6c8ae448475f1b42e5e86c5e9a21ee58f62	2017-05-02T18:42:48+01:00	Update Invoke-JiraIssueTransition.ps1
JiraPS/Public/Invoke-JiraIssueTransition.ps1	187	190	Neil Padgham	0eb1c6c8ae448475f1b42e5e86c5e9a21ee58f62	https://github.com/AtlassianPS/JiraPS/commit/0eb1c6c8ae448475f1b42e5e86c5e9a21ee58f62	2017-05-02T18:42:48+01:00	Update Invoke-JiraIssueTransition.ps1
JiraPS/Public/Invoke-JiraIssueTransition.ps1	210	210	Joshua Taliaferro	95ebe41348e10f941f1c8f9cc4e82ed8d3192d8b	https://github.com/AtlassianPS/JiraPS/commit/95ebe41348e10f941f1c8f9cc4e82ed8d3192d8b	2016-08-20T22:14:29-05:00	Refactored into Public and Internal directories.
JiraPS/Public/Invoke-JiraIssueTransition.ps1	213	213	Oliver Lipkau	6c36cb7d8db2cc8538581a7de4bb3952c5c2119e	https://github.com/AtlassianPS/JiraPS/commit/6c36cb7d8db2cc8538581a7de4bb3952c5c2119e	2017-06-27T06:12:29+02:00	Enhance repo's environment (#147)
JiraPS/Public/Invoke-JiraIssueTransition.ps1	214	215	Joshua Taliaferro	95ebe41348e10f941f1c8f9cc4e82ed8d3192d8b	https://github.com/AtlassianPS/JiraPS/commit/95ebe41348e10f941f1c8f9cc4e82ed8d3192d8b	2016-08-20T22:14:29-05:00	Refactored into Public and Internal directories.
JiraPS/Public/Invoke-JiraIssueTransition.ps1	216	216	Oliver Lipkau	6c36cb7d8db2cc8538581a7de4bb3952c5c2119e	https://github.com/AtlassianPS/JiraPS/commit/6c36cb7d8db2cc8538581a7de4bb3952c5c2119e	2017-06-27T06:12:29+02:00	Enhance repo's environment (#147)
JiraPS/Public/Invoke-JiraIssueTransition.ps1	218	219	Joshua Taliaferro	95ebe41348e10f941f1c8f9cc4e82ed8d3192d8b	https://github.com/AtlassianPS/JiraPS/commit/95ebe41348e10f941f1c8f9cc4e82ed8d3192d8b	2016-08-20T22:14:29-05:00	Refactored into Public and Internal directories.
JiraPS/Public/Invoke-JiraMethod.ps1	8	8	Joshua Taliaferro	c33b95778148439dadd643091cd7d72565036653	https://github.com/AtlassianPS/JiraPS/commit/c33b95778148439dadd643091cd7d72565036653	2015-07-08T14:51:09-05:00	Initial commit
JiraPS/Public/Invoke-JiraMethod.ps1	11	11	Joshua Taliaferro	c33b95778148439dadd643091cd7d72565036653	https://github.com/AtlassianPS/JiraPS/commit/c33b95778148439dadd643091cd7d72565036653	2015-07-08T14:51:09-05:00	Initial commit
JiraPS/Public/Invoke-JiraMethod.ps1	14	14	Joshua Taliaferro	316d9f567af7313caa065a5f717b3a0fb0256da9	https://github.com/AtlassianPS/JiraPS/commit/316d9f567af7313caa065a5f717b3a0fb0256da9	2015-09-17T22:24:48-05:00	Whitespace and newline cleanup
JiraPS/Public/Invoke-JiraMethod.ps1	76	77	Joshua Taliaferro	c33b95778148439dadd643091cd7d72565036653	https://github.com/AtlassianPS/JiraPS/commit/c33b95778148439dadd643091cd7d72565036653	2015-07-08T14:51:09-05:00	Initial commit
JiraPS/Public/Invoke-JiraMethod.ps1	80	80	Oliver Lipkau	3c58908262cd12af50880053b4dac1e812f6958b	https://github.com/AtlassianPS/JiraPS/commit/3c58908262cd12af50880053b4dac1e812f6958b	2017-05-24T11:29:47+02:00	Take over global PSDefaultParameterValues
JiraPS/Public/Invoke-JiraMethod.ps1	152	152	Joshua Taliaferro	c33b95778148439dadd643091cd7d72565036653	https://github.com/AtlassianPS/JiraPS/commit/c33b95778148439dadd643091cd7d72565036653	2015-07-08T14:51:09-05:00	Initial commit
JiraPS/Public/Invoke-JiraMethod.ps1	153	153	Joshua Taliaferro	316d9f567af7313caa065a5f717b3a0fb0256da9	https://github.com/AtlassianPS/JiraPS/commit/316d9f567af7313caa065a5f717b3a0fb0256da9	2015-09-17T22:24:48-05:00	Whitespace and newline cleanup
JiraPS/Public/Move-JiraVersion.ps1	4	4	Oliver Lipkau	f3f8338aa40b13b1b2ee08313e847602b22fec67	https://github.com/AtlassianPS/JiraPS/commit/f3f8338aa40b13b1b2ee08313e847602b22fec67	2017-08-05T09:45:36+02:00	Release v2.2.0
JiraPS/Public/Move-JiraVersion.ps1	20	20	Oliver Lipkau	f3f8338aa40b13b1b2ee08313e847602b22fec67	https://github.com/AtlassianPS/JiraPS/commit/f3f8338aa40b13b1b2ee08313e847602b22fec67	2017-08-05T09:45:36+02:00	Release v2.2.0
JiraPS/Public/Move-JiraVersion.ps1	25	27	Oliver Lipkau	f3f8338aa40b13b1b2ee08313e847602b22fec67	https://github.com/AtlassianPS/JiraPS/commit/f3f8338aa40b13b1b2ee08313e847602b22fec67	2017-08-05T09:45:36+02:00	Release v2.2.0
JiraPS/Public/Move-JiraVersion.ps1	31	33	Oliver Lipkau	f3f8338aa40b13b1b2ee08313e847602b22fec67	https://github.com/AtlassianPS/JiraPS/commit/f3f8338aa40b13b1b2ee08313e847602b22fec67	2017-08-05T09:45:36+02:00	Release v2.2.0
JiraPS/Public/Move-JiraVersion.ps1	82	82	Joshua Taliaferro	c33b95778148439dadd643091cd7d72565036653	https://github.com/AtlassianPS/JiraPS/commit/c33b95778148439dadd643091cd7d72565036653	2015-07-08T14:51:09-05:00	Initial commit
JiraPS/Public/Move-JiraVersion.ps1	85	86	Joshua Taliaferro	c33b95778148439dadd643091cd7d72565036653	https://github.com/AtlassianPS/JiraPS/commit/c33b95778148439dadd643091cd7d72565036653	2015-07-08T14:51:09-05:00	Initial commit
JiraPS/Public/Move-JiraVersion.ps1	87	87	Oliver Lipkau	6c36cb7d8db2cc8538581a7de4bb3952c5c2119e	https://github.com/AtlassianPS/JiraPS/commit/6c36cb7d8db2cc8538581a7de4bb3952c5c2119e	2017-06-27T06:12:29+02:00	Enhance repo's environment (#147)
JiraPS/Public/Move-JiraVersion.ps1	89	89	Joshua Taliaferro	c33b95778148439dadd643091cd7d72565036653	https://github.com/AtlassianPS/JiraPS/commit/c33b95778148439dadd643091cd7d72565036653	2015-07-08T14:51:09-05:00	Initial commit
JiraPS/Public/Move-JiraVersion.ps1	90	90	Joshua Taliaferro	316d9f567af7313caa065a5f717b3a0fb0256da9	https://github.com/AtlassianPS/JiraPS/commit/316d9f567af7313caa065a5f717b3a0fb0256da9	2015-09-17T22:24:48-05:00	Whitespace and newline cleanup
JiraPS/Public/New-JiraFilter.ps1	28	29	Joshua Taliaferro	95ebe41348e10f941f1c8f9cc4e82ed8d3192d8b	https://github.com/AtlassianPS/JiraPS/commit/95ebe41348e10f941f1c8f9cc4e82ed8d3192d8b	2016-08-20T22:14:29-05:00	Refactored into Public and Internal directories.
JiraPS/Public/New-JiraFilter.ps1	30	30	Oliver Lipkau	6c36cb7d8db2cc8538581a7de4bb3952c5c2119e	https://github.com/AtlassianPS/JiraPS/commit/6c36cb7d8db2cc8538581a7de4bb3952c5c2119e	2017-06-27T06:12:29+02:00	Enhance repo's environment (#147)
JiraPS/Public/New-JiraFilter.ps1	32	32	Oliver Lipkau	3c58908262cd12af50880053b4dac1e812f6958b	https://github.com/AtlassianPS/JiraPS/commit/3c58908262cd12af50880053b4dac1e812f6958b	2017-05-24T11:29:47+02:00	Take over global PSDefaultParameterValues
JiraPS/Public/New-JiraFilter.ps1	34	35	Joshua Taliaferro	95ebe41348e10f941f1c8f9cc4e82ed8d3192d8b	https://github.com/AtlassianPS/JiraPS/commit/95ebe41348e10f941f1c8f9cc4e82ed8d3192d8b	2016-08-20T22:14:29-05:00	Refactored into Public and Internal directories.
JiraPS/Public/New-JiraFilter.ps1	36	36	Oliver Lipkau	6c36cb7d8db2cc8538581a7de4bb3952c5c2119e	https://github.com/AtlassianPS/JiraPS/commit/6c36cb7d8db2cc8538581a7de4bb3952c5c2119e	2017-06-27T06:12:29+02:00	Enhance repo's environment (#147)
JiraPS/Public/New-JiraFilter.ps1	48	48	Oliver Lipkau	f3f8338aa40b13b1b2ee08313e847602b22fec67	https://github.com/AtlassianPS/JiraPS/commit/f3f8338aa40b13b1b2ee08313e847602b22fec67	2017-08-05T09:45:36+02:00	Release v2.2.0
JiraPS/Public/New-JiraFilter.ps1	60	63	Oliver Lipkau	f3f8338aa40b13b1b2ee08313e847602b22fec67	https://github.com/AtlassianPS/JiraPS/commit/f3f8338aa40b13b1b2ee08313e847602b22fec67	2017-08-05T09:45:36+02:00	Release v2.2.0
JiraPS/Public/New-JiraFilter.ps1	65	66	Oliver Lipkau	f3f8338aa40b13b1b2ee08313e847602b22fec67	https://github.com/AtlassianPS/JiraPS/commit/f3f8338aa40b13b1b2ee08313e847602b22fec67	2017-08-05T09:45:36+02:00	Release v2.2.0
JiraPS/Public/New-JiraGroup.ps1	4	4	Joshua Taliaferro	95ebe41348e10f941f1c8f9cc4e82ed8d3192d8b	https://github.com/AtlassianPS/JiraPS/commit/95ebe41348e10f941f1c8f9cc4e82ed8d3192d8b	2016-08-20T22:14:29-05:00	Refactored into Public and Internal directories.
JiraPS/Public/New-JiraGroup.ps1	6	6	Oliver Lipkau	6746cb332968d0f1e5376694e825fc915fc4b7b6	https://github.com/AtlassianPS/JiraPS/commit/6746cb332968d0f1e5376694e825fc915fc4b7b6	2017-05-22T16:45:55+02:00	[fix] updated cmdlet's help
JiraPS/Public/New-JiraGroup.ps1	9	9	Joshua Taliaferro	95ebe41348e10f941f1c8f9cc4e82ed8d3192d8b	https://github.com/AtlassianPS/JiraPS/commit/95ebe41348e10f941f1c8f9cc4e82ed8d3192d8b	2016-08-20T22:14:29-05:00	Refactored into Public and Internal directories.
JiraPS/Public/New-JiraGroup.ps1	14	15	Joshua Taliaferro	95ebe41348e10f941f1c8f9cc4e82ed8d3192d8b	https://github.com/AtlassianPS/JiraPS/commit/95ebe41348e10f941f1c8f9cc4e82ed8d3192d8b	2016-08-20T22:14:29-05:00	Refactored into Public and Internal directories.
JiraPS/Public/New-JiraGroup.ps1	16	16	Oliver Lipkau	6c36cb7d8db2cc8538581a7de4bb3952c5c2119e	https://github.com/AtlassianPS/JiraPS/commit/6c36cb7d8db2cc8538581a7de4bb3952c5c2119e	2017-06-27T06:12:29+02:00	Enhance repo's environment (#147)
JiraPS/Public/New-JiraGroup.ps1	18	18	Oliver Lipkau	3c58908262cd12af50880053b4dac1e812f6958b	https://github.com/AtlassianPS/JiraPS/commit/3c58908262cd12af50880053b4dac1e812f6958b	2017-05-24T11:29:47+02:00	Take over global PSDefaultParameterValues
JiraPS/Public/New-JiraGroup.ps1	20	21	Joshua Taliaferro	95ebe41348e10f941f1c8f9cc4e82ed8d3192d8b	https://github.com/AtlassianPS/JiraPS/commit/95ebe41348e10f941f1c8f9cc4e82ed8d3192d8b	2016-08-20T22:14:29-05:00	Refactored into Public and Internal directories.
JiraPS/Public/New-JiraGroup.ps1	22	22	Oliver Lipkau	6c36cb7d8db2cc8538581a7de4bb3952c5c2119e	https://github.com/AtlassianPS/JiraPS/commit/6c36cb7d8db2cc8538581a7de4bb3952c5c2119e	2017-06-27T06:12:29+02:00	Enhance repo's environment (#147)
JiraPS/Public/New-JiraGroup.ps1	29	29	Joshua Taliaferro	95ebe41348e10f941f1c8f9cc4e82ed8d3192d8b	https://github.com/AtlassianPS/JiraPS/commit/95ebe41348e10f941f1c8f9cc4e82ed8d3192d8b	2016-08-20T22:14:29-05:00	Refactored into Public and Internal directories.
JiraPS/Public/New-JiraGroup.ps1	33	33	Joshua Taliaferro	95ebe41348e10f941f1c8f9cc4e82ed8d3192d8b	https://github.com/AtlassianPS/JiraPS/commit/95ebe41348e10f941f1c8f9cc4e82ed8d3192d8b	2016-08-20T22:14:29-05:00	Refactored into Public and Internal directories.
JiraPS/Public/New-JiraGroup.ps1	46	47	Joshua Taliaferro	95ebe41348e10f941f1c8f9cc4e82ed8d3192d8b	https://github.com/AtlassianPS/JiraPS/commit/95ebe41348e10f941f1c8f9cc4e82ed8d3192d8b	2016-08-20T22:14:29-05:00	Refactored into Public and Internal directories.
JiraPS/Public/New-JiraGroup.ps1	52	52	Joshua Taliaferro	95ebe41348e10f941f1c8f9cc4e82ed8d3192d8b	https://github.com/AtlassianPS/JiraPS/commit/95ebe41348e10f941f1c8f9cc4e82ed8d3192d8b	2016-08-20T22:14:29-05:00	Refactored into Public and Internal directories.
JiraPS/Public/New-JiraIssue.ps1	4	4	Joshua Taliaferro	95ebe41348e10f941f1c8f9cc4e82ed8d3192d8b	https://github.com/AtlassianPS/JiraPS/commit/95ebe41348e10f941f1c8f9cc4e82ed8d3192d8b	2016-08-20T22:14:29-05:00	Refactored into Public and Internal directories.
JiraPS/Public/New-JiraIssue.ps1	8	8	Joshua Taliaferro	95ebe41348e10f941f1c8f9cc4e82ed8d3192d8b	https://github.com/AtlassianPS/JiraPS/commit/95ebe41348e10f941f1c8f9cc4e82ed8d3192d8b	2016-08-20T22:14:29-05:00	Refactored into Public and Internal directories.
JiraPS/Public/New-JiraIssue.ps1	12	12	Joshua Taliaferro	95ebe41348e10f941f1c8f9cc4e82ed8d3192d8b	https://github.com/AtlassianPS/JiraPS/commit/95ebe41348e10f941f1c8f9cc4e82ed8d3192d8b	2016-08-20T22:14:29-05:00	Refactored into Public and Internal directories.
JiraPS/Public/New-JiraIssue.ps1	20	20	Joshua Taliaferro	95ebe41348e10f941f1c8f9cc4e82ed8d3192d8b	https://github.com/AtlassianPS/JiraPS/commit/95ebe41348e10f941f1c8f9cc4e82ed8d3192d8b	2016-08-20T22:14:29-05:00	Refactored into Public and Internal directories.
JiraPS/Public/New-JiraIssue.ps1	24	24	Joshua Taliaferro	95ebe41348e10f941f1c8f9cc4e82ed8d3192d8b	https://github.com/AtlassianPS/JiraPS/commit/95ebe41348e10f941f1c8f9cc4e82ed8d3192d8b	2016-08-20T22:14:29-05:00	Refactored into Public and Internal directories.
JiraPS/Public/New-JiraIssue.ps1	30	30	Joshua Taliaferro	95ebe41348e10f941f1c8f9cc4e82ed8d3192d8b	https://github.com/AtlassianPS/JiraPS/commit/95ebe41348e10f941f1c8f9cc4e82ed8d3192d8b	2016-08-20T22:14:29-05:00	Refactored into Public and Internal directories.
JiraPS/Public/New-JiraIssue.ps1	36	36	Joshua Taliaferro	95ebe41348e10f941f1c8f9cc4e82ed8d3192d8b	https://github.com/AtlassianPS/JiraPS/commit/95ebe41348e10f941f1c8f9cc4e82ed8d3192d8b	2016-08-20T22:14:29-05:00	Refactored into Public and Internal directories.
JiraPS/Public/New-JiraIssue.ps1	45	45	Joshua Taliaferro	95ebe41348e10f941f1c8f9cc4e82ed8d3192d8b	https://github.com/AtlassianPS/JiraPS/commit/95ebe41348e10f941f1c8f9cc4e82ed8d3192d8b	2016-08-20T22:14:29-05:00	Refactored into Public and Internal directories.
JiraPS/Public/New-JiraIssue.ps1	49	49	Joshua Taliaferro	c7863ec1975a1fad8ec4f84acd7f4d7ea047fbf4	https://github.com/AtlassianPS/JiraPS/commit/c7863ec1975a1fad8ec4f84acd7f4d7ea047fbf4	2016-08-21T00:08:12-05:00	Fixed merge conflict.
JiraPS/Public/New-JiraIssue.ps1	51	51	Michael Dejulia	4d502c963fdc4d9b07d43a240ecd25462461bb94	https://github.com/AtlassianPS/JiraPS/commit/4d502c963fdc4d9b07d43a240ecd25462461bb94	2017-05-23T08:04:01-07:00	Issue #40, FixVersion Param
JiraPS/Public/New-JiraIssue.ps1	54	54	Michael Dejulia	4d502c963fdc4d9b07d43a240ecd25462461bb94	https://github.com/AtlassianPS/JiraPS/commit/4d502c963fdc4d9b07d43a240ecd25462461bb94	2017-05-23T08:04:01-07:00	Issue #40, FixVersion Param
JiraPS/Public/New-JiraIssue.ps1	58	58	Joshua Taliaferro	95ebe41348e10f941f1c8f9cc4e82ed8d3192d8b	https://github.com/AtlassianPS/JiraPS/commit/95ebe41348e10f941f1c8f9cc4e82ed8d3192d8b	2016-08-20T22:14:29-05:00	Refactored into Public and Internal directories.
JiraPS/Public/New-JiraIssue.ps1	68	69	Joshua Taliaferro	95ebe41348e10f941f1c8f9cc4e82ed8d3192d8b	https://github.com/AtlassianPS/JiraPS/commit/95ebe41348e10f941f1c8f9cc4e82ed8d3192d8b	2016-08-20T22:14:29-05:00	Refactored into Public and Internal directories.
JiraPS/Public/New-JiraIssue.ps1	70	70	Oliver Lipkau	6c36cb7d8db2cc8538581a7de4bb3952c5c2119e	https://github.com/AtlassianPS/JiraPS/commit/6c36cb7d8db2cc8538581a7de4bb3952c5c2119e	2017-06-27T06:12:29+02:00	Enhance repo's environment (#147)
JiraPS/Public/New-JiraIssue.ps1	78	78	Joshua Taliaferro	95ebe41348e10f941f1c8f9cc4e82ed8d3192d8b	https://github.com/AtlassianPS/JiraPS/commit/95ebe41348e10f941f1c8f9cc4e82ed8d3192d8b	2016-08-20T22:14:29-05:00	Refactored into Public and Internal directories.
JiraPS/Public/New-JiraIssue.ps1	93	93	Joshua Taliaferro	95ebe41348e10f941f1c8f9cc4e82ed8d3192d8b	https://github.com/AtlassianPS/JiraPS/commit/95ebe41348e10f941f1c8f9cc4e82ed8d3192d8b	2016-08-20T22:14:29-05:00	Refactored into Public and Internal directories.
JiraPS/Public/New-JiraIssue.ps1	98	98	Joshua Taliaferro	95ebe41348e10f941f1c8f9cc4e82ed8d3192d8b	https://github.com/AtlassianPS/JiraPS/commit/95ebe41348e10f941f1c8f9cc4e82ed8d3192d8b	2016-08-20T22:14:29-05:00	Refactored into Public and Internal directories.
JiraPS/Public/New-JiraIssue.ps1	100	100	Oliver Lipkau	6c36cb7d8db2cc8538581a7de4bb3952c5c2119e	https://github.com/AtlassianPS/JiraPS/commit/6c36cb7d8db2cc8538581a7de4bb3952c5c2119e	2017-06-27T06:12:29+02:00	Enhance repo's environment (#147)
JiraPS/Public/New-JiraIssue.ps1	102	103	Brian Bunke	ba71fbba792c4d21eb0d897c520ad009d313628a	https://github.com/AtlassianPS/JiraPS/commit/ba71fbba792c4d21eb0d897c520ad009d313628a	2016-10-11T11:12:47-07:00	Remove mandatory from Description and Priority
JiraPS/Public/New-JiraIssue.ps1	104	104	Oliver Lipkau	6c36cb7d8db2cc8538581a7de4bb3952c5c2119e	https://github.com/AtlassianPS/JiraPS/commit/6c36cb7d8db2cc8538581a7de4bb3952c5c2119e	2017-06-27T06:12:29+02:00	Enhance repo's environment (#147)
JiraPS/Public/New-JiraIssue.ps1	106	107	Brian Bunke	ba71fbba792c4d21eb0d897c520ad009d313628a	https://github.com/AtlassianPS/JiraPS/commit/ba71fbba792c4d21eb0d897c520ad009d313628a	2016-10-11T11:12:47-07:00	Remove mandatory from Description and Priority
JiraPS/Public/New-JiraIssue.ps1	135	135	Oliver Lipkau	b1270b78814d0ebc6b04c3b56168dc451ef4829c	https://github.com/AtlassianPS/JiraPS/commit/b1270b78814d0ebc6b04c3b56168dc451ef4829c	2017-05-22T17:21:18+02:00	[fix] updated the code formatting I screwed up in my last commit
JiraPS/Public/New-JiraIssue.ps1	136	136	Oliver Lipkau	df031a199faa6991bbb742e226b3aadc12c3f51d	https://github.com/AtlassianPS/JiraPS/commit/df031a199faa6991bbb742e226b3aadc12c3f51d	2017-06-20T16:41:48+02:00	Declare SupportsShouldProcess
JiraPS/Public/New-JiraIssue.ps1	144	144	Joshua Taliaferro	95ebe41348e10f941f1c8f9cc4e82ed8d3192d8b	https://github.com/AtlassianPS/JiraPS/commit/95ebe41348e10f941f1c8f9cc4e82ed8d3192d8b	2016-08-20T22:14:29-05:00	Refactored into Public and Internal directories.
JiraPS/Public/New-JiraIssue.ps1	147	148	Joshua Taliaferro	f9dc49edb7a58c19d89434c9ad6a3fdf5b610286	https://github.com/AtlassianPS/JiraPS/commit/f9dc49edb7a58c19d89434c9ad6a3fdf5b610286	2017-01-09T09:47:05-06:00	Removed fallback logic for Reporter parameter.
JiraPS/Public/New-JiraIssue.ps1	149	149	Oliver Lipkau	6c36cb7d8db2cc8538581a7de4bb3952c5c2119e	https://github.com/AtlassianPS/JiraPS/commit/6c36cb7d8db2cc8538581a7de4bb3952c5c2119e	2017-06-27T06:12:29+02:00	Enhance repo's environment (#147)
JiraPS/Public/New-JiraIssue.ps1	151	151	Joshua Taliaferro	c7863ec1975a1fad8ec4f84acd7f4d7ea047fbf4	https://github.com/AtlassianPS/JiraPS/commit/c7863ec1975a1fad8ec4f84acd7f4d7ea047fbf4	2016-08-21T00:08:12-05:00	Fixed merge conflict.
JiraPS/Public/New-JiraIssue.ps1	152	152	Joshua Taliaferro	95ebe41348e10f941f1c8f9cc4e82ed8d3192d8b	https://github.com/AtlassianPS/JiraPS/commit/95ebe41348e10f941f1c8f9cc4e82ed8d3192d8b	2016-08-20T22:14:29-05:00	Refactored into Public and Internal directories.
JiraPS/Public/New-JiraIssue.ps1	156	157	Joshua Taliaferro	95ebe41348e10f941f1c8f9cc4e82ed8d3192d8b	https://github.com/AtlassianPS/JiraPS/commit/95ebe41348e10f941f1c8f9cc4e82ed8d3192d8b	2016-08-20T22:14:29-05:00	Refactored into Public and Internal directories.
JiraPS/Public/New-JiraIssue.ps1	166	167	Michael Dejulia	4d502c963fdc4d9b07d43a240ecd25462461bb94	https://github.com/AtlassianPS/JiraPS/commit/4d502c963fdc4d9b07d43a240ecd25462461bb94	2017-05-23T08:04:01-07:00	Issue #40, FixVersion Param
JiraPS/Public/New-JiraIssue.ps1	194	194	Oliver Lipkau	6746cb332968d0f1e5376694e825fc915fc4b7b6	https://github.com/AtlassianPS/JiraPS/commit/6746cb332968d0f1e5376694e825fc915fc4b7b6	2017-05-22T16:45:55+02:00	[fix] updated cmdlet's help
JiraPS/Public/New-JiraIssue.ps1	195	196	Joshua Taliaferro	95ebe41348e10f941f1c8f9cc4e82ed8d3192d8b	https://github.com/AtlassianPS/JiraPS/commit/95ebe41348e10f941f1c8f9cc4e82ed8d3192d8b	2016-08-20T22:14:29-05:00	Refactored into Public and Internal directories.
JiraPS/Public/New-JiraIssue.ps1	198	198	Joshua Taliaferro	95ebe41348e10f941f1c8f9cc4e82ed8d3192d8b	https://github.com/AtlassianPS/JiraPS/commit/95ebe41348e10f941f1c8f9cc4e82ed8d3192d8b	2016-08-20T22:14:29-05:00	Refactored into Public and Internal directories.
JiraPS/Public/New-JiraIssue.ps1	200	201	Joshua Taliaferro	95ebe41348e10f941f1c8f9cc4e82ed8d3192d8b	https://github.com/AtlassianPS/JiraPS/commit/95ebe41348e10f941f1c8f9cc4e82ed8d3192d8b	2016-08-20T22:14:29-05:00	Refactored into Public and Internal directories.
JiraPS/Public/New-JiraIssue.ps1	209	209	Oliver Lipkau	df031a199faa6991bbb742e226b3aadc12c3f51d	https://github.com/AtlassianPS/JiraPS/commit/df031a199faa6991bbb742e226b3aadc12c3f51d	2017-06-20T16:41:48+02:00	Declare SupportsShouldProcess
JiraPS/Public/New-JiraIssue.ps1	216	216	Joshua Taliaferro	95ebe41348e10f941f1c8f9cc4e82ed8d3192d8b	https://github.com/AtlassianPS/JiraPS/commit/95ebe41348e10f941f1c8f9cc4e82ed8d3192d8b	2016-08-20T22:14:29-05:00	Refactored into Public and Internal directories.
JiraPS/Public/New-JiraIssue.ps1	218	219	Joshua Taliaferro	95ebe41348e10f941f1c8f9cc4e82ed8d3192d8b	https://github.com/AtlassianPS/JiraPS/commit/95ebe41348e10f941f1c8f9cc4e82ed8d3192d8b	2016-08-20T22:14:29-05:00	Refactored into Public and Internal directories.
JiraPS/Public/New-JiraIssue.ps1	220	220	Oliver Lipkau	6c36cb7d8db2cc8538581a7de4bb3952c5c2119e	https://github.com/AtlassianPS/JiraPS/commit/6c36cb7d8db2cc8538581a7de4bb3952c5c2119e	2017-06-27T06:12:29+02:00	Enhance repo's environment (#147)
JiraPS/Public/New-JiraIssue.ps1	221	222	Joshua Taliaferro	95ebe41348e10f941f1c8f9cc4e82ed8d3192d8b	https://github.com/AtlassianPS/JiraPS/commit/95ebe41348e10f941f1c8f9cc4e82ed8d3192d8b	2016-08-20T22:14:29-05:00	Refactored into Public and Internal directories.
JiraPS/Public/New-JiraIssueLinkRequest.ps1	16	16	Joshua Taliaferro	75ba2d623c2184811df73b205c8743266dd5636a	https://github.com/AtlassianPS/JiraPS/commit/75ba2d623c2184811df73b205c8743266dd5636a	2016-09-01T21:51:03-05:00	Created function Get-JiraIssueLinkType
JiraPS/Public/New-JiraIssueLinkRequest.ps1	30	32	Oliver Lipkau	f3f8338aa40b13b1b2ee08313e847602b22fec67	https://github.com/AtlassianPS/JiraPS/commit/f3f8338aa40b13b1b2ee08313e847602b22fec67	2017-08-05T09:45:36+02:00	Release v2.2.0
JiraPS/Public/New-JiraIssueLinkRequest.ps1	34	36	Oliver Lipkau	f3f8338aa40b13b1b2ee08313e847602b22fec67	https://github.com/AtlassianPS/JiraPS/commit/f3f8338aa40b13b1b2ee08313e847602b22fec67	2017-08-05T09:45:36+02:00	Release v2.2.0
JiraPS/Public/New-JiraIssueLinkRequest.ps1	93	96	Oliver Lipkau	f3f8338aa40b13b1b2ee08313e847602b22fec67	https://github.com/AtlassianPS/JiraPS/commit/f3f8338aa40b13b1b2ee08313e847602b22fec67	2017-08-05T09:45:36+02:00	Release v2.2.0
JiraPS/Public/New-JiraIssueLinkRequest.ps1	98	99	Oliver Lipkau	f3f8338aa40b13b1b2ee08313e847602b22fec67	https://github.com/AtlassianPS/JiraPS/commit/f3f8338aa40b13b1b2ee08313e847602b22fec67	2017-08-05T09:45:36+02:00	Release v2.2.0
JiraPS/Public/New-JiraSession.ps1	4	4	Oliver Lipkau	df031a199faa6991bbb742e226b3aadc12c3f51d	https://github.com/AtlassianPS/JiraPS/commit/df031a199faa6991bbb742e226b3aadc12c3f51d	2017-06-20T16:41:48+02:00	Declare SupportsShouldProcess
JiraPS/Public/New-JiraSession.ps1	5	5	Joshua Taliaferro	95ebe41348e10f941f1c8f9cc4e82ed8d3192d8b	https://github.com/AtlassianPS/JiraPS/commit/95ebe41348e10f941f1c8f9cc4e82ed8d3192d8b	2016-08-20T22:14:29-05:00	Refactored into Public and Internal directories.
JiraPS/Public/New-JiraSession.ps1	26	27	Joshua Taliaferro	95ebe41348e10f941f1c8f9cc4e82ed8d3192d8b	https://github.com/AtlassianPS/JiraPS/commit/95ebe41348e10f941f1c8f9cc4e82ed8d3192d8b	2016-08-20T22:14:29-05:00	Refactored into Public and Internal directories.
JiraPS/Public/New-JiraSession.ps1	28	28	Oliver Lipkau	df031a199faa6991bbb742e226b3aadc12c3f51d	https://github.com/AtlassianPS/JiraPS/commit/df031a199faa6991bbb742e226b3aadc12c3f51d	2017-06-20T16:41:48+02:00	Declare SupportsShouldProcess
JiraPS/Public/New-JiraSession.ps1	30	30	Oliver Lipkau	3c58908262cd12af50880053b4dac1e812f6958b	https://github.com/AtlassianPS/JiraPS/commit/3c58908262cd12af50880053b4dac1e812f6958b	2017-05-24T11:29:47+02:00	Take over global PSDefaultParameterValues
JiraPS/Public/New-JiraSession.ps1	32	33	Joshua Taliaferro	95ebe41348e10f941f1c8f9cc4e82ed8d3192d8b	https://github.com/AtlassianPS/JiraPS/commit/95ebe41348e10f941f1c8f9cc4e82ed8d3192d8b	2016-08-20T22:14:29-05:00	Refactored into Public and Internal directories.
JiraPS/Public/New-JiraSession.ps1	34	34	Oliver Lipkau	df031a199faa6991bbb742e226b3aadc12c3f51d	https://github.com/AtlassianPS/JiraPS/commit/df031a199faa6991bbb742e226b3aadc12c3f51d	2017-06-20T16:41:48+02:00	Declare SupportsShouldProcess
JiraPS/Public/New-JiraSession.ps1	71	71	Oliver Lipkau	b1270b78814d0ebc6b04c3b56168dc451ef4829c	https://github.com/AtlassianPS/JiraPS/commit/b1270b78814d0ebc6b04c3b56168dc451ef4829c	2017-05-22T17:21:18+02:00	[fix] updated the code formatting I screwed up in my last commit
JiraPS/Public/New-JiraSession.ps1	72	72	Joshua Taliaferro	95ebe41348e10f941f1c8f9cc4e82ed8d3192d8b	https://github.com/AtlassianPS/JiraPS/commit/95ebe41348e10f941f1c8f9cc4e82ed8d3192d8b	2016-08-20T22:14:29-05:00	Refactored into Public and Internal directories.
JiraPS/Public/New-JiraSession.ps1	75	75	Joshua Taliaferro	95ebe41348e10f941f1c8f9cc4e82ed8d3192d8b	https://github.com/AtlassianPS/JiraPS/commit/95ebe41348e10f941f1c8f9cc4e82ed8d3192d8b	2016-08-20T22:14:29-05:00	Refactored into Public and Internal directories.
JiraPS/Public/New-JiraSession.ps1	80	80	Joshua Taliaferro	95ebe41348e10f941f1c8f9cc4e82ed8d3192d8b	https://github.com/AtlassianPS/JiraPS/commit/95ebe41348e10f941f1c8f9cc4e82ed8d3192d8b	2016-08-20T22:14:29-05:00	Refactored into Public and Internal directories.
JiraPS/Public/New-JiraUser.ps1	4	4	Joshua Taliaferro	95ebe41348e10f941f1c8f9cc4e82ed8d3192d8b	https://github.com/AtlassianPS/JiraPS/commit/95ebe41348e10f941f1c8f9cc4e82ed8d3192d8b	2016-08-20T22:14:29-05:00	Refactored into Public and Internal directories.
JiraPS/Public/New-JiraUser.ps1	8	8	Joshua Taliaferro	95ebe41348e10f941f1c8f9cc4e82ed8d3192d8b	https://github.com/AtlassianPS/JiraPS/commit/95ebe41348e10f941f1c8f9cc4e82ed8d3192d8b	2016-08-20T22:14:29-05:00	Refactored into Public and Internal directories.
JiraPS/Public/New-JiraUser.ps1	10	10	Joshua Taliaferro	95ebe41348e10f941f1c8f9cc4e82ed8d3192d8b	https://github.com/AtlassianPS/JiraPS/commit/95ebe41348e10f941f1c8f9cc4e82ed8d3192d8b	2016-08-20T22:14:29-05:00	Refactored into Public and Internal directories.
JiraPS/Public/New-JiraUser.ps1	13	13	Joshua Taliaferro	95ebe41348e10f941f1c8f9cc4e82ed8d3192d8b	https://github.com/AtlassianPS/JiraPS/commit/95ebe41348e10f941f1c8f9cc4e82ed8d3192d8b	2016-08-20T22:14:29-05:00	Refactored into Public and Internal directories.
JiraPS/Public/New-JiraUser.ps1	16	16	Joshua Taliaferro	95ebe41348e10f941f1c8f9cc4e82ed8d3192d8b	https://github.com/AtlassianPS/JiraPS/commit/95ebe41348e10f941f1c8f9cc4e82ed8d3192d8b	2016-08-20T22:14:29-05:00	Refactored into Public and Internal directories.
JiraPS/Public/New-JiraUser.ps1	19	19	Joshua Taliaferro	95ebe41348e10f941f1c8f9cc4e82ed8d3192d8b	https://github.com/AtlassianPS/JiraPS/commit/95ebe41348e10f941f1c8f9cc4e82ed8d3192d8b	2016-08-20T22:14:29-05:00	Refactored into Public and Internal directories.
JiraPS/Public/New-JiraUser.ps1	24	25	Joshua Taliaferro	95ebe41348e10f941f1c8f9cc4e82ed8d3192d8b	https://github.com/AtlassianPS/JiraPS/commit/95ebe41348e10f941f1c8f9cc4e82ed8d3192d8b	2016-08-20T22:14:29-05:00	Refactored into Public and Internal directories.
JiraPS/Public/New-JiraUser.ps1	26	26	Oliver Lipkau	6c36cb7d8db2cc8538581a7de4bb3952c5c2119e	https://github.com/AtlassianPS/JiraPS/commit/6c36cb7d8db2cc8538581a7de4bb3952c5c2119e	2017-06-27T06:12:29+02:00	Enhance repo's environment (#147)
JiraPS/Public/New-JiraUser.ps1	28	28	Oliver Lipkau	3c58908262cd12af50880053b4dac1e812f6958b	https://github.com/AtlassianPS/JiraPS/commit/3c58908262cd12af50880053b4dac1e812f6958b	2017-05-24T11:29:47+02:00	Take over global PSDefaultParameterValues
JiraPS/Public/New-JiraUser.ps1	30	31	Joshua Taliaferro	95ebe41348e10f941f1c8f9cc4e82ed8d3192d8b	https://github.com/AtlassianPS/JiraPS/commit/95ebe41348e10f941f1c8f9cc4e82ed8d3192d8b	2016-08-20T22:14:29-05:00	Refactored into Public and Internal directories.
JiraPS/Public/New-JiraUser.ps1	32	32	Oliver Lipkau	6c36cb7d8db2cc8538581a7de4bb3952c5c2119e	https://github.com/AtlassianPS/JiraPS/commit/6c36cb7d8db2cc8538581a7de4bb3952c5c2119e	2017-06-27T06:12:29+02:00	Enhance repo's environment (#147)
JiraPS/Public/New-JiraUser.ps1	40	41	Joshua Taliaferro	95ebe41348e10f941f1c8f9cc4e82ed8d3192d8b	https://github.com/AtlassianPS/JiraPS/commit/95ebe41348e10f941f1c8f9cc4e82ed8d3192d8b	2016-08-20T22:14:29-05:00	Refactored into Public and Internal directories.
JiraPS/Public/New-JiraUser.ps1	42	42	Oliver Lipkau	6c36cb7d8db2cc8538581a7de4bb3952c5c2119e	https://github.com/AtlassianPS/JiraPS/commit/6c36cb7d8db2cc8538581a7de4bb3952c5c2119e	2017-06-27T06:12:29+02:00	Enhance repo's environment (#147)
JiraPS/Public/New-JiraUser.ps1	44	44	Oliver Lipkau	6746cb332968d0f1e5376694e825fc915fc4b7b6	https://github.com/AtlassianPS/JiraPS/commit/6746cb332968d0f1e5376694e825fc915fc4b7b6	2017-05-22T16:45:55+02:00	[fix] updated cmdlet's help
JiraPS/Public/New-JiraUser.ps1	45	45	Oliver Lipkau	6c36cb7d8db2cc8538581a7de4bb3952c5c2119e	https://github.com/AtlassianPS/JiraPS/commit/6c36cb7d8db2cc8538581a7de4bb3952c5c2119e	2017-06-27T06:12:29+02:00	Enhance repo's environment (#147)
JiraPS/Public/New-JiraUser.ps1	48	49	Joshua Taliaferro	95ebe41348e10f941f1c8f9cc4e82ed8d3192d8b	https://github.com/AtlassianPS/JiraPS/commit/95ebe41348e10f941f1c8f9cc4e82ed8d3192d8b	2016-08-20T22:14:29-05:00	Refactored into Public and Internal directories.
JiraPS/Public/New-JiraUser.ps1	57	57	Oliver Lipkau	df031a199faa6991bbb742e226b3aadc12c3f51d	https://github.com/AtlassianPS/JiraPS/commit/df031a199faa6991bbb742e226b3aadc12c3f51d	2017-06-20T16:41:48+02:00	Declare SupportsShouldProcess
JiraPS/Public/New-JiraUser.ps1	59	59	Joshua Taliaferro	95ebe41348e10f941f1c8f9cc4e82ed8d3192d8b	https://github.com/AtlassianPS/JiraPS/commit/95ebe41348e10f941f1c8f9cc4e82ed8d3192d8b	2016-08-20T22:14:29-05:00	Refactored into Public and Internal directories.
JiraPS/Public/New-JiraUser.ps1	61	62	Joshua Taliaferro	95ebe41348e10f941f1c8f9cc4e82ed8d3192d8b	https://github.com/AtlassianPS/JiraPS/commit/95ebe41348e10f941f1c8f9cc4e82ed8d3192d8b	2016-08-20T22:14:29-05:00	Refactored into Public and Internal directories.
JiraPS/Public/New-JiraUser.ps1	67	67	Joshua Taliaferro	95ebe41348e10f941f1c8f9cc4e82ed8d3192d8b	https://github.com/AtlassianPS/JiraPS/commit/95ebe41348e10f941f1c8f9cc4e82ed8d3192d8b	2016-08-20T22:14:29-05:00	Refactored into Public and Internal directories.
JiraPS/Public/New-JiraVersion.ps1	4	4	Oliver Lipkau	f3f8338aa40b13b1b2ee08313e847602b22fec67	https://github.com/AtlassianPS/JiraPS/commit/f3f8338aa40b13b1b2ee08313e847602b22fec67	2017-08-05T09:45:36+02:00	Release v2.2.0
JiraPS/Public/New-JiraVersion.ps1	10	10	Oliver Lipkau	f3f8338aa40b13b1b2ee08313e847602b22fec67	https://github.com/AtlassianPS/JiraPS/commit/f3f8338aa40b13b1b2ee08313e847602b22fec67	2017-08-05T09:45:36+02:00	Release v2.2.0
JiraPS/Public/New-JiraVersion.ps1	14	14	Oliver Lipkau	f3f8338aa40b13b1b2ee08313e847602b22fec67	https://github.com/AtlassianPS/JiraPS/commit/f3f8338aa40b13b1b2ee08313e847602b22fec67	2017-08-05T09:45:36+02:00	Release v2.2.0
JiraPS/Public/New-JiraVersion.ps1	40	40	Oliver Lipkau	f3f8338aa40b13b1b2ee08313e847602b22fec67	https://github.com/AtlassianPS/JiraPS/commit/f3f8338aa40b13b1b2ee08313e847602b22fec67	2017-08-05T09:45:36+02:00	Release v2.2.0
JiraPS/Public/New-JiraVersion.ps1	45	45	Oliver Lipkau	f3f8338aa40b13b1b2ee08313e847602b22fec67	https://github.com/AtlassianPS/JiraPS/commit/f3f8338aa40b13b1b2ee08313e847602b22fec67	2017-08-05T09:45:36+02:00	Release v2.2.0
JiraPS/Public/New-JiraVersion.ps1	47	47	Oliver Lipkau	f3f8338aa40b13b1b2ee08313e847602b22fec67	https://github.com/AtlassianPS/JiraPS/commit/f3f8338aa40b13b1b2ee08313e847602b22fec67	2017-08-05T09:45:36+02:00	Release v2.2.0
JiraPS/Public/New-JiraVersion.ps1	49	49	Oliver Lipkau	3c58908262cd12af50880053b4dac1e812f6958b	https://github.com/AtlassianPS/JiraPS/commit/3c58908262cd12af50880053b4dac1e812f6958b	2017-05-24T11:29:47+02:00	Take over global PSDefaultParameterValues
JiraPS/Public/New-JiraVersion.ps1	51	53	Oliver Lipkau	f3f8338aa40b13b1b2ee08313e847602b22fec67	https://github.com/AtlassianPS/JiraPS/commit/f3f8338aa40b13b1b2ee08313e847602b22fec67	2017-08-05T09:45:36+02:00	Release v2.2.0
JiraPS/Public/New-JiraVersion.ps1	59	59	Oliver Lipkau	f3f8338aa40b13b1b2ee08313e847602b22fec67	https://github.com/AtlassianPS/JiraPS/commit/f3f8338aa40b13b1b2ee08313e847602b22fec67	2017-08-05T09:45:36+02:00	Release v2.2.0
JiraPS/Public/New-JiraVersion.ps1	66	66	Oliver Lipkau	f3f8338aa40b13b1b2ee08313e847602b22fec67	https://github.com/AtlassianPS/JiraPS/commit/f3f8338aa40b13b1b2ee08313e847602b22fec67	2017-08-05T09:45:36+02:00	Release v2.2.0
JiraPS/Public/New-JiraVersion.ps1	72	74	Oliver Lipkau	f3f8338aa40b13b1b2ee08313e847602b22fec67	https://github.com/AtlassianPS/JiraPS/commit/f3f8338aa40b13b1b2ee08313e847602b22fec67	2017-08-05T09:45:36+02:00	Release v2.2.0
JiraPS/Public/New-JiraVersion.ps1	76	76	Oliver Lipkau	f3f8338aa40b13b1b2ee08313e847602b22fec67	https://github.com/AtlassianPS/JiraPS/commit/f3f8338aa40b13b1b2ee08313e847602b22fec67	2017-08-05T09:45:36+02:00	Release v2.2.0
JiraPS/Public/New-JiraVersion.ps1	78	79	Oliver Lipkau	f3f8338aa40b13b1b2ee08313e847602b22fec67	https://github.com/AtlassianPS/JiraPS/commit/f3f8338aa40b13b1b2ee08313e847602b22fec67	2017-08-05T09:45:36+02:00	Release v2.2.0
JiraPS/Public/New-JiraVersion.ps1	81	82	Oliver Lipkau	f3f8338aa40b13b1b2ee08313e847602b22fec67	https://github.com/AtlassianPS/JiraPS/commit/f3f8338aa40b13b1b2ee08313e847602b22fec67	2017-08-05T09:45:36+02:00	Release v2.2.0
JiraPS/Public/New-JiraVersion.ps1	84	85	Oliver Lipkau	f3f8338aa40b13b1b2ee08313e847602b22fec67	https://github.com/AtlassianPS/JiraPS/commit/f3f8338aa40b13b1b2ee08313e847602b22fec67	2017-08-05T09:45:36+02:00	Release v2.2.0
JiraPS/Public/New-JiraVersion.ps1	87	88	Oliver Lipkau	f3f8338aa40b13b1b2ee08313e847602b22fec67	https://github.com/AtlassianPS/JiraPS/commit/f3f8338aa40b13b1b2ee08313e847602b22fec67	2017-08-05T09:45:36+02:00	Release v2.2.0
JiraPS/Public/New-JiraVersion.ps1	90	91	Oliver Lipkau	f3f8338aa40b13b1b2ee08313e847602b22fec67	https://github.com/AtlassianPS/JiraPS/commit/f3f8338aa40b13b1b2ee08313e847602b22fec67	2017-08-05T09:45:36+02:00	Release v2.2.0
JiraPS/Public/New-JiraVersion.ps1	98	98	Oliver Lipkau	f3f8338aa40b13b1b2ee08313e847602b22fec67	https://github.com/AtlassianPS/JiraPS/commit/f3f8338aa40b13b1b2ee08313e847602b22fec67	2017-08-05T09:45:36+02:00	Release v2.2.0
JiraPS/Public/New-JiraVersion.ps1	101	104	Oliver Lipkau	f3f8338aa40b13b1b2ee08313e847602b22fec67	https://github.com/AtlassianPS/JiraPS/commit/f3f8338aa40b13b1b2ee08313e847602b22fec67	2017-08-05T09:45:36+02:00	Release v2.2.0
JiraPS/Public/New-JiraVersion.ps1	112	112	Oliver Lipkau	f3f8338aa40b13b1b2ee08313e847602b22fec67	https://github.com/AtlassianPS/JiraPS/commit/f3f8338aa40b13b1b2ee08313e847602b22fec67	2017-08-05T09:45:36+02:00	Release v2.2.0
JiraPS/Public/New-JiraVersion.ps1	114	114	Oliver Lipkau	f3f8338aa40b13b1b2ee08313e847602b22fec67	https://github.com/AtlassianPS/JiraPS/commit/f3f8338aa40b13b1b2ee08313e847602b22fec67	2017-08-05T09:45:36+02:00	Release v2.2.0
JiraPS/Public/New-JiraVersion.ps1	116	119	Oliver Lipkau	f3f8338aa40b13b1b2ee08313e847602b22fec67	https://github.com/AtlassianPS/JiraPS/commit/f3f8338aa40b13b1b2ee08313e847602b22fec67	2017-08-05T09:45:36+02:00	Release v2.2.0
JiraPS/Public/New-JiraVersion.ps1	121	122	Oliver Lipkau	f3f8338aa40b13b1b2ee08313e847602b22fec67	https://github.com/AtlassianPS/JiraPS/commit/f3f8338aa40b13b1b2ee08313e847602b22fec67	2017-08-05T09:45:36+02:00	Release v2.2.0
JiraPS/Public/Remove-JiraFilter.ps1	19	21	Oliver Lipkau	f3f8338aa40b13b1b2ee08313e847602b22fec67	https://github.com/AtlassianPS/JiraPS/commit/f3f8338aa40b13b1b2ee08313e847602b22fec67	2017-08-05T09:45:36+02:00	Release v2.2.0
JiraPS/Public/Remove-JiraFilter.ps1	23	25	Oliver Lipkau	f3f8338aa40b13b1b2ee08313e847602b22fec67	https://github.com/AtlassianPS/JiraPS/commit/f3f8338aa40b13b1b2ee08313e847602b22fec67	2017-08-05T09:45:36+02:00	Release v2.2.0
JiraPS/Public/Remove-JiraFilter.ps1	40	40	Oliver Lipkau	f3f8338aa40b13b1b2ee08313e847602b22fec67	https://github.com/AtlassianPS/JiraPS/commit/f3f8338aa40b13b1b2ee08313e847602b22fec67	2017-08-05T09:45:36+02:00	Release v2.2.0
JiraPS/Public/Remove-JiraFilter.ps1	44	44	Oliver Lipkau	24ebea6aa9711ef0fb75b084e0beeaa8da0aef7d	https://github.com/AtlassianPS/JiraPS/commit/24ebea6aa9711ef0fb75b084e0beeaa8da0aef7d	2017-06-23T09:38:18+02:00	Add support for ShouldProcess
JiraPS/Public/Remove-JiraFilter.ps1	45	47	Eugene Bekker	ba55220e71bc7f14a3eeee9c730b5aed6aee60e9	https://github.com/AtlassianPS/JiraPS/commit/ba55220e71bc7f14a3eeee9c730b5aed6aee60e9	2017-01-24T15:59:24-05:00	Adds support for listing and managing issue watchers
JiraPS/Public/Remove-JiraFilter.ps1	48	48	Oliver Lipkau	6c36cb7d8db2cc8538581a7de4bb3952c5c2119e	https://github.com/AtlassianPS/JiraPS/commit/6c36cb7d8db2cc8538581a7de4bb3952c5c2119e	2017-06-27T06:12:29+02:00	Enhance repo's environment (#147)
JiraPS/Public/Remove-JiraFilter.ps1	50	51	Eugene Bekker	ba55220e71bc7f14a3eeee9c730b5aed6aee60e9	https://github.com/AtlassianPS/JiraPS/commit/ba55220e71bc7f14a3eeee9c730b5aed6aee60e9	2017-01-24T15:59:24-05:00	Adds support for listing and managing issue watchers
JiraPS/Public/Remove-JiraFilterPermission.ps1	51	53	Oliver Lipkau	f3f8338aa40b13b1b2ee08313e847602b22fec67	https://github.com/AtlassianPS/JiraPS/commit/f3f8338aa40b13b1b2ee08313e847602b22fec67	2017-08-05T09:45:36+02:00	Release v2.2.0
JiraPS/Public/Remove-JiraFilterPermission.ps1	55	57	Oliver Lipkau	f3f8338aa40b13b1b2ee08313e847602b22fec67	https://github.com/AtlassianPS/JiraPS/commit/f3f8338aa40b13b1b2ee08313e847602b22fec67	2017-08-05T09:45:36+02:00	Release v2.2.0
JiraPS/Public/Remove-JiraFilterPermission.ps1	80	83	Oliver Lipkau	f3f8338aa40b13b1b2ee08313e847602b22fec67	https://github.com/AtlassianPS/JiraPS/commit/f3f8338aa40b13b1b2ee08313e847602b22fec67	2017-08-05T09:45:36+02:00	Release v2.2.0
JiraPS/Public/Remove-JiraFilterPermission.ps1	85	86	Oliver Lipkau	f3f8338aa40b13b1b2ee08313e847602b22fec67	https://github.com/AtlassianPS/JiraPS/commit/f3f8338aa40b13b1b2ee08313e847602b22fec67	2017-08-05T09:45:36+02:00	Release v2.2.0
JiraPS/Public/Remove-JiraGroup.ps1	4	4	Joshua Taliaferro	c1d76e867f49b3f22a9f3366591570e47034443e	https://github.com/AtlassianPS/JiraPS/commit/c1d76e867f49b3f22a9f3366591570e47034443e	2015-09-09T17:34:04-05:00	Created function Remove-JiraGroup and tests
JiraPS/Public/Remove-JiraGroup.ps1	8	8	Joshua Taliaferro	c1d76e867f49b3f22a9f3366591570e47034443e	https://github.com/AtlassianPS/JiraPS/commit/c1d76e867f49b3f22a9f3366591570e47034443e	2015-09-09T17:34:04-05:00	Created function Remove-JiraGroup and tests
JiraPS/Public/Remove-JiraGroup.ps1	11	11	Joshua Taliaferro	c1d76e867f49b3f22a9f3366591570e47034443e	https://github.com/AtlassianPS/JiraPS/commit/c1d76e867f49b3f22a9f3366591570e47034443e	2015-09-09T17:34:04-05:00	Created function Remove-JiraGroup and tests
JiraPS/Public/Remove-JiraGroup.ps1	16	16	Joshua Taliaferro	c1d76e867f49b3f22a9f3366591570e47034443e	https://github.com/AtlassianPS/JiraPS/commit/c1d76e867f49b3f22a9f3366591570e47034443e	2015-09-09T17:34:04-05:00	Created function Remove-JiraGroup and tests
JiraPS/Public/Remove-JiraGroup.ps1	19	20	Joshua Taliaferro	c1d76e867f49b3f22a9f3366591570e47034443e	https://github.com/AtlassianPS/JiraPS/commit/c1d76e867f49b3f22a9f3366591570e47034443e	2015-09-09T17:34:04-05:00	Created function Remove-JiraGroup and tests
JiraPS/Public/Remove-JiraGroup.ps1	21	21	Oliver Lipkau	6c36cb7d8db2cc8538581a7de4bb3952c5c2119e	https://github.com/AtlassianPS/JiraPS/commit/6c36cb7d8db2cc8538581a7de4bb3952c5c2119e	2017-06-27T06:12:29+02:00	Enhance repo's environment (#147)
JiraPS/Public/Remove-JiraGroup.ps1	23	23	Oliver Lipkau	3c58908262cd12af50880053b4dac1e812f6958b	https://github.com/AtlassianPS/JiraPS/commit/3c58908262cd12af50880053b4dac1e812f6958b	2017-05-24T11:29:47+02:00	Take over global PSDefaultParameterValues
JiraPS/Public/Remove-JiraGroup.ps1	25	25	Joshua Taliaferro	08cb3241b75b5bb6ff1d26a5fa82a4a0a80fd754	https://github.com/AtlassianPS/JiraPS/commit/08cb3241b75b5bb6ff1d26a5fa82a4a0a80fd754	2015-09-15T23:37:24-05:00	Created function Remove-JiraGroupMember and tests
JiraPS/Public/Remove-JiraGroup.ps1	27	27	Joshua Taliaferro	523e4b8fe4ed491d21c45f21620eac73defbf1ca	https://github.com/AtlassianPS/JiraPS/commit/523e4b8fe4ed491d21c45f21620eac73defbf1ca	2015-09-17T20:33:33-05:00	Fixed WhatIf, Force, and Confirm behavior
JiraPS/Public/Remove-JiraGroup.ps1	28	28	Oliver Lipkau	6c36cb7d8db2cc8538581a7de4bb3952c5c2119e	https://github.com/AtlassianPS/JiraPS/commit/6c36cb7d8db2cc8538581a7de4bb3952c5c2119e	2017-06-27T06:12:29+02:00	Enhance repo's environment (#147)
JiraPS/Public/Remove-JiraGroup.ps1	30	32	Joshua Taliaferro	523e4b8fe4ed491d21c45f21620eac73defbf1ca	https://github.com/AtlassianPS/JiraPS/commit/523e4b8fe4ed491d21c45f21620eac73defbf1ca	2015-09-17T20:33:33-05:00	Fixed WhatIf, Force, and Confirm behavior
JiraPS/Public/Remove-JiraGroup.ps1	33	34	Joshua Taliaferro	c1d76e867f49b3f22a9f3366591570e47034443e	https://github.com/AtlassianPS/JiraPS/commit/c1d76e867f49b3f22a9f3366591570e47034443e	2015-09-09T17:34:04-05:00	Created function Remove-JiraGroup and tests
JiraPS/Public/Remove-JiraGroup.ps1	35	35	Oliver Lipkau	6c36cb7d8db2cc8538581a7de4bb3952c5c2119e	https://github.com/AtlassianPS/JiraPS/commit/6c36cb7d8db2cc8538581a7de4bb3952c5c2119e	2017-06-27T06:12:29+02:00	Enhance repo's environment (#147)
JiraPS/Public/Remove-JiraGroup.ps1	42	42	Joshua Taliaferro	c1d76e867f49b3f22a9f3366591570e47034443e	https://github.com/AtlassianPS/JiraPS/commit/c1d76e867f49b3f22a9f3366591570e47034443e	2015-09-09T17:34:04-05:00	Created function Remove-JiraGroup and tests
JiraPS/Public/Remove-JiraGroup.ps1	51	51	Joshua Taliaferro	c1d76e867f49b3f22a9f3366591570e47034443e	https://github.com/AtlassianPS/JiraPS/commit/c1d76e867f49b3f22a9f3366591570e47034443e	2015-09-09T17:34:04-05:00	Created function Remove-JiraGroup and tests
JiraPS/Public/Remove-JiraGroup.ps1	61	64	Joshua Taliaferro	c1d76e867f49b3f22a9f3366591570e47034443e	https://github.com/AtlassianPS/JiraPS/commit/c1d76e867f49b3f22a9f3366591570e47034443e	2015-09-09T17:34:04-05:00	Created function Remove-JiraGroup and tests
JiraPS/Public/Remove-JiraGroup.ps1	65	66	Oliver Lipkau	6c36cb7d8db2cc8538581a7de4bb3952c5c2119e	https://github.com/AtlassianPS/JiraPS/commit/6c36cb7d8db2cc8538581a7de4bb3952c5c2119e	2017-06-27T06:12:29+02:00	Enhance repo's environment (#147)
JiraPS/Public/Remove-JiraGroup.ps1	68	70	Joshua Taliaferro	523e4b8fe4ed491d21c45f21620eac73defbf1ca	https://github.com/AtlassianPS/JiraPS/commit/523e4b8fe4ed491d21c45f21620eac73defbf1ca	2015-09-17T20:33:33-05:00	Fixed WhatIf, Force, and Confirm behavior
JiraPS/Public/Remove-JiraGroup.ps1	72	72	Joshua Taliaferro	c1d76e867f49b3f22a9f3366591570e47034443e	https://github.com/AtlassianPS/JiraPS/commit/c1d76e867f49b3f22a9f3366591570e47034443e	2015-09-09T17:34:04-05:00	Created function Remove-JiraGroup and tests
JiraPS/Public/Remove-JiraGroup.ps1	73	73	Joshua Taliaferro	d129c5dcd0bf8f771829fa61ba04317625180461	https://github.com/AtlassianPS/JiraPS/commit/d129c5dcd0bf8f771829fa61ba04317625180461	2015-09-17T22:41:44-05:00	Corrected style
JiraPS/Public/Remove-JiraGroupMember.ps1	4	4	Joshua Taliaferro	08cb3241b75b5bb6ff1d26a5fa82a4a0a80fd754	https://github.com/AtlassianPS/JiraPS/commit/08cb3241b75b5bb6ff1d26a5fa82a4a0a80fd754	2015-09-15T23:37:24-05:00	Created function Remove-JiraGroupMember and tests
JiraPS/Public/Remove-JiraGroupMember.ps1	8	8	Joshua Taliaferro	08cb3241b75b5bb6ff1d26a5fa82a4a0a80fd754	https://github.com/AtlassianPS/JiraPS/commit/08cb3241b75b5bb6ff1d26a5fa82a4a0a80fd754	2015-09-15T23:37:24-05:00	Created function Remove-JiraGroupMember and tests
JiraPS/Public/Remove-JiraGroupMember.ps1	11	11	Joshua Taliaferro	08cb3241b75b5bb6ff1d26a5fa82a4a0a80fd754	https://github.com/AtlassianPS/JiraPS/commit/08cb3241b75b5bb6ff1d26a5fa82a4a0a80fd754	2015-09-15T23:37:24-05:00	Created function Remove-JiraGroupMember and tests
JiraPS/Public/Remove-JiraGroupMember.ps1	15	15	Joshua Taliaferro	08cb3241b75b5bb6ff1d26a5fa82a4a0a80fd754	https://github.com/AtlassianPS/JiraPS/commit/08cb3241b75b5bb6ff1d26a5fa82a4a0a80fd754	2015-09-15T23:37:24-05:00	Created function Remove-JiraGroupMember and tests
JiraPS/Public/Remove-JiraGroupMember.ps1	18	18	Joshua Taliaferro	08cb3241b75b5bb6ff1d26a5fa82a4a0a80fd754	https://github.com/AtlassianPS/JiraPS/commit/08cb3241b75b5bb6ff1d26a5fa82a4a0a80fd754	2015-09-15T23:37:24-05:00	Created function Remove-JiraGroupMember and tests
JiraPS/Public/Remove-JiraGroupMember.ps1	23	23	Joshua Taliaferro	08cb3241b75b5bb6ff1d26a5fa82a4a0a80fd754	https://github.com/AtlassianPS/JiraPS/commit/08cb3241b75b5bb6ff1d26a5fa82a4a0a80fd754	2015-09-15T23:37:24-05:00	Created function Remove-JiraGroupMember and tests
JiraPS/Public/Remove-JiraGroupMember.ps1	26	26	Joshua Taliaferro	08cb3241b75b5bb6ff1d26a5fa82a4a0a80fd754	https://github.com/AtlassianPS/JiraPS/commit/08cb3241b75b5bb6ff1d26a5fa82a4a0a80fd754	2015-09-15T23:37:24-05:00	Created function Remove-JiraGroupMember and tests
JiraPS/Public/Remove-JiraGroupMember.ps1	29	30	Joshua Taliaferro	08cb3241b75b5bb6ff1d26a5fa82a4a0a80fd754	https://github.com/AtlassianPS/JiraPS/commit/08cb3241b75b5bb6ff1d26a5fa82a4a0a80fd754	2015-09-15T23:37:24-05:00	Created function Remove-JiraGroupMember and tests
JiraPS/Public/Remove-JiraGroupMember.ps1	31	31	Oliver Lipkau	6c36cb7d8db2cc8538581a7de4bb3952c5c2119e	https://github.com/AtlassianPS/JiraPS/commit/6c36cb7d8db2cc8538581a7de4bb3952c5c2119e	2017-06-27T06:12:29+02:00	Enhance repo's environment (#147)
JiraPS/Public/Remove-JiraGroupMember.ps1	33	33	Oliver Lipkau	3c58908262cd12af50880053b4dac1e812f6958b	https://github.com/AtlassianPS/JiraPS/commit/3c58908262cd12af50880053b4dac1e812f6958b	2017-05-24T11:29:47+02:00	Take over global PSDefaultParameterValues
JiraPS/Public/Remove-JiraGroupMember.ps1	35	35	Joshua Taliaferro	08cb3241b75b5bb6ff1d26a5fa82a4a0a80fd754	https://github.com/AtlassianPS/JiraPS/commit/08cb3241b75b5bb6ff1d26a5fa82a4a0a80fd754	2015-09-15T23:37:24-05:00	Created function Remove-JiraGroupMember and tests
JiraPS/Public/Remove-JiraGroupMember.ps1	37	37	Joshua Taliaferro	523e4b8fe4ed491d21c45f21620eac73defbf1ca	https://github.com/AtlassianPS/JiraPS/commit/523e4b8fe4ed491d21c45f21620eac73defbf1ca	2015-09-17T20:33:33-05:00	Fixed WhatIf, Force, and Confirm behavior
JiraPS/Public/Remove-JiraGroupMember.ps1	38	38	Oliver Lipkau	6c36cb7d8db2cc8538581a7de4bb3952c5c2119e	https://github.com/AtlassianPS/JiraPS/commit/6c36cb7d8db2cc8538581a7de4bb3952c5c2119e	2017-06-27T06:12:29+02:00	Enhance repo's environment (#147)
JiraPS/Public/Remove-JiraGroupMember.ps1	40	42	Joshua Taliaferro	523e4b8fe4ed491d21c45f21620eac73defbf1ca	https://github.com/AtlassianPS/JiraPS/commit/523e4b8fe4ed491d21c45f21620eac73defbf1ca	2015-09-17T20:33:33-05:00	Fixed WhatIf, Force, and Confirm behavior
JiraPS/Public/Remove-JiraGroupMember.ps1	43	44	Joshua Taliaferro	08cb3241b75b5bb6ff1d26a5fa82a4a0a80fd754	https://github.com/AtlassianPS/JiraPS/commit/08cb3241b75b5bb6ff1d26a5fa82a4a0a80fd754	2015-09-15T23:37:24-05:00	Created function Remove-JiraGroupMember and tests
JiraPS/Public/Remove-JiraGroupMember.ps1	45	45	Oliver Lipkau	6c36cb7d8db2cc8538581a7de4bb3952c5c2119e	https://github.com/AtlassianPS/JiraPS/commit/6c36cb7d8db2cc8538581a7de4bb3952c5c2119e	2017-06-27T06:12:29+02:00	Enhance repo's environment (#147)
JiraPS/Public/Remove-JiraGroupMember.ps1	52	52	Joshua Taliaferro	08cb3241b75b5bb6ff1d26a5fa82a4a0a80fd754	https://github.com/AtlassianPS/JiraPS/commit/08cb3241b75b5bb6ff1d26a5fa82a4a0a80fd754	2015-09-15T23:37:24-05:00	Created function Remove-JiraGroupMember and tests
JiraPS/Public/Remove-JiraGroupMember.ps1	56	56	Joshua Taliaferro	08cb3241b75b5bb6ff1d26a5fa82a4a0a80fd754	https://github.com/AtlassianPS/JiraPS/commit/08cb3241b75b5bb6ff1d26a5fa82a4a0a80fd754	2015-09-15T23:37:24-05:00	Created function Remove-JiraGroupMember and tests
JiraPS/Public/Remove-JiraGroupMember.ps1	79	79	Joshua Taliaferro	08cb3241b75b5bb6ff1d26a5fa82a4a0a80fd754	https://github.com/AtlassianPS/JiraPS/commit/08cb3241b75b5bb6ff1d26a5fa82a4a0a80fd754	2015-09-15T23:37:24-05:00	Created function Remove-JiraGroupMember and tests
JiraPS/Public/Remove-JiraGroupMember.ps1	83	83	Joshua Taliaferro	08cb3241b75b5bb6ff1d26a5fa82a4a0a80fd754	https://github.com/AtlassianPS/JiraPS/commit/08cb3241b75b5bb6ff1d26a5fa82a4a0a80fd754	2015-09-15T23:37:24-05:00	Created function Remove-JiraGroupMember and tests
JiraPS/Public/Remove-JiraGroupMember.ps1	84	84	Oliver Lipkau	6746cb332968d0f1e5376694e825fc915fc4b7b6	https://github.com/AtlassianPS/JiraPS/commit/6746cb332968d0f1e5376694e825fc915fc4b7b6	2017-05-22T16:45:55+02:00	[fix] updated cmdlet's help
JiraPS/Public/Remove-JiraGroupMember.ps1	88	91	Joshua Taliaferro	08cb3241b75b5bb6ff1d26a5fa82a4a0a80fd754	https://github.com/AtlassianPS/JiraPS/commit/08cb3241b75b5bb6ff1d26a5fa82a4a0a80fd754	2015-09-15T23:37:24-05:00	Created function Remove-JiraGroupMember and tests
JiraPS/Public/Remove-JiraGroupMember.ps1	92	93	Oliver Lipkau	6c36cb7d8db2cc8538581a7de4bb3952c5c2119e	https://github.com/AtlassianPS/JiraPS/commit/6c36cb7d8db2cc8538581a7de4bb3952c5c2119e	2017-06-27T06:12:29+02:00	Enhance repo's environment (#147)
JiraPS/Public/Remove-JiraGroupMember.ps1	95	97	Joshua Taliaferro	523e4b8fe4ed491d21c45f21620eac73defbf1ca	https://github.com/AtlassianPS/JiraPS/commit/523e4b8fe4ed491d21c45f21620eac73defbf1ca	2015-09-17T20:33:33-05:00	Fixed WhatIf, Force, and Confirm behavior
JiraPS/Public/Remove-JiraGroupMember.ps1	99	99	Joshua Taliaferro	08cb3241b75b5bb6ff1d26a5fa82a4a0a80fd754	https://github.com/AtlassianPS/JiraPS/commit/08cb3241b75b5bb6ff1d26a5fa82a4a0a80fd754	2015-09-15T23:37:24-05:00	Created function Remove-JiraGroupMember and tests
JiraPS/Public/Remove-JiraGroupMember.ps1	100	100	Joshua Taliaferro	d129c5dcd0bf8f771829fa61ba04317625180461	https://github.com/AtlassianPS/JiraPS/commit/d129c5dcd0bf8f771829fa61ba04317625180461	2015-09-17T22:41:44-05:00	Corrected style
JiraPS/Public/Remove-JiraIssue.ps1	43	43	Oliver Lipkau	f3f8338aa40b13b1b2ee08313e847602b22fec67	https://github.com/AtlassianPS/JiraPS/commit/f3f8338aa40b13b1b2ee08313e847602b22fec67	2017-08-05T09:45:36+02:00	Release v2.2.0
JiraPS/Public/Remove-JiraIssue.ps1	46	48	Oliver Lipkau	f3f8338aa40b13b1b2ee08313e847602b22fec67	https://github.com/AtlassianPS/JiraPS/commit/f3f8338aa40b13b1b2ee08313e847602b22fec67	2017-08-05T09:45:36+02:00	Release v2.2.0
JiraPS/Public/Remove-JiraIssue.ps1	50	50	Oliver Lipkau	3c58908262cd12af50880053b4dac1e812f6958b	https://github.com/AtlassianPS/JiraPS/commit/3c58908262cd12af50880053b4dac1e812f6958b	2017-05-24T11:29:47+02:00	Take over global PSDefaultParameterValues
JiraPS/Public/Remove-JiraIssue.ps1	52	52	Oliver Lipkau	bbb4377b69aa6a726bd9c122fe28e2a0278ff68a	https://github.com/AtlassianPS/JiraPS/commit/bbb4377b69aa6a726bd9c122fe28e2a0278ff68a	2017-06-25T16:41:50+02:00	Rename module in PRs since last major release
JiraPS/Public/Remove-JiraIssue.ps1	53	53	Oliver Lipkau	6c36cb7d8db2cc8538581a7de4bb3952c5c2119e	https://github.com/AtlassianPS/JiraPS/commit/6c36cb7d8db2cc8538581a7de4bb3952c5c2119e	2017-06-27T06:12:29+02:00	Enhance repo's environment (#147)
JiraPS/Public/Remove-JiraIssue.ps1	55	57	Joshua Taliaferro	523e4b8fe4ed491d21c45f21620eac73defbf1ca	https://github.com/AtlassianPS/JiraPS/commit/523e4b8fe4ed491d21c45f21620eac73defbf1ca	2015-09-17T20:33:33-05:00	Fixed WhatIf, Force, and Confirm behavior
JiraPS/Public/Remove-JiraIssue.ps1	58	59	Joshua Taliaferro	5c8bcea4ff0180ce150e3b333bf80ddea0f7a9c9	https://github.com/AtlassianPS/JiraPS/commit/5c8bcea4ff0180ce150e3b333bf80ddea0f7a9c9	2015-09-09T00:17:53-05:00	Created function Remove-JiraUser and tests
JiraPS/Public/Remove-JiraIssue.ps1	93	94	Joshua Taliaferro	5c8bcea4ff0180ce150e3b333bf80ddea0f7a9c9	https://github.com/AtlassianPS/JiraPS/commit/5c8bcea4ff0180ce150e3b333bf80ddea0f7a9c9	2015-09-09T00:17:53-05:00	Created function Remove-JiraUser and tests
JiraPS/Public/Remove-JiraIssue.ps1	95	96	Oliver Lipkau	6c36cb7d8db2cc8538581a7de4bb3952c5c2119e	https://github.com/AtlassianPS/JiraPS/commit/6c36cb7d8db2cc8538581a7de4bb3952c5c2119e	2017-06-27T06:12:29+02:00	Enhance repo's environment (#147)
JiraPS/Public/Remove-JiraIssue.ps1	98	100	Joshua Taliaferro	523e4b8fe4ed491d21c45f21620eac73defbf1ca	https://github.com/AtlassianPS/JiraPS/commit/523e4b8fe4ed491d21c45f21620eac73defbf1ca	2015-09-17T20:33:33-05:00	Fixed WhatIf, Force, and Confirm behavior
JiraPS/Public/Remove-JiraIssue.ps1	102	102	Joshua Taliaferro	5c8bcea4ff0180ce150e3b333bf80ddea0f7a9c9	https://github.com/AtlassianPS/JiraPS/commit/5c8bcea4ff0180ce150e3b333bf80ddea0f7a9c9	2015-09-09T00:17:53-05:00	Created function Remove-JiraUser and tests
JiraPS/Public/Remove-JiraIssue.ps1	103	103	Joshua Taliaferro	d129c5dcd0bf8f771829fa61ba04317625180461	https://github.com/AtlassianPS/JiraPS/commit/d129c5dcd0bf8f771829fa61ba04317625180461	2015-09-17T22:41:44-05:00	Corrected style
JiraPS/Public/Remove-JiraIssueAttachment.ps1	4	4	Joe Beaudry	0112ea6225447c4fd60fa518661792a6da5f9590	https://github.com/AtlassianPS/JiraPS/commit/0112ea6225447c4fd60fa518661792a6da5f9590	2017-06-20T11:41:42-04:00	Renamed Add Function, build Remove function
JiraPS/Public/Remove-JiraIssueAttachment.ps1	10	10	Oliver Lipkau	29cd79ab59f815b43489e3aa137d43531f75daf2	https://github.com/AtlassianPS/JiraPS/commit/29cd79ab59f815b43489e3aa137d43531f75daf2	2017-06-22T13:52:32+02:00	Add pipeline support to Remove-JiraIssueAttachment
JiraPS/Public/Remove-JiraIssueAttachment.ps1	17	17	Oliver Lipkau	29cd79ab59f815b43489e3aa137d43531f75daf2	https://github.com/AtlassianPS/JiraPS/commit/29cd79ab59f815b43489e3aa137d43531f75daf2	2017-06-22T13:52:32+02:00	Add pipeline support to Remove-JiraIssueAttachment
JiraPS/Public/Remove-JiraIssueAttachment.ps1	21	21	Joe Beaudry	0112ea6225447c4fd60fa518661792a6da5f9590	https://github.com/AtlassianPS/JiraPS/commit/0112ea6225447c4fd60fa518661792a6da5f9590	2017-06-20T11:41:42-04:00	Renamed Add Function, build Remove function
JiraPS/Public/Remove-JiraIssueAttachment.ps1	26	26	Joe Beaudry	0112ea6225447c4fd60fa518661792a6da5f9590	https://github.com/AtlassianPS/JiraPS/commit/0112ea6225447c4fd60fa518661792a6da5f9590	2017-06-20T11:41:42-04:00	Renamed Add Function, build Remove function
JiraPS/Public/Remove-JiraIssueAttachment.ps1	29	30	Joe Beaudry	0112ea6225447c4fd60fa518661792a6da5f9590	https://github.com/AtlassianPS/JiraPS/commit/0112ea6225447c4fd60fa518661792a6da5f9590	2017-06-20T11:41:42-04:00	Renamed Add Function, build Remove function
JiraPS/Public/Remove-JiraIssueAttachment.ps1	31	31	Oliver Lipkau	df031a199faa6991bbb742e226b3aadc12c3f51d	https://github.com/AtlassianPS/JiraPS/commit/df031a199faa6991bbb742e226b3aadc12c3f51d	2017-06-20T16:41:48+02:00	Declare SupportsShouldProcess
JiraPS/Public/Remove-JiraIssueAttachment.ps1	33	33	Oliver Lipkau	3c58908262cd12af50880053b4dac1e812f6958b	https://github.com/AtlassianPS/JiraPS/commit/3c58908262cd12af50880053b4dac1e812f6958b	2017-05-24T11:29:47+02:00	Take over global PSDefaultParameterValues
JiraPS/Public/Remove-JiraIssueAttachment.ps1	35	35	Joe Beaudry	0112ea6225447c4fd60fa518661792a6da5f9590	https://github.com/AtlassianPS/JiraPS/commit/0112ea6225447c4fd60fa518661792a6da5f9590	2017-06-20T11:41:42-04:00	Renamed Add Function, build Remove function
JiraPS/Public/Remove-JiraIssueAttachment.ps1	36	36	Oliver Lipkau	29cd79ab59f815b43489e3aa137d43531f75daf2	https://github.com/AtlassianPS/JiraPS/commit/29cd79ab59f815b43489e3aa137d43531f75daf2	2017-06-22T13:52:32+02:00	Add pipeline support to Remove-JiraIssueAttachment
JiraPS/Public/Remove-JiraIssueAttachment.ps1	38	42	Joe Beaudry	0112ea6225447c4fd60fa518661792a6da5f9590	https://github.com/AtlassianPS/JiraPS/commit/0112ea6225447c4fd60fa518661792a6da5f9590	2017-06-20T11:41:42-04:00	Renamed Add Function, build Remove function
JiraPS/Public/Remove-JiraIssueAttachment.ps1	46	46	Joe Beaudry	0112ea6225447c4fd60fa518661792a6da5f9590	https://github.com/AtlassianPS/JiraPS/commit/0112ea6225447c4fd60fa518661792a6da5f9590	2017-06-20T11:41:42-04:00	Renamed Add Function, build Remove function
JiraPS/Public/Remove-JiraIssueAttachment.ps1	47	48	Oliver Lipkau	29cd79ab59f815b43489e3aa137d43531f75daf2	https://github.com/AtlassianPS/JiraPS/commit/29cd79ab59f815b43489e3aa137d43531f75daf2	2017-06-22T13:52:32+02:00	Add pipeline support to Remove-JiraIssueAttachment
JiraPS/Public/Remove-JiraIssueAttachment.ps1	52	52	Oliver Lipkau	29cd79ab59f815b43489e3aa137d43531f75daf2	https://github.com/AtlassianPS/JiraPS/commit/29cd79ab59f815b43489e3aa137d43531f75daf2	2017-06-22T13:52:32+02:00	Add pipeline support to Remove-JiraIssueAttachment
JiraPS/Public/Remove-JiraIssueAttachment.ps1	61	61	Oliver Lipkau	29cd79ab59f815b43489e3aa137d43531f75daf2	https://github.com/AtlassianPS/JiraPS/commit/29cd79ab59f815b43489e3aa137d43531f75daf2	2017-06-22T13:52:32+02:00	Add pipeline support to Remove-JiraIssueAttachment
JiraPS/Public/Remove-JiraIssueAttachment.ps1	62	62	Joe Beaudry	6b7384c0777d3fa92bd1cf0412a844ed55030acb	https://github.com/AtlassianPS/JiraPS/commit/6b7384c0777d3fa92bd1cf0412a844ed55030acb	2017-06-21T10:34:03-04:00	Reverted back to no pipeline input
JiraPS/Public/Remove-JiraIssueAttachment.ps1	63	63	Joe Beaudry	0112ea6225447c4fd60fa518661792a6da5f9590	https://github.com/AtlassianPS/JiraPS/commit/0112ea6225447c4fd60fa518661792a6da5f9590	2017-06-20T11:41:42-04:00	Renamed Add Function, build Remove function
JiraPS/Public/Remove-JiraIssueAttachment.ps1	64	64	Oliver Lipkau	29cd79ab59f815b43489e3aa137d43531f75daf2	https://github.com/AtlassianPS/JiraPS/commit/29cd79ab59f815b43489e3aa137d43531f75daf2	2017-06-22T13:52:32+02:00	Add pipeline support to Remove-JiraIssueAttachment
JiraPS/Public/Remove-JiraIssueAttachment.ps1	79	79	Oliver Lipkau	29cd79ab59f815b43489e3aa137d43531f75daf2	https://github.com/AtlassianPS/JiraPS/commit/29cd79ab59f815b43489e3aa137d43531f75daf2	2017-06-22T13:52:32+02:00	Add pipeline support to Remove-JiraIssueAttachment
JiraPS/Public/Remove-JiraIssueAttachment.ps1	83	83	Oliver Lipkau	29cd79ab59f815b43489e3aa137d43531f75daf2	https://github.com/AtlassianPS/JiraPS/commit/29cd79ab59f815b43489e3aa137d43531f75daf2	2017-06-22T13:52:32+02:00	Add pipeline support to Remove-JiraIssueAttachment
JiraPS/Public/Remove-JiraIssueAttachment.ps1	92	95	Oliver Lipkau	29cd79ab59f815b43489e3aa137d43531f75daf2	https://github.com/AtlassianPS/JiraPS/commit/29cd79ab59f815b43489e3aa137d43531f75daf2	2017-06-22T13:52:32+02:00	Add pipeline support to Remove-JiraIssueAttachment
JiraPS/Public/Remove-JiraIssueAttachment.ps1	96	96	Joe Beaudry	0112ea6225447c4fd60fa518661792a6da5f9590	https://github.com/AtlassianPS/JiraPS/commit/0112ea6225447c4fd60fa518661792a6da5f9590	2017-06-20T11:41:42-04:00	Renamed Add Function, build Remove function
JiraPS/Public/Remove-JiraIssueAttachment.ps1	97	97	Oliver Lipkau	29cd79ab59f815b43489e3aa137d43531f75daf2	https://github.com/AtlassianPS/JiraPS/commit/29cd79ab59f815b43489e3aa137d43531f75daf2	2017-06-22T13:52:32+02:00	Add pipeline support to Remove-JiraIssueAttachment
JiraPS/Public/Remove-JiraIssueAttachment.ps1	99	99	Oliver Lipkau	29cd79ab59f815b43489e3aa137d43531f75daf2	https://github.com/AtlassianPS/JiraPS/commit/29cd79ab59f815b43489e3aa137d43531f75daf2	2017-06-22T13:52:32+02:00	Add pipeline support to Remove-JiraIssueAttachment
JiraPS/Public/Remove-JiraIssueAttachment.ps1	101	103	Joe Beaudry	0112ea6225447c4fd60fa518661792a6da5f9590	https://github.com/AtlassianPS/JiraPS/commit/0112ea6225447c4fd60fa518661792a6da5f9590	2017-06-20T11:41:42-04:00	Renamed Add Function, build Remove function
JiraPS/Public/Remove-JiraIssueAttachment.ps1	105	105	Joe Beaudry	0112ea6225447c4fd60fa518661792a6da5f9590	https://github.com/AtlassianPS/JiraPS/commit/0112ea6225447c4fd60fa518661792a6da5f9590	2017-06-20T11:41:42-04:00	Renamed Add Function, build Remove function
JiraPS/Public/Remove-JiraIssueAttachment.ps1	106	106	Oliver Lipkau	29cd79ab59f815b43489e3aa137d43531f75daf2	https://github.com/AtlassianPS/JiraPS/commit/29cd79ab59f815b43489e3aa137d43531f75daf2	2017-06-22T13:52:32+02:00	Add pipeline support to Remove-JiraIssueAttachment
JiraPS/Public/Remove-JiraIssueLink.ps1	4	4	Oliver Lipkau	bbb4377b69aa6a726bd9c122fe28e2a0278ff68a	https://github.com/AtlassianPS/JiraPS/commit/bbb4377b69aa6a726bd9c122fe28e2a0278ff68a	2017-06-25T16:41:50+02:00	Rename module in PRs since last major release
JiraPS/Public/Remove-JiraIssueLink.ps1	10	10	Oliver Lipkau	bbb4377b69aa6a726bd9c122fe28e2a0278ff68a	https://github.com/AtlassianPS/JiraPS/commit/bbb4377b69aa6a726bd9c122fe28e2a0278ff68a	2017-06-25T16:41:50+02:00	Rename module in PRs since last major release
JiraPS/Public/Remove-JiraIssueLink.ps1	21	22	Oliver Lipkau	bbb4377b69aa6a726bd9c122fe28e2a0278ff68a	https://github.com/AtlassianPS/JiraPS/commit/bbb4377b69aa6a726bd9c122fe28e2a0278ff68a	2017-06-25T16:41:50+02:00	Rename module in PRs since last major release
JiraPS/Public/Remove-JiraIssueLink.ps1	23	23	Oliver Lipkau	df031a199faa6991bbb742e226b3aadc12c3f51d	https://github.com/AtlassianPS/JiraPS/commit/df031a199faa6991bbb742e226b3aadc12c3f51d	2017-06-20T16:41:48+02:00	Declare SupportsShouldProcess
JiraPS/Public/Remove-JiraIssueLink.ps1	25	25	Oliver Lipkau	3c58908262cd12af50880053b4dac1e812f6958b	https://github.com/AtlassianPS/JiraPS/commit/3c58908262cd12af50880053b4dac1e812f6958b	2017-05-24T11:29:47+02:00	Take over global PSDefaultParameterValues
JiraPS/Public/Remove-JiraIssueLink.ps1	27	28	Oliver Lipkau	bbb4377b69aa6a726bd9c122fe28e2a0278ff68a	https://github.com/AtlassianPS/JiraPS/commit/bbb4377b69aa6a726bd9c122fe28e2a0278ff68a	2017-06-25T16:41:50+02:00	Rename module in PRs since last major release
JiraPS/Public/Remove-JiraIssueLink.ps1	51	52	Oliver Lipkau	bbb4377b69aa6a726bd9c122fe28e2a0278ff68a	https://github.com/AtlassianPS/JiraPS/commit/bbb4377b69aa6a726bd9c122fe28e2a0278ff68a	2017-06-25T16:41:50+02:00	Rename module in PRs since last major release
JiraPS/Public/Remove-JiraIssueLink.ps1	63	63	Oliver Lipkau	bbb4377b69aa6a726bd9c122fe28e2a0278ff68a	https://github.com/AtlassianPS/JiraPS/commit/bbb4377b69aa6a726bd9c122fe28e2a0278ff68a	2017-06-25T16:41:50+02:00	Rename module in PRs since last major release
JiraPS/Public/Remove-JiraIssueLink.ps1	65	68	Oliver Lipkau	bbb4377b69aa6a726bd9c122fe28e2a0278ff68a	https://github.com/AtlassianPS/JiraPS/commit/bbb4377b69aa6a726bd9c122fe28e2a0278ff68a	2017-06-25T16:41:50+02:00	Rename module in PRs since last major release
JiraPS/Public/Remove-JiraIssueLink.ps1	71	72	Oliver Lipkau	bbb4377b69aa6a726bd9c122fe28e2a0278ff68a	https://github.com/AtlassianPS/JiraPS/commit/bbb4377b69aa6a726bd9c122fe28e2a0278ff68a	2017-06-25T16:41:50+02:00	Rename module in PRs since last major release
JiraPS/Public/Remove-JiraIssueWatcher.ps1	4	4	Eugene Bekker	ba55220e71bc7f14a3eeee9c730b5aed6aee60e9	https://github.com/AtlassianPS/JiraPS/commit/ba55220e71bc7f14a3eeee9c730b5aed6aee60e9	2017-01-24T15:59:24-05:00	Adds support for listing and managing issue watchers
JiraPS/Public/Remove-JiraIssueWatcher.ps1	8	8	Eugene Bekker	ba55220e71bc7f14a3eeee9c730b5aed6aee60e9	https://github.com/AtlassianPS/JiraPS/commit/ba55220e71bc7f14a3eeee9c730b5aed6aee60e9	2017-01-24T15:59:24-05:00	Adds support for listing and managing issue watchers
JiraPS/Public/Remove-JiraIssueWatcher.ps1	12	12	Eugene Bekker	ba55220e71bc7f14a3eeee9c730b5aed6aee60e9	https://github.com/AtlassianPS/JiraPS/commit/ba55220e71bc7f14a3eeee9c730b5aed6aee60e9	2017-01-24T15:59:24-05:00	Adds support for listing and managing issue watchers
JiraPS/Public/Remove-JiraIssueWatcher.ps1	15	15	Eugene Bekker	ba55220e71bc7f14a3eeee9c730b5aed6aee60e9	https://github.com/AtlassianPS/JiraPS/commit/ba55220e71bc7f14a3eeee9c730b5aed6aee60e9	2017-01-24T15:59:24-05:00	Adds support for listing and managing issue watchers
JiraPS/Public/Remove-JiraIssueWatcher.ps1	20	21	Eugene Bekker	ba55220e71bc7f14a3eeee9c730b5aed6aee60e9	https://github.com/AtlassianPS/JiraPS/commit/ba55220e71bc7f14a3eeee9c730b5aed6aee60e9	2017-01-24T15:59:24-05:00	Adds support for listing and managing issue watchers
JiraPS/Public/Remove-JiraIssueWatcher.ps1	22	22	Oliver Lipkau	6c36cb7d8db2cc8538581a7de4bb3952c5c2119e	https://github.com/AtlassianPS/JiraPS/commit/6c36cb7d8db2cc8538581a7de4bb3952c5c2119e	2017-06-27T06:12:29+02:00	Enhance repo's environment (#147)
JiraPS/Public/Remove-JiraIssueWatcher.ps1	26	27	Eugene Bekker	ba55220e71bc7f14a3eeee9c730b5aed6aee60e9	https://github.com/AtlassianPS/JiraPS/commit/ba55220e71bc7f14a3eeee9c730b5aed6aee60e9	2017-01-24T15:59:24-05:00	Adds support for listing and managing issue watchers
JiraPS/Public/Remove-JiraIssueWatcher.ps1	28	28	Oliver Lipkau	6c36cb7d8db2cc8538581a7de4bb3952c5c2119e	https://github.com/AtlassianPS/JiraPS/commit/6c36cb7d8db2cc8538581a7de4bb3952c5c2119e	2017-06-27T06:12:29+02:00	Enhance repo's environment (#147)
JiraPS/Public/Remove-JiraIssueWatcher.ps1	34	34	Eugene Bekker	ba55220e71bc7f14a3eeee9c730b5aed6aee60e9	https://github.com/AtlassianPS/JiraPS/commit/ba55220e71bc7f14a3eeee9c730b5aed6aee60e9	2017-01-24T15:59:24-05:00	Adds support for listing and managing issue watchers
JiraPS/Public/Remove-JiraIssueWatcher.ps1	38	38	Eugene Bekker	ba55220e71bc7f14a3eeee9c730b5aed6aee60e9	https://github.com/AtlassianPS/JiraPS/commit/ba55220e71bc7f14a3eeee9c730b5aed6aee60e9	2017-01-24T15:59:24-05:00	Adds support for listing and managing issue watchers
JiraPS/Public/Remove-JiraIssueWatcher.ps1	53	53	Oliver Lipkau	24ebea6aa9711ef0fb75b084e0beeaa8da0aef7d	https://github.com/AtlassianPS/JiraPS/commit/24ebea6aa9711ef0fb75b084e0beeaa8da0aef7d	2017-06-23T09:38:18+02:00	Add support for ShouldProcess
JiraPS/Public/Remove-JiraIssueWatcher.ps1	54	56	Eugene Bekker	ba55220e71bc7f14a3eeee9c730b5aed6aee60e9	https://github.com/AtlassianPS/JiraPS/commit/ba55220e71bc7f14a3eeee9c730b5aed6aee60e9	2017-01-24T15:59:24-05:00	Adds support for listing and managing issue watchers
JiraPS/Public/Remove-JiraIssueWatcher.ps1	57	57	Oliver Lipkau	6c36cb7d8db2cc8538581a7de4bb3952c5c2119e	https://github.com/AtlassianPS/JiraPS/commit/6c36cb7d8db2cc8538581a7de4bb3952c5c2119e	2017-06-27T06:12:29+02:00	Enhance repo's environment (#147)
JiraPS/Public/Remove-JiraIssueWatcher.ps1	59	60	Eugene Bekker	ba55220e71bc7f14a3eeee9c730b5aed6aee60e9	https://github.com/AtlassianPS/JiraPS/commit/ba55220e71bc7f14a3eeee9c730b5aed6aee60e9	2017-01-24T15:59:24-05:00	Adds support for listing and managing issue watchers
JiraPS/Public/Remove-JiraRemoteLink.ps1	4	4	Oliver Lipkau	bbb4377b69aa6a726bd9c122fe28e2a0278ff68a	https://github.com/AtlassianPS/JiraPS/commit/bbb4377b69aa6a726bd9c122fe28e2a0278ff68a	2017-06-25T16:41:50+02:00	Rename module in PRs since last major release
JiraPS/Public/Remove-JiraRemoteLink.ps1	11	11	Oliver Lipkau	bbb4377b69aa6a726bd9c122fe28e2a0278ff68a	https://github.com/AtlassianPS/JiraPS/commit/bbb4377b69aa6a726bd9c122fe28e2a0278ff68a	2017-06-25T16:41:50+02:00	Rename module in PRs since last major release
JiraPS/Public/Remove-JiraRemoteLink.ps1	15	15	Oliver Lipkau	bbb4377b69aa6a726bd9c122fe28e2a0278ff68a	https://github.com/AtlassianPS/JiraPS/commit/bbb4377b69aa6a726bd9c122fe28e2a0278ff68a	2017-06-25T16:41:50+02:00	Rename module in PRs since last major release
JiraPS/Public/Remove-JiraRemoteLink.ps1	20	20	Oliver Lipkau	bbb4377b69aa6a726bd9c122fe28e2a0278ff68a	https://github.com/AtlassianPS/JiraPS/commit/bbb4377b69aa6a726bd9c122fe28e2a0278ff68a	2017-06-25T16:41:50+02:00	Rename module in PRs since last major release
JiraPS/Public/Remove-JiraRemoteLink.ps1	23	24	Oliver Lipkau	bbb4377b69aa6a726bd9c122fe28e2a0278ff68a	https://github.com/AtlassianPS/JiraPS/commit/bbb4377b69aa6a726bd9c122fe28e2a0278ff68a	2017-06-25T16:41:50+02:00	Rename module in PRs since last major release
JiraPS/Public/Remove-JiraRemoteLink.ps1	25	25	Oliver Lipkau	df031a199faa6991bbb742e226b3aadc12c3f51d	https://github.com/AtlassianPS/JiraPS/commit/df031a199faa6991bbb742e226b3aadc12c3f51d	2017-06-20T16:41:48+02:00	Declare SupportsShouldProcess
JiraPS/Public/Remove-JiraRemoteLink.ps1	27	27	Oliver Lipkau	3c58908262cd12af50880053b4dac1e812f6958b	https://github.com/AtlassianPS/JiraPS/commit/3c58908262cd12af50880053b4dac1e812f6958b	2017-05-24T11:29:47+02:00	Take over global PSDefaultParameterValues
JiraPS/Public/Remove-JiraRemoteLink.ps1	29	29	Oliver Lipkau	bbb4377b69aa6a726bd9c122fe28e2a0278ff68a	https://github.com/AtlassianPS/JiraPS/commit/bbb4377b69aa6a726bd9c122fe28e2a0278ff68a	2017-06-25T16:41:50+02:00	Rename module in PRs since last major release
JiraPS/Public/Remove-JiraRemoteLink.ps1	30	30	Oliver Lipkau	6c36cb7d8db2cc8538581a7de4bb3952c5c2119e	https://github.com/AtlassianPS/JiraPS/commit/6c36cb7d8db2cc8538581a7de4bb3952c5c2119e	2017-06-27T06:12:29+02:00	Enhance repo's environment (#147)
JiraPS/Public/Remove-JiraRemoteLink.ps1	32	34	Joshua Taliaferro	523e4b8fe4ed491d21c45f21620eac73defbf1ca	https://github.com/AtlassianPS/JiraPS/commit/523e4b8fe4ed491d21c45f21620eac73defbf1ca	2015-09-17T20:33:33-05:00	Fixed WhatIf, Force, and Confirm behavior
JiraPS/Public/Remove-JiraRemoteLink.ps1	35	36	Joshua Taliaferro	5c8bcea4ff0180ce150e3b333bf80ddea0f7a9c9	https://github.com/AtlassianPS/JiraPS/commit/5c8bcea4ff0180ce150e3b333bf80ddea0f7a9c9	2015-09-09T00:17:53-05:00	Created function Remove-JiraUser and tests
JiraPS/Public/Remove-JiraRemoteLink.ps1	40	40	Oliver Lipkau	bbb4377b69aa6a726bd9c122fe28e2a0278ff68a	https://github.com/AtlassianPS/JiraPS/commit/bbb4377b69aa6a726bd9c122fe28e2a0278ff68a	2017-06-25T16:41:50+02:00	Rename module in PRs since last major release
JiraPS/Public/Remove-JiraRemoteLink.ps1	43	43	Oliver Lipkau	bbb4377b69aa6a726bd9c122fe28e2a0278ff68a	https://github.com/AtlassianPS/JiraPS/commit/bbb4377b69aa6a726bd9c122fe28e2a0278ff68a	2017-06-25T16:41:50+02:00	Rename module in PRs since last major release
JiraPS/Public/Remove-JiraRemoteLink.ps1	46	46	Oliver Lipkau	bbb4377b69aa6a726bd9c122fe28e2a0278ff68a	https://github.com/AtlassianPS/JiraPS/commit/bbb4377b69aa6a726bd9c122fe28e2a0278ff68a	2017-06-25T16:41:50+02:00	Rename module in PRs since last major release
JiraPS/Public/Remove-JiraRemoteLink.ps1	55	55	Oliver Lipkau	f3f8338aa40b13b1b2ee08313e847602b22fec67	https://github.com/AtlassianPS/JiraPS/commit/f3f8338aa40b13b1b2ee08313e847602b22fec67	2017-08-05T09:45:36+02:00	Release v2.2.0
JiraPS/Public/Remove-JiraRemoteLink.ps1	59	62	Oliver Lipkau	bbb4377b69aa6a726bd9c122fe28e2a0278ff68a	https://github.com/AtlassianPS/JiraPS/commit/bbb4377b69aa6a726bd9c122fe28e2a0278ff68a	2017-06-25T16:41:50+02:00	Rename module in PRs since last major release
JiraPS/Public/Remove-JiraRemoteLink.ps1	64	64	Oliver Lipkau	6c36cb7d8db2cc8538581a7de4bb3952c5c2119e	https://github.com/AtlassianPS/JiraPS/commit/6c36cb7d8db2cc8538581a7de4bb3952c5c2119e	2017-06-27T06:12:29+02:00	Enhance repo's environment (#147)
JiraPS/Public/Remove-JiraRemoteLink.ps1	66	68	Oliver Lipkau	bbb4377b69aa6a726bd9c122fe28e2a0278ff68a	https://github.com/AtlassianPS/JiraPS/commit/bbb4377b69aa6a726bd9c122fe28e2a0278ff68a	2017-06-25T16:41:50+02:00	Rename module in PRs since last major release
JiraPS/Public/Remove-JiraRemoteLink.ps1	70	71	Oliver Lipkau	bbb4377b69aa6a726bd9c122fe28e2a0278ff68a	https://github.com/AtlassianPS/JiraPS/commit/bbb4377b69aa6a726bd9c122fe28e2a0278ff68a	2017-06-25T16:41:50+02:00	Rename module in PRs since last major release
JiraPS/Public/Remove-JiraSession.ps1	4	4	Oliver Lipkau	df031a199faa6991bbb742e226b3aadc12c3f51d	https://github.com/AtlassianPS/JiraPS/commit/df031a199faa6991bbb742e226b3aadc12c3f51d	2017-06-20T16:41:48+02:00	Declare SupportsShouldProcess
JiraPS/Public/Remove-JiraSession.ps1	5	5	Joshua Taliaferro	95ebe41348e10f941f1c8f9cc4e82ed8d3192d8b	https://github.com/AtlassianPS/JiraPS/commit/95ebe41348e10f941f1c8f9cc4e82ed8d3192d8b	2016-08-20T22:14:29-05:00	Refactored into Public and Internal directories.
JiraPS/Public/Remove-JiraSession.ps1	9	10	Joshua Taliaferro	95ebe41348e10f941f1c8f9cc4e82ed8d3192d8b	https://github.com/AtlassianPS/JiraPS/commit/95ebe41348e10f941f1c8f9cc4e82ed8d3192d8b	2016-08-20T22:14:29-05:00	Refactored into Public and Internal directories.
JiraPS/Public/Remove-JiraSession.ps1	11	11	Oliver Lipkau	df031a199faa6991bbb742e226b3aadc12c3f51d	https://github.com/AtlassianPS/JiraPS/commit/df031a199faa6991bbb742e226b3aadc12c3f51d	2017-06-20T16:41:48+02:00	Declare SupportsShouldProcess
JiraPS/Public/Remove-JiraSession.ps1	13	14	Joshua Taliaferro	95ebe41348e10f941f1c8f9cc4e82ed8d3192d8b	https://github.com/AtlassianPS/JiraPS/commit/95ebe41348e10f941f1c8f9cc4e82ed8d3192d8b	2016-08-20T22:14:29-05:00	Refactored into Public and Internal directories.
JiraPS/Public/Remove-JiraSession.ps1	15	15	Oliver Lipkau	df031a199faa6991bbb742e226b3aadc12c3f51d	https://github.com/AtlassianPS/JiraPS/commit/df031a199faa6991bbb742e226b3aadc12c3f51d	2017-06-20T16:41:48+02:00	Declare SupportsShouldProcess
JiraPS/Public/Remove-JiraSession.ps1	21	22	Joshua Taliaferro	95ebe41348e10f941f1c8f9cc4e82ed8d3192d8b	https://github.com/AtlassianPS/JiraPS/commit/95ebe41348e10f941f1c8f9cc4e82ed8d3192d8b	2016-08-20T22:14:29-05:00	Refactored into Public and Internal directories.
JiraPS/Public/Remove-JiraSession.ps1	23	24	Oliver Lipkau	f3f8338aa40b13b1b2ee08313e847602b22fec67	https://github.com/AtlassianPS/JiraPS/commit/f3f8338aa40b13b1b2ee08313e847602b22fec67	2017-08-05T09:45:36+02:00	Release v2.2.0
JiraPS/Public/Remove-JiraSession.ps1	26	26	Oliver Lipkau	f3f8338aa40b13b1b2ee08313e847602b22fec67	https://github.com/AtlassianPS/JiraPS/commit/f3f8338aa40b13b1b2ee08313e847602b22fec67	2017-08-05T09:45:36+02:00	Release v2.2.0
JiraPS/Public/Remove-JiraSession.ps1	27	27	Joshua Taliaferro	95ebe41348e10f941f1c8f9cc4e82ed8d3192d8b	https://github.com/AtlassianPS/JiraPS/commit/95ebe41348e10f941f1c8f9cc4e82ed8d3192d8b	2016-08-20T22:14:29-05:00	Refactored into Public and Internal directories.
JiraPS/Public/Remove-JiraUser.ps1	4	4	Joshua Taliaferro	5c8bcea4ff0180ce150e3b333bf80ddea0f7a9c9	https://github.com/AtlassianPS/JiraPS/commit/5c8bcea4ff0180ce150e3b333bf80ddea0f7a9c9	2015-09-09T00:17:53-05:00	Created function Remove-JiraUser and tests
JiraPS/Public/Remove-JiraUser.ps1	8	8	Joshua Taliaferro	5c8bcea4ff0180ce150e3b333bf80ddea0f7a9c9	https://github.com/AtlassianPS/JiraPS/commit/5c8bcea4ff0180ce150e3b333bf80ddea0f7a9c9	2015-09-09T00:17:53-05:00	Created function Remove-JiraUser and tests
JiraPS/Public/Remove-JiraUser.ps1	11	11	Joshua Taliaferro	5c8bcea4ff0180ce150e3b333bf80ddea0f7a9c9	https://github.com/AtlassianPS/JiraPS/commit/5c8bcea4ff0180ce150e3b333bf80ddea0f7a9c9	2015-09-09T00:17:53-05:00	Created function Remove-JiraUser and tests
JiraPS/Public/Remove-JiraUser.ps1	16	16	Joshua Taliaferro	5c8bcea4ff0180ce150e3b333bf80ddea0f7a9c9	https://github.com/AtlassianPS/JiraPS/commit/5c8bcea4ff0180ce150e3b333bf80ddea0f7a9c9	2015-09-09T00:17:53-05:00	Created function Remove-JiraUser and tests
JiraPS/Public/Remove-JiraUser.ps1	19	20	Joshua Taliaferro	5c8bcea4ff0180ce150e3b333bf80ddea0f7a9c9	https://github.com/AtlassianPS/JiraPS/commit/5c8bcea4ff0180ce150e3b333bf80ddea0f7a9c9	2015-09-09T00:17:53-05:00	Created function Remove-JiraUser and tests
JiraPS/Public/Remove-JiraUser.ps1	21	21	Oliver Lipkau	6c36cb7d8db2cc8538581a7de4bb3952c5c2119e	https://github.com/AtlassianPS/JiraPS/commit/6c36cb7d8db2cc8538581a7de4bb3952c5c2119e	2017-06-27T06:12:29+02:00	Enhance repo's environment (#147)
JiraPS/Public/Remove-JiraUser.ps1	23	23	Oliver Lipkau	3c58908262cd12af50880053b4dac1e812f6958b	https://github.com/AtlassianPS/JiraPS/commit/3c58908262cd12af50880053b4dac1e812f6958b	2017-05-24T11:29:47+02:00	Take over global PSDefaultParameterValues
JiraPS/Public/Remove-JiraUser.ps1	25	25	Joshua Taliaferro	5c8bcea4ff0180ce150e3b333bf80ddea0f7a9c9	https://github.com/AtlassianPS/JiraPS/commit/5c8bcea4ff0180ce150e3b333bf80ddea0f7a9c9	2015-09-09T00:17:53-05:00	Created function Remove-JiraUser and tests
JiraPS/Public/Remove-JiraUser.ps1	32	32	Joshua Taliaferro	523e4b8fe4ed491d21c45f21620eac73defbf1ca	https://github.com/AtlassianPS/JiraPS/commit/523e4b8fe4ed491d21c45f21620eac73defbf1ca	2015-09-17T20:33:33-05:00	Fixed WhatIf, Force, and Confirm behavior
JiraPS/Public/Remove-JiraUser.ps1	33	33	Oliver Lipkau	6c36cb7d8db2cc8538581a7de4bb3952c5c2119e	https://github.com/AtlassianPS/JiraPS/commit/6c36cb7d8db2cc8538581a7de4bb3952c5c2119e	2017-06-27T06:12:29+02:00	Enhance repo's environment (#147)
JiraPS/Public/Remove-JiraUser.ps1	35	37	Joshua Taliaferro	523e4b8fe4ed491d21c45f21620eac73defbf1ca	https://github.com/AtlassianPS/JiraPS/commit/523e4b8fe4ed491d21c45f21620eac73defbf1ca	2015-09-17T20:33:33-05:00	Fixed WhatIf, Force, and Confirm behavior
JiraPS/Public/Remove-JiraUser.ps1	38	39	Joshua Taliaferro	5c8bcea4ff0180ce150e3b333bf80ddea0f7a9c9	https://github.com/AtlassianPS/JiraPS/commit/5c8bcea4ff0180ce150e3b333bf80ddea0f7a9c9	2015-09-09T00:17:53-05:00	Created function Remove-JiraUser and tests
JiraPS/Public/Remove-JiraUser.ps1	40	40	Oliver Lipkau	6c36cb7d8db2cc8538581a7de4bb3952c5c2119e	https://github.com/AtlassianPS/JiraPS/commit/6c36cb7d8db2cc8538581a7de4bb3952c5c2119e	2017-06-27T06:12:29+02:00	Enhance repo's environment (#147)
JiraPS/Public/Remove-JiraUser.ps1	45	45	Joshua Taliaferro	5c8bcea4ff0180ce150e3b333bf80ddea0f7a9c9	https://github.com/AtlassianPS/JiraPS/commit/5c8bcea4ff0180ce150e3b333bf80ddea0f7a9c9	2015-09-09T00:17:53-05:00	Created function Remove-JiraUser and tests
JiraPS/Public/Remove-JiraUser.ps1	55	57	Joshua Taliaferro	5c8bcea4ff0180ce150e3b333bf80ddea0f7a9c9	https://github.com/AtlassianPS/JiraPS/commit/5c8bcea4ff0180ce150e3b333bf80ddea0f7a9c9	2015-09-09T00:17:53-05:00	Created function Remove-JiraUser and tests
JiraPS/Public/Remove-JiraUser.ps1	58	59	Oliver Lipkau	6c36cb7d8db2cc8538581a7de4bb3952c5c2119e	https://github.com/AtlassianPS/JiraPS/commit/6c36cb7d8db2cc8538581a7de4bb3952c5c2119e	2017-06-27T06:12:29+02:00	Enhance repo's environment (#147)
JiraPS/Public/Remove-JiraUser.ps1	61	63	Joshua Taliaferro	523e4b8fe4ed491d21c45f21620eac73defbf1ca	https://github.com/AtlassianPS/JiraPS/commit/523e4b8fe4ed491d21c45f21620eac73defbf1ca	2015-09-17T20:33:33-05:00	Fixed WhatIf, Force, and Confirm behavior
JiraPS/Public/Remove-JiraUser.ps1	65	65	Joshua Taliaferro	5c8bcea4ff0180ce150e3b333bf80ddea0f7a9c9	https://github.com/AtlassianPS/JiraPS/commit/5c8bcea4ff0180ce150e3b333bf80ddea0f7a9c9	2015-09-09T00:17:53-05:00	Created function Remove-JiraUser and tests
JiraPS/Public/Remove-JiraUser.ps1	66	66	Joshua Taliaferro	d129c5dcd0bf8f771829fa61ba04317625180461	https://github.com/AtlassianPS/JiraPS/commit/d129c5dcd0bf8f771829fa61ba04317625180461	2015-09-17T22:41:44-05:00	Corrected style
JiraPS/Public/Remove-JiraVersion.ps1	4	4	Oliver Lipkau	f3f8338aa40b13b1b2ee08313e847602b22fec67	https://github.com/AtlassianPS/JiraPS/commit/f3f8338aa40b13b1b2ee08313e847602b22fec67	2017-08-05T09:45:36+02:00	Release v2.2.0
JiraPS/Public/Remove-JiraVersion.ps1	10	10	Oliver Lipkau	f3f8338aa40b13b1b2ee08313e847602b22fec67	https://github.com/AtlassianPS/JiraPS/commit/f3f8338aa40b13b1b2ee08313e847602b22fec67	2017-08-05T09:45:36+02:00	Release v2.2.0
JiraPS/Public/Remove-JiraVersion.ps1	15	15	Oliver Lipkau	f3f8338aa40b13b1b2ee08313e847602b22fec67	https://github.com/AtlassianPS/JiraPS/commit/f3f8338aa40b13b1b2ee08313e847602b22fec67	2017-08-05T09:45:36+02:00	Release v2.2.0
JiraPS/Public/Remove-JiraVersion.ps1	18	20	Oliver Lipkau	f3f8338aa40b13b1b2ee08313e847602b22fec67	https://github.com/AtlassianPS/JiraPS/commit/f3f8338aa40b13b1b2ee08313e847602b22fec67	2017-08-05T09:45:36+02:00	Release v2.2.0
JiraPS/Public/Remove-JiraVersion.ps1	22	22	Oliver Lipkau	3c58908262cd12af50880053b4dac1e812f6958b	https://github.com/AtlassianPS/JiraPS/commit/3c58908262cd12af50880053b4dac1e812f6958b	2017-05-24T11:29:47+02:00	Take over global PSDefaultParameterValues
JiraPS/Public/Remove-JiraVersion.ps1	23	23	Oliver Lipkau	f3f8338aa40b13b1b2ee08313e847602b22fec67	https://github.com/AtlassianPS/JiraPS/commit/f3f8338aa40b13b1b2ee08313e847602b22fec67	2017-08-05T09:45:36+02:00	Release v2.2.0
JiraPS/Public/Remove-JiraVersion.ps1	25	27	Joshua Taliaferro	523e4b8fe4ed491d21c45f21620eac73defbf1ca	https://github.com/AtlassianPS/JiraPS/commit/523e4b8fe4ed491d21c45f21620eac73defbf1ca	2015-09-17T20:33:33-05:00	Fixed WhatIf, Force, and Confirm behavior
JiraPS/Public/Remove-JiraVersion.ps1	28	29	Joshua Taliaferro	5c8bcea4ff0180ce150e3b333bf80ddea0f7a9c9	https://github.com/AtlassianPS/JiraPS/commit/5c8bcea4ff0180ce150e3b333bf80ddea0f7a9c9	2015-09-09T00:17:53-05:00	Created function Remove-JiraUser and tests
JiraPS/Public/Remove-JiraVersion.ps1	30	30	Oliver Lipkau	6c36cb7d8db2cc8538581a7de4bb3952c5c2119e	https://github.com/AtlassianPS/JiraPS/commit/6c36cb7d8db2cc8538581a7de4bb3952c5c2119e	2017-06-27T06:12:29+02:00	Enhance repo's environment (#147)
JiraPS/Public/Remove-JiraVersion.ps1	34	34	Oliver Lipkau	f3f8338aa40b13b1b2ee08313e847602b22fec67	https://github.com/AtlassianPS/JiraPS/commit/f3f8338aa40b13b1b2ee08313e847602b22fec67	2017-08-05T09:45:36+02:00	Release v2.2.0
JiraPS/Public/Remove-JiraVersion.ps1	50	50	Oliver Lipkau	f3f8338aa40b13b1b2ee08313e847602b22fec67	https://github.com/AtlassianPS/JiraPS/commit/f3f8338aa40b13b1b2ee08313e847602b22fec67	2017-08-05T09:45:36+02:00	Release v2.2.0
JiraPS/Public/Remove-JiraVersion.ps1	55	55	Oliver Lipkau	f3f8338aa40b13b1b2ee08313e847602b22fec67	https://github.com/AtlassianPS/JiraPS/commit/f3f8338aa40b13b1b2ee08313e847602b22fec67	2017-08-05T09:45:36+02:00	Release v2.2.0
JiraPS/Public/Remove-JiraVersion.ps1	59	68	Oliver Lipkau	f3f8338aa40b13b1b2ee08313e847602b22fec67	https://github.com/AtlassianPS/JiraPS/commit/f3f8338aa40b13b1b2ee08313e847602b22fec67	2017-08-05T09:45:36+02:00	Release v2.2.0
JiraPS/Public/Remove-JiraVersion.ps1	70	71	Oliver Lipkau	f3f8338aa40b13b1b2ee08313e847602b22fec67	https://github.com/AtlassianPS/JiraPS/commit/f3f8338aa40b13b1b2ee08313e847602b22fec67	2017-08-05T09:45:36+02:00	Release v2.2.0
JiraPS/Public/Set-JiraConfigServer.ps1	4	4	Oliver Lipkau	df031a199faa6991bbb742e226b3aadc12c3f51d	https://github.com/AtlassianPS/JiraPS/commit/df031a199faa6991bbb742e226b3aadc12c3f51d	2017-06-20T16:41:48+02:00	Declare SupportsShouldProcess
JiraPS/Public/Set-JiraConfigServer.ps1	5	5	Joshua Taliaferro	c33b95778148439dadd643091cd7d72565036653	https://github.com/AtlassianPS/JiraPS/commit/c33b95778148439dadd643091cd7d72565036653	2015-07-08T14:51:09-05:00	Initial commit
JiraPS/Public/Set-JiraConfigServer.ps1	7	8	Joshua Taliaferro	c33b95778148439dadd643091cd7d72565036653	https://github.com/AtlassianPS/JiraPS/commit/c33b95778148439dadd643091cd7d72565036653	2015-07-08T14:51:09-05:00	Initial commit
JiraPS/Public/Set-JiraConfigServer.ps1	11	12	Joshua Taliaferro	c33b95778148439dadd643091cd7d72565036653	https://github.com/AtlassianPS/JiraPS/commit/c33b95778148439dadd643091cd7d72565036653	2015-07-08T14:51:09-05:00	Initial commit
JiraPS/Public/Set-JiraConfigServer.ps1	13	13	Oliver Lipkau	df031a199faa6991bbb742e226b3aadc12c3f51d	https://github.com/AtlassianPS/JiraPS/commit/df031a199faa6991bbb742e226b3aadc12c3f51d	2017-06-20T16:41:48+02:00	Declare SupportsShouldProcess
JiraPS/Public/Set-JiraConfigServer.ps1	19	20	Joshua Taliaferro	c33b95778148439dadd643091cd7d72565036653	https://github.com/AtlassianPS/JiraPS/commit/c33b95778148439dadd643091cd7d72565036653	2015-07-08T14:51:09-05:00	Initial commit
JiraPS/Public/Set-JiraConfigServer.ps1	26	26	Joshua Taliaferro	c33b95778148439dadd643091cd7d72565036653	https://github.com/AtlassianPS/JiraPS/commit/c33b95778148439dadd643091cd7d72565036653	2015-07-08T14:51:09-05:00	Initial commit
JiraPS/Public/Set-JiraConfigServer.ps1	27	27	Joshua Taliaferro	316d9f567af7313caa065a5f717b3a0fb0256da9	https://github.com/AtlassianPS/JiraPS/commit/316d9f567af7313caa065a5f717b3a0fb0256da9	2015-09-17T22:24:48-05:00	Whitespace and newline cleanup
JiraPS/Public/Set-JiraConfigServer.ps1	30	30	Joshua Taliaferro	c33b95778148439dadd643091cd7d72565036653	https://github.com/AtlassianPS/JiraPS/commit/c33b95778148439dadd643091cd7d72565036653	2015-07-08T14:51:09-05:00	Initial commit
JiraPS/Public/Set-JiraConfigServer.ps1	31	31	Joshua Taliaferro	316d9f567af7313caa065a5f717b3a0fb0256da9	https://github.com/AtlassianPS/JiraPS/commit/316d9f567af7313caa065a5f717b3a0fb0256da9	2015-09-17T22:24:48-05:00	Whitespace and newline cleanup
JiraPS/Public/Set-JiraFilter.ps1	4	4	Oliver Lipkau	f3f8338aa40b13b1b2ee08313e847602b22fec67	https://github.com/AtlassianPS/JiraPS/commit/f3f8338aa40b13b1b2ee08313e847602b22fec67	2017-08-05T09:45:36+02:00	Release v2.2.0
JiraPS/Public/Set-JiraFilter.ps1	28	28	Oliver Lipkau	f3f8338aa40b13b1b2ee08313e847602b22fec67	https://github.com/AtlassianPS/JiraPS/commit/f3f8338aa40b13b1b2ee08313e847602b22fec67	2017-08-05T09:45:36+02:00	Release v2.2.0
JiraPS/Public/Set-JiraFilter.ps1	33	35	Oliver Lipkau	f3f8338aa40b13b1b2ee08313e847602b22fec67	https://github.com/AtlassianPS/JiraPS/commit/f3f8338aa40b13b1b2ee08313e847602b22fec67	2017-08-05T09:45:36+02:00	Release v2.2.0
JiraPS/Public/Set-JiraFilter.ps1	37	39	Oliver Lipkau	f3f8338aa40b13b1b2ee08313e847602b22fec67	https://github.com/AtlassianPS/JiraPS/commit/f3f8338aa40b13b1b2ee08313e847602b22fec67	2017-08-05T09:45:36+02:00	Release v2.2.0
JiraPS/Public/Set-JiraFilter.ps1	70	72	Joshua Taliaferro	95ebe41348e10f941f1c8f9cc4e82ed8d3192d8b	https://github.com/AtlassianPS/JiraPS/commit/95ebe41348e10f941f1c8f9cc4e82ed8d3192d8b	2016-08-20T22:14:29-05:00	Refactored into Public and Internal directories.
JiraPS/Public/Set-JiraFilter.ps1	73	73	Oliver Lipkau	6c36cb7d8db2cc8538581a7de4bb3952c5c2119e	https://github.com/AtlassianPS/JiraPS/commit/6c36cb7d8db2cc8538581a7de4bb3952c5c2119e	2017-06-27T06:12:29+02:00	Enhance repo's environment (#147)
JiraPS/Public/Set-JiraFilter.ps1	75	76	Joshua Taliaferro	95ebe41348e10f941f1c8f9cc4e82ed8d3192d8b	https://github.com/AtlassianPS/JiraPS/commit/95ebe41348e10f941f1c8f9cc4e82ed8d3192d8b	2016-08-20T22:14:29-05:00	Refactored into Public and Internal directories.
JiraPS/Public/Set-JiraIssue.ps1	4	4	Joshua Taliaferro	95ebe41348e10f941f1c8f9cc4e82ed8d3192d8b	https://github.com/AtlassianPS/JiraPS/commit/95ebe41348e10f941f1c8f9cc4e82ed8d3192d8b	2016-08-20T22:14:29-05:00	Refactored into Public and Internal directories.
JiraPS/Public/Set-JiraIssue.ps1	8	8	Joshua Taliaferro	95ebe41348e10f941f1c8f9cc4e82ed8d3192d8b	https://github.com/AtlassianPS/JiraPS/commit/95ebe41348e10f941f1c8f9cc4e82ed8d3192d8b	2016-08-20T22:14:29-05:00	Refactored into Public and Internal directories.
JiraPS/Public/Set-JiraIssue.ps1	11	11	Joshua Taliaferro	95ebe41348e10f941f1c8f9cc4e82ed8d3192d8b	https://github.com/AtlassianPS/JiraPS/commit/95ebe41348e10f941f1c8f9cc4e82ed8d3192d8b	2016-08-20T22:14:29-05:00	Refactored into Public and Internal directories.
JiraPS/Public/Set-JiraIssue.ps1	14	14	Joshua Taliaferro	95ebe41348e10f941f1c8f9cc4e82ed8d3192d8b	https://github.com/AtlassianPS/JiraPS/commit/95ebe41348e10f941f1c8f9cc4e82ed8d3192d8b	2016-08-20T22:14:29-05:00	Refactored into Public and Internal directories.
JiraPS/Public/Set-JiraIssue.ps1	17	17	Joshua Taliaferro	95ebe41348e10f941f1c8f9cc4e82ed8d3192d8b	https://github.com/AtlassianPS/JiraPS/commit/95ebe41348e10f941f1c8f9cc4e82ed8d3192d8b	2016-08-20T22:14:29-05:00	Refactored into Public and Internal directories.
JiraPS/Public/Set-JiraIssue.ps1	18	18	Michael Dejulia	4d502c963fdc4d9b07d43a240ecd25462461bb94	https://github.com/AtlassianPS/JiraPS/commit/4d502c963fdc4d9b07d43a240ecd25462461bb94	2017-05-23T08:04:01-07:00	Issue #40, FixVersion Param
JiraPS/Public/Set-JiraIssue.ps1	21	21	Michael Dejulia	3a2add7f34cffc0b396ceb1079551b1a7380a811	https://github.com/AtlassianPS/JiraPS/commit/3a2add7f34cffc0b396ceb1079551b1a7380a811	2017-05-22T14:25:38-07:00	Issue #40, FixVersion Param
JiraPS/Public/Set-JiraIssue.ps1	27	27	Joshua Taliaferro	95ebe41348e10f941f1c8f9cc4e82ed8d3192d8b	https://github.com/AtlassianPS/JiraPS/commit/95ebe41348e10f941f1c8f9cc4e82ed8d3192d8b	2016-08-20T22:14:29-05:00	Refactored into Public and Internal directories.
JiraPS/Public/Set-JiraIssue.ps1	39	39	Joshua Taliaferro	95ebe41348e10f941f1c8f9cc4e82ed8d3192d8b	https://github.com/AtlassianPS/JiraPS/commit/95ebe41348e10f941f1c8f9cc4e82ed8d3192d8b	2016-08-20T22:14:29-05:00	Refactored into Public and Internal directories.
JiraPS/Public/Set-JiraIssue.ps1	42	42	Joshua Taliaferro	95ebe41348e10f941f1c8f9cc4e82ed8d3192d8b	https://github.com/AtlassianPS/JiraPS/commit/95ebe41348e10f941f1c8f9cc4e82ed8d3192d8b	2016-08-20T22:14:29-05:00	Refactored into Public and Internal directories.
JiraPS/Public/Set-JiraIssue.ps1	45	45	Joshua Taliaferro	95ebe41348e10f941f1c8f9cc4e82ed8d3192d8b	https://github.com/AtlassianPS/JiraPS/commit/95ebe41348e10f941f1c8f9cc4e82ed8d3192d8b	2016-08-20T22:14:29-05:00	Refactored into Public and Internal directories.
JiraPS/Public/Set-JiraIssue.ps1	50	50	Joshua Taliaferro	95ebe41348e10f941f1c8f9cc4e82ed8d3192d8b	https://github.com/AtlassianPS/JiraPS/commit/95ebe41348e10f941f1c8f9cc4e82ed8d3192d8b	2016-08-20T22:14:29-05:00	Refactored into Public and Internal directories.
JiraPS/Public/Set-JiraIssue.ps1	56	57	Joshua Taliaferro	95ebe41348e10f941f1c8f9cc4e82ed8d3192d8b	https://github.com/AtlassianPS/JiraPS/commit/95ebe41348e10f941f1c8f9cc4e82ed8d3192d8b	2016-08-20T22:14:29-05:00	Refactored into Public and Internal directories.
JiraPS/Public/Set-JiraIssue.ps1	58	58	Oliver Lipkau	df031a199faa6991bbb742e226b3aadc12c3f51d	https://github.com/AtlassianPS/JiraPS/commit/df031a199faa6991bbb742e226b3aadc12c3f51d	2017-06-20T16:41:48+02:00	Declare SupportsShouldProcess
JiraPS/Public/Set-JiraIssue.ps1	60	60	Oliver Lipkau	3c58908262cd12af50880053b4dac1e812f6958b	https://github.com/AtlassianPS/JiraPS/commit/3c58908262cd12af50880053b4dac1e812f6958b	2017-05-24T11:29:47+02:00	Take over global PSDefaultParameterValues
JiraPS/Public/Set-JiraIssue.ps1	63	63	Joshua Taliaferro	95ebe41348e10f941f1c8f9cc4e82ed8d3192d8b	https://github.com/AtlassianPS/JiraPS/commit/95ebe41348e10f941f1c8f9cc4e82ed8d3192d8b	2016-08-20T22:14:29-05:00	Refactored into Public and Internal directories.
JiraPS/Public/Set-JiraIssue.ps1	72	74	Joshua Taliaferro	95ebe41348e10f941f1c8f9cc4e82ed8d3192d8b	https://github.com/AtlassianPS/JiraPS/commit/95ebe41348e10f941f1c8f9cc4e82ed8d3192d8b	2016-08-20T22:14:29-05:00	Refactored into Public and Internal directories.
JiraPS/Public/Set-JiraIssue.ps1	88	88	Joshua Taliaferro	95ebe41348e10f941f1c8f9cc4e82ed8d3192d8b	https://github.com/AtlassianPS/JiraPS/commit/95ebe41348e10f941f1c8f9cc4e82ed8d3192d8b	2016-08-20T22:14:29-05:00	Refactored into Public and Internal directories.
JiraPS/Public/Set-JiraIssue.ps1	89	89	Oliver Lipkau	b1270b78814d0ebc6b04c3b56168dc451ef4829c	https://github.com/AtlassianPS/JiraPS/commit/b1270b78814d0ebc6b04c3b56168dc451ef4829c	2017-05-22T17:21:18+02:00	[fix] updated the code formatting I screwed up in my last commit
JiraPS/Public/Set-JiraIssue.ps1	90	90	Oliver Lipkau	df031a199faa6991bbb742e226b3aadc12c3f51d	https://github.com/AtlassianPS/JiraPS/commit/df031a199faa6991bbb742e226b3aadc12c3f51d	2017-06-20T16:41:48+02:00	Declare SupportsShouldProcess
JiraPS/Public/Set-JiraIssue.ps1	98	99	Joshua Taliaferro	95ebe41348e10f941f1c8f9cc4e82ed8d3192d8b	https://github.com/AtlassianPS/JiraPS/commit/95ebe41348e10f941f1c8f9cc4e82ed8d3192d8b	2016-08-20T22:14:29-05:00	Refactored into Public and Internal directories.
JiraPS/Public/Set-JiraIssue.ps1	105	106	Joshua Taliaferro	95ebe41348e10f941f1c8f9cc4e82ed8d3192d8b	https://github.com/AtlassianPS/JiraPS/commit/95ebe41348e10f941f1c8f9cc4e82ed8d3192d8b	2016-08-20T22:14:29-05:00	Refactored into Public and Internal directories.
JiraPS/Public/Set-JiraIssue.ps1	107	107	Oliver Lipkau	df031a199faa6991bbb742e226b3aadc12c3f51d	https://github.com/AtlassianPS/JiraPS/commit/df031a199faa6991bbb742e226b3aadc12c3f51d	2017-06-20T16:41:48+02:00	Declare SupportsShouldProcess
JiraPS/Public/Set-JiraIssue.ps1	113	113	Joshua Taliaferro	95ebe41348e10f941f1c8f9cc4e82ed8d3192d8b	https://github.com/AtlassianPS/JiraPS/commit/95ebe41348e10f941f1c8f9cc4e82ed8d3192d8b	2016-08-20T22:14:29-05:00	Refactored into Public and Internal directories.
JiraPS/Public/Set-JiraIssue.ps1	116	116	Joshua Taliaferro	95ebe41348e10f941f1c8f9cc4e82ed8d3192d8b	https://github.com/AtlassianPS/JiraPS/commit/95ebe41348e10f941f1c8f9cc4e82ed8d3192d8b	2016-08-20T22:14:29-05:00	Refactored into Public and Internal directories.
JiraPS/Public/Set-JiraIssue.ps1	120	120	Joshua Taliaferro	95ebe41348e10f941f1c8f9cc4e82ed8d3192d8b	https://github.com/AtlassianPS/JiraPS/commit/95ebe41348e10f941f1c8f9cc4e82ed8d3192d8b	2016-08-20T22:14:29-05:00	Refactored into Public and Internal directories.
JiraPS/Public/Set-JiraIssue.ps1	125	125	Joshua Taliaferro	95ebe41348e10f941f1c8f9cc4e82ed8d3192d8b	https://github.com/AtlassianPS/JiraPS/commit/95ebe41348e10f941f1c8f9cc4e82ed8d3192d8b	2016-08-20T22:14:29-05:00	Refactored into Public and Internal directories.
JiraPS/Public/Set-JiraIssue.ps1	130	130	Joshua Taliaferro	95ebe41348e10f941f1c8f9cc4e82ed8d3192d8b	https://github.com/AtlassianPS/JiraPS/commit/95ebe41348e10f941f1c8f9cc4e82ed8d3192d8b	2016-08-20T22:14:29-05:00	Refactored into Public and Internal directories.
JiraPS/Public/Set-JiraIssue.ps1	183	184	Joshua Taliaferro	95ebe41348e10f941f1c8f9cc4e82ed8d3192d8b	https://github.com/AtlassianPS/JiraPS/commit/95ebe41348e10f941f1c8f9cc4e82ed8d3192d8b	2016-08-20T22:14:29-05:00	Refactored into Public and Internal directories.
JiraPS/Public/Set-JiraIssue.ps1	190	191	Neil Padgham	0eb1c6c8ae448475f1b42e5e86c5e9a21ee58f62	https://github.com/AtlassianPS/JiraPS/commit/0eb1c6c8ae448475f1b42e5e86c5e9a21ee58f62	2017-05-02T18:42:48+01:00	Update Invoke-JiraIssueTransition.ps1
JiraPS/Public/Set-JiraIssue.ps1	235	236	Joshua Taliaferro	95ebe41348e10f941f1c8f9cc4e82ed8d3192d8b	https://github.com/AtlassianPS/JiraPS/commit/95ebe41348e10f941f1c8f9cc4e82ed8d3192d8b	2016-08-20T22:14:29-05:00	Refactored into Public and Internal directories.
JiraPS/Public/Set-JiraIssue.ps1	237	237	Oliver Lipkau	df031a199faa6991bbb742e226b3aadc12c3f51d	https://github.com/AtlassianPS/JiraPS/commit/df031a199faa6991bbb742e226b3aadc12c3f51d	2017-06-20T16:41:48+02:00	Declare SupportsShouldProcess
JiraPS/Public/Set-JiraIssue.ps1	239	240	Joshua Taliaferro	95ebe41348e10f941f1c8f9cc4e82ed8d3192d8b	https://github.com/AtlassianPS/JiraPS/commit/95ebe41348e10f941f1c8f9cc4e82ed8d3192d8b	2016-08-20T22:14:29-05:00	Refactored into Public and Internal directories.
JiraPS/Public/Set-JiraIssueLabel.ps1	4	4	Joshua Taliaferro	95ebe41348e10f941f1c8f9cc4e82ed8d3192d8b	https://github.com/AtlassianPS/JiraPS/commit/95ebe41348e10f941f1c8f9cc4e82ed8d3192d8b	2016-08-20T22:14:29-05:00	Refactored into Public and Internal directories.
JiraPS/Public/Set-JiraIssueLabel.ps1	8	8	Joshua Taliaferro	95ebe41348e10f941f1c8f9cc4e82ed8d3192d8b	https://github.com/AtlassianPS/JiraPS/commit/95ebe41348e10f941f1c8f9cc4e82ed8d3192d8b	2016-08-20T22:14:29-05:00	Refactored into Public and Internal directories.
JiraPS/Public/Set-JiraIssueLabel.ps1	11	11	Joshua Taliaferro	95ebe41348e10f941f1c8f9cc4e82ed8d3192d8b	https://github.com/AtlassianPS/JiraPS/commit/95ebe41348e10f941f1c8f9cc4e82ed8d3192d8b	2016-08-20T22:14:29-05:00	Refactored into Public and Internal directories.
JiraPS/Public/Set-JiraIssueLabel.ps1	13	13	Oliver Lipkau	6746cb332968d0f1e5376694e825fc915fc4b7b6	https://github.com/AtlassianPS/JiraPS/commit/6746cb332968d0f1e5376694e825fc915fc4b7b6	2017-05-22T16:45:55+02:00	[fix] updated cmdlet's help
JiraPS/Public/Set-JiraIssueLabel.ps1	16	16	Joshua Taliaferro	95ebe41348e10f941f1c8f9cc4e82ed8d3192d8b	https://github.com/AtlassianPS/JiraPS/commit/95ebe41348e10f941f1c8f9cc4e82ed8d3192d8b	2016-08-20T22:14:29-05:00	Refactored into Public and Internal directories.
JiraPS/Public/Set-JiraIssueLabel.ps1	20	20	Joshua Taliaferro	95ebe41348e10f941f1c8f9cc4e82ed8d3192d8b	https://github.com/AtlassianPS/JiraPS/commit/95ebe41348e10f941f1c8f9cc4e82ed8d3192d8b	2016-08-20T22:14:29-05:00	Refactored into Public and Internal directories.
JiraPS/Public/Set-JiraIssueLabel.ps1	24	24	Joshua Taliaferro	95ebe41348e10f941f1c8f9cc4e82ed8d3192d8b	https://github.com/AtlassianPS/JiraPS/commit/95ebe41348e10f941f1c8f9cc4e82ed8d3192d8b	2016-08-20T22:14:29-05:00	Refactored into Public and Internal directories.
JiraPS/Public/Set-JiraIssueLabel.ps1	28	28	Joshua Taliaferro	95ebe41348e10f941f1c8f9cc4e82ed8d3192d8b	https://github.com/AtlassianPS/JiraPS/commit/95ebe41348e10f941f1c8f9cc4e82ed8d3192d8b	2016-08-20T22:14:29-05:00	Refactored into Public and Internal directories.
JiraPS/Public/Set-JiraIssueLabel.ps1	33	33	Joshua Taliaferro	95ebe41348e10f941f1c8f9cc4e82ed8d3192d8b	https://github.com/AtlassianPS/JiraPS/commit/95ebe41348e10f941f1c8f9cc4e82ed8d3192d8b	2016-08-20T22:14:29-05:00	Refactored into Public and Internal directories.
JiraPS/Public/Set-JiraIssueLabel.ps1	36	37	Joshua Taliaferro	95ebe41348e10f941f1c8f9cc4e82ed8d3192d8b	https://github.com/AtlassianPS/JiraPS/commit/95ebe41348e10f941f1c8f9cc4e82ed8d3192d8b	2016-08-20T22:14:29-05:00	Refactored into Public and Internal directories.
JiraPS/Public/Set-JiraIssueLabel.ps1	38	38	Oliver Lipkau	df031a199faa6991bbb742e226b3aadc12c3f51d	https://github.com/AtlassianPS/JiraPS/commit/df031a199faa6991bbb742e226b3aadc12c3f51d	2017-06-20T16:41:48+02:00	Declare SupportsShouldProcess
JiraPS/Public/Set-JiraIssueLabel.ps1	40	41	Joshua Taliaferro	95ebe41348e10f941f1c8f9cc4e82ed8d3192d8b	https://github.com/AtlassianPS/JiraPS/commit/95ebe41348e10f941f1c8f9cc4e82ed8d3192d8b	2016-08-20T22:14:29-05:00	Refactored into Public and Internal directories.
JiraPS/Public/Set-JiraIssueLabel.ps1	42	42	Oliver Lipkau	df031a199faa6991bbb742e226b3aadc12c3f51d	https://github.com/AtlassianPS/JiraPS/commit/df031a199faa6991bbb742e226b3aadc12c3f51d	2017-06-20T16:41:48+02:00	Declare SupportsShouldProcess
JiraPS/Public/Set-JiraIssueLabel.ps1	48	48	Joshua Taliaferro	95ebe41348e10f941f1c8f9cc4e82ed8d3192d8b	https://github.com/AtlassianPS/JiraPS/commit/95ebe41348e10f941f1c8f9cc4e82ed8d3192d8b	2016-08-20T22:14:29-05:00	Refactored into Public and Internal directories.
JiraPS/Public/Set-JiraIssueLabel.ps1	51	51	Joshua Taliaferro	95ebe41348e10f941f1c8f9cc4e82ed8d3192d8b	https://github.com/AtlassianPS/JiraPS/commit/95ebe41348e10f941f1c8f9cc4e82ed8d3192d8b	2016-08-20T22:14:29-05:00	Refactored into Public and Internal directories.
JiraPS/Public/Set-JiraIssueLabel.ps1	55	55	Joshua Taliaferro	95ebe41348e10f941f1c8f9cc4e82ed8d3192d8b	https://github.com/AtlassianPS/JiraPS/commit/95ebe41348e10f941f1c8f9cc4e82ed8d3192d8b	2016-08-20T22:14:29-05:00	Refactored into Public and Internal directories.
JiraPS/Public/Set-JiraIssueLabel.ps1	59	59	Joshua Taliaferro	95ebe41348e10f941f1c8f9cc4e82ed8d3192d8b	https://github.com/AtlassianPS/JiraPS/commit/95ebe41348e10f941f1c8f9cc4e82ed8d3192d8b	2016-08-20T22:14:29-05:00	Refactored into Public and Internal directories.
JiraPS/Public/Set-JiraIssueLabel.ps1	76	76	Oliver Lipkau	6746cb332968d0f1e5376694e825fc915fc4b7b6	https://github.com/AtlassianPS/JiraPS/commit/6746cb332968d0f1e5376694e825fc915fc4b7b6	2017-05-22T16:45:55+02:00	[fix] updated cmdlet's help
JiraPS/Public/Set-JiraIssueLabel.ps1	82	82	Oliver Lipkau	6746cb332968d0f1e5376694e825fc915fc4b7b6	https://github.com/AtlassianPS/JiraPS/commit/6746cb332968d0f1e5376694e825fc915fc4b7b6	2017-05-22T16:45:55+02:00	[fix] updated cmdlet's help
JiraPS/Public/Set-JiraIssueLabel.ps1	91	91	Oliver Lipkau	6746cb332968d0f1e5376694e825fc915fc4b7b6	https://github.com/AtlassianPS/JiraPS/commit/6746cb332968d0f1e5376694e825fc915fc4b7b6	2017-05-22T16:45:55+02:00	[fix] updated cmdlet's help
JiraPS/Public/Set-JiraIssueLabel.ps1	95	95	Joshua Taliaferro	95ebe41348e10f941f1c8f9cc4e82ed8d3192d8b	https://github.com/AtlassianPS/JiraPS/commit/95ebe41348e10f941f1c8f9cc4e82ed8d3192d8b	2016-08-20T22:14:29-05:00	Refactored into Public and Internal directories.
JiraPS/Public/Set-JiraIssueLabel.ps1	108	108	Oliver Lipkau	6746cb332968d0f1e5376694e825fc915fc4b7b6	https://github.com/AtlassianPS/JiraPS/commit/6746cb332968d0f1e5376694e825fc915fc4b7b6	2017-05-22T16:45:55+02:00	[fix] updated cmdlet's help
JiraPS/Public/Set-JiraIssueLabel.ps1	109	111	Joshua Taliaferro	95ebe41348e10f941f1c8f9cc4e82ed8d3192d8b	https://github.com/AtlassianPS/JiraPS/commit/95ebe41348e10f941f1c8f9cc4e82ed8d3192d8b	2016-08-20T22:14:29-05:00	Refactored into Public and Internal directories.
JiraPS/Public/Set-JiraIssueLabel.ps1	112	112	Oliver Lipkau	df031a199faa6991bbb742e226b3aadc12c3f51d	https://github.com/AtlassianPS/JiraPS/commit/df031a199faa6991bbb742e226b3aadc12c3f51d	2017-06-20T16:41:48+02:00	Declare SupportsShouldProcess
JiraPS/Public/Set-JiraIssueLabel.ps1	114	115	Joshua Taliaferro	95ebe41348e10f941f1c8f9cc4e82ed8d3192d8b	https://github.com/AtlassianPS/JiraPS/commit/95ebe41348e10f941f1c8f9cc4e82ed8d3192d8b	2016-08-20T22:14:29-05:00	Refactored into Public and Internal directories.
JiraPS/Public/Set-JiraUser.ps1	4	4	Joshua Taliaferro	52121b85cab2e6b85aeda4c602b1bb443351a5f0	https://github.com/AtlassianPS/JiraPS/commit/52121b85cab2e6b85aeda4c602b1bb443351a5f0	2015-09-03T21:48:15-05:00	Created function Set-JiraUser.
JiraPS/Public/Set-JiraUser.ps1	8	8	Joshua Taliaferro	52121b85cab2e6b85aeda4c602b1bb443351a5f0	https://github.com/AtlassianPS/JiraPS/commit/52121b85cab2e6b85aeda4c602b1bb443351a5f0	2015-09-03T21:48:15-05:00	Created function Set-JiraUser.
JiraPS/Public/Set-JiraUser.ps1	11	11	Joshua Taliaferro	52121b85cab2e6b85aeda4c602b1bb443351a5f0	https://github.com/AtlassianPS/JiraPS/commit/52121b85cab2e6b85aeda4c602b1bb443351a5f0	2015-09-03T21:48:15-05:00	Created function Set-JiraUser.
JiraPS/Public/Set-JiraUser.ps1	16	16	Joshua Taliaferro	52121b85cab2e6b85aeda4c602b1bb443351a5f0	https://github.com/AtlassianPS/JiraPS/commit/52121b85cab2e6b85aeda4c602b1bb443351a5f0	2015-09-03T21:48:15-05:00	Created function Set-JiraUser.
JiraPS/Public/Set-JiraUser.ps1	35	35	Oliver Lipkau	6c36cb7d8db2cc8538581a7de4bb3952c5c2119e	https://github.com/AtlassianPS/JiraPS/commit/6c36cb7d8db2cc8538581a7de4bb3952c5c2119e	2017-06-27T06:12:29+02:00	Enhance repo's environment (#147)
JiraPS/Public/Set-JiraUser.ps1	38	38	Joshua Taliaferro	52121b85cab2e6b85aeda4c602b1bb443351a5f0	https://github.com/AtlassianPS/JiraPS/commit/52121b85cab2e6b85aeda4c602b1bb443351a5f0	2015-09-03T21:48:15-05:00	Created function Set-JiraUser.
JiraPS/Public/Set-JiraUser.ps1	46	46	Joshua Taliaferro	52121b85cab2e6b85aeda4c602b1bb443351a5f0	https://github.com/AtlassianPS/JiraPS/commit/52121b85cab2e6b85aeda4c602b1bb443351a5f0	2015-09-03T21:48:15-05:00	Created function Set-JiraUser.
JiraPS/Public/Set-JiraUser.ps1	51	51	Joshua Taliaferro	52121b85cab2e6b85aeda4c602b1bb443351a5f0	https://github.com/AtlassianPS/JiraPS/commit/52121b85cab2e6b85aeda4c602b1bb443351a5f0	2015-09-03T21:48:15-05:00	Created function Set-JiraUser.
JiraPS/Public/Set-JiraUser.ps1	54	55	Joshua Taliaferro	52121b85cab2e6b85aeda4c602b1bb443351a5f0	https://github.com/AtlassianPS/JiraPS/commit/52121b85cab2e6b85aeda4c602b1bb443351a5f0	2015-09-03T21:48:15-05:00	Created function Set-JiraUser.
JiraPS/Public/Set-JiraUser.ps1	56	56	Oliver Lipkau	df031a199faa6991bbb742e226b3aadc12c3f51d	https://github.com/AtlassianPS/JiraPS/commit/df031a199faa6991bbb742e226b3aadc12c3f51d	2017-06-20T16:41:48+02:00	Declare SupportsShouldProcess
JiraPS/Public/Set-JiraUser.ps1	58	58	Oliver Lipkau	3c58908262cd12af50880053b4dac1e812f6958b	https://github.com/AtlassianPS/JiraPS/commit/3c58908262cd12af50880053b4dac1e812f6958b	2017-05-24T11:29:47+02:00	Take over global PSDefaultParameterValues
JiraPS/Public/Set-JiraUser.ps1	60	60	Joshua Taliaferro	d129c5dcd0bf8f771829fa61ba04317625180461	https://github.com/AtlassianPS/JiraPS/commit/d129c5dcd0bf8f771829fa61ba04317625180461	2015-09-17T22:41:44-05:00	Corrected style
JiraPS/Public/Set-JiraUser.ps1	67	68	Joshua Taliaferro	52121b85cab2e6b85aeda4c602b1bb443351a5f0	https://github.com/AtlassianPS/JiraPS/commit/52121b85cab2e6b85aeda4c602b1bb443351a5f0	2015-09-03T21:48:15-05:00	Created function Set-JiraUser.
JiraPS/Public/Set-JiraUser.ps1	69	69	Oliver Lipkau	df031a199faa6991bbb742e226b3aadc12c3f51d	https://github.com/AtlassianPS/JiraPS/commit/df031a199faa6991bbb742e226b3aadc12c3f51d	2017-06-20T16:41:48+02:00	Declare SupportsShouldProcess
JiraPS/Public/Set-JiraUser.ps1	74	74	Joshua Taliaferro	52121b85cab2e6b85aeda4c602b1bb443351a5f0	https://github.com/AtlassianPS/JiraPS/commit/52121b85cab2e6b85aeda4c602b1bb443351a5f0	2015-09-03T21:48:15-05:00	Created function Set-JiraUser.
JiraPS/Public/Set-JiraUser.ps1	76	76	Joshua Taliaferro	52121b85cab2e6b85aeda4c602b1bb443351a5f0	https://github.com/AtlassianPS/JiraPS/commit/52121b85cab2e6b85aeda4c602b1bb443351a5f0	2015-09-03T21:48:15-05:00	Created function Set-JiraUser.
JiraPS/Public/Set-JiraUser.ps1	87	87	Oliver Lipkau	b1270b78814d0ebc6b04c3b56168dc451ef4829c	https://github.com/AtlassianPS/JiraPS/commit/b1270b78814d0ebc6b04c3b56168dc451ef4829c	2017-05-22T17:21:18+02:00	[fix] updated the code formatting I screwed up in my last commit
JiraPS/Public/Set-JiraUser.ps1	99	99	Joshua Taliaferro	52121b85cab2e6b85aeda4c602b1bb443351a5f0	https://github.com/AtlassianPS/JiraPS/commit/52121b85cab2e6b85aeda4c602b1bb443351a5f0	2015-09-03T21:48:15-05:00	Created function Set-JiraUser.
JiraPS/Public/Set-JiraUser.ps1	100	100	Oliver Lipkau	b1270b78814d0ebc6b04c3b56168dc451ef4829c	https://github.com/AtlassianPS/JiraPS/commit/b1270b78814d0ebc6b04c3b56168dc451ef4829c	2017-05-22T17:21:18+02:00	[fix] updated the code formatting I screwed up in my last commit
JiraPS/Public/Set-JiraUser.ps1	128	131	Joshua Taliaferro	52121b85cab2e6b85aeda4c602b1bb443351a5f0	https://github.com/AtlassianPS/JiraPS/commit/52121b85cab2e6b85aeda4c602b1bb443351a5f0	2015-09-03T21:48:15-05:00	Created function Set-JiraUser.
JiraPS/Public/Set-JiraUser.ps1	132	132	Oliver Lipkau	df031a199faa6991bbb742e226b3aadc12c3f51d	https://github.com/AtlassianPS/JiraPS/commit/df031a199faa6991bbb742e226b3aadc12c3f51d	2017-06-20T16:41:48+02:00	Declare SupportsShouldProcess
JiraPS/Public/Set-JiraUser.ps1	134	134	Joshua Taliaferro	52121b85cab2e6b85aeda4c602b1bb443351a5f0	https://github.com/AtlassianPS/JiraPS/commit/52121b85cab2e6b85aeda4c602b1bb443351a5f0	2015-09-03T21:48:15-05:00	Created function Set-JiraUser.
JiraPS/Public/Set-JiraUser.ps1	135	135	Joshua Taliaferro	d129c5dcd0bf8f771829fa61ba04317625180461	https://github.com/AtlassianPS/JiraPS/commit/d129c5dcd0bf8f771829fa61ba04317625180461	2015-09-17T22:41:44-05:00	Corrected style
JiraPS/Public/Set-JiraVersion.ps1	4	4	Oliver Lipkau	f3f8338aa40b13b1b2ee08313e847602b22fec67	https://github.com/AtlassianPS/JiraPS/commit/f3f8338aa40b13b1b2ee08313e847602b22fec67	2017-08-05T09:45:36+02:00	Release v2.2.0
JiraPS/Public/Set-JiraVersion.ps1	10	10	Oliver Lipkau	f3f8338aa40b13b1b2ee08313e847602b22fec67	https://github.com/AtlassianPS/JiraPS/commit/f3f8338aa40b13b1b2ee08313e847602b22fec67	2017-08-05T09:45:36+02:00	Release v2.2.0
JiraPS/Public/Set-JiraVersion.ps1	13	13	Oliver Lipkau	f3f8338aa40b13b1b2ee08313e847602b22fec67	https://github.com/AtlassianPS/JiraPS/commit/f3f8338aa40b13b1b2ee08313e847602b22fec67	2017-08-05T09:45:36+02:00	Release v2.2.0
JiraPS/Public/Set-JiraVersion.ps1	16	16	Oliver Lipkau	f3f8338aa40b13b1b2ee08313e847602b22fec67	https://github.com/AtlassianPS/JiraPS/commit/f3f8338aa40b13b1b2ee08313e847602b22fec67	2017-08-05T09:45:36+02:00	Release v2.2.0
JiraPS/Public/Set-JiraVersion.ps1	19	19	Oliver Lipkau	f3f8338aa40b13b1b2ee08313e847602b22fec67	https://github.com/AtlassianPS/JiraPS/commit/f3f8338aa40b13b1b2ee08313e847602b22fec67	2017-08-05T09:45:36+02:00	Release v2.2.0
JiraPS/Public/Set-JiraVersion.ps1	22	22	Oliver Lipkau	f3f8338aa40b13b1b2ee08313e847602b22fec67	https://github.com/AtlassianPS/JiraPS/commit/f3f8338aa40b13b1b2ee08313e847602b22fec67	2017-08-05T09:45:36+02:00	Release v2.2.0
JiraPS/Public/Set-JiraVersion.ps1	25	25	Oliver Lipkau	f3f8338aa40b13b1b2ee08313e847602b22fec67	https://github.com/AtlassianPS/JiraPS/commit/f3f8338aa40b13b1b2ee08313e847602b22fec67	2017-08-05T09:45:36+02:00	Release v2.2.0
JiraPS/Public/Set-JiraVersion.ps1	28	28	Oliver Lipkau	f3f8338aa40b13b1b2ee08313e847602b22fec67	https://github.com/AtlassianPS/JiraPS/commit/f3f8338aa40b13b1b2ee08313e847602b22fec67	2017-08-05T09:45:36+02:00	Release v2.2.0
JiraPS/Public/Set-JiraVersion.ps1	33	33	Oliver Lipkau	f3f8338aa40b13b1b2ee08313e847602b22fec67	https://github.com/AtlassianPS/JiraPS/commit/f3f8338aa40b13b1b2ee08313e847602b22fec67	2017-08-05T09:45:36+02:00	Release v2.2.0
JiraPS/Public/Set-JiraVersion.ps1	38	40	Oliver Lipkau	f3f8338aa40b13b1b2ee08313e847602b22fec67	https://github.com/AtlassianPS/JiraPS/commit/f3f8338aa40b13b1b2ee08313e847602b22fec67	2017-08-05T09:45:36+02:00	Release v2.2.0
JiraPS/Public/Set-JiraVersion.ps1	42	44	Oliver Lipkau	f3f8338aa40b13b1b2ee08313e847602b22fec67	https://github.com/AtlassianPS/JiraPS/commit/f3f8338aa40b13b1b2ee08313e847602b22fec67	2017-08-05T09:45:36+02:00	Release v2.2.0
JiraPS/Public/Set-JiraVersion.ps1	48	48	Oliver Lipkau	f3f8338aa40b13b1b2ee08313e847602b22fec67	https://github.com/AtlassianPS/JiraPS/commit/f3f8338aa40b13b1b2ee08313e847602b22fec67	2017-08-05T09:45:36+02:00	Release v2.2.0
JiraPS/Public/Set-JiraVersion.ps1	51	51	Oliver Lipkau	f3f8338aa40b13b1b2ee08313e847602b22fec67	https://github.com/AtlassianPS/JiraPS/commit/f3f8338aa40b13b1b2ee08313e847602b22fec67	2017-08-05T09:45:36+02:00	Release v2.2.0
JiraPS/Public/Set-JiraVersion.ps1	64	64	Oliver Lipkau	f3f8338aa40b13b1b2ee08313e847602b22fec67	https://github.com/AtlassianPS/JiraPS/commit/f3f8338aa40b13b1b2ee08313e847602b22fec67	2017-08-05T09:45:36+02:00	Release v2.2.0
JiraPS/Public/Set-JiraVersion.ps1	66	66	Oliver Lipkau	f3f8338aa40b13b1b2ee08313e847602b22fec67	https://github.com/AtlassianPS/JiraPS/commit/f3f8338aa40b13b1b2ee08313e847602b22fec67	2017-08-05T09:45:36+02:00	Release v2.2.0
JiraPS/Public/Set-JiraVersion.ps1	69	69	Oliver Lipkau	f3f8338aa40b13b1b2ee08313e847602b22fec67	https://github.com/AtlassianPS/JiraPS/commit/f3f8338aa40b13b1b2ee08313e847602b22fec67	2017-08-05T09:45:36+02:00	Release v2.2.0
JiraPS/Public/Set-JiraVersion.ps1	109	113	Oliver Lipkau	f3f8338aa40b13b1b2ee08313e847602b22fec67	https://github.com/AtlassianPS/JiraPS/commit/f3f8338aa40b13b1b2ee08313e847602b22fec67	2017-08-05T09:45:36+02:00	Release v2.2.0
JiraPS/Public/Set-JiraVersion.ps1	115	116	Oliver Lipkau	f3f8338aa40b13b1b2ee08313e847602b22fec67	https://github.com/AtlassianPS/JiraPS/commit/f3f8338aa40b13b1b2ee08313e847602b22fec67	2017-08-05T09:45:36+02:00	Release v2.2.0
README.md	11	11	Joshua Taliaferro	129c7daf7aa40ce622ab82c9021fd3d11f8ec133	https://github.com/AtlassianPS/JiraPS/commit/129c7daf7aa40ce622ab82c9021fd3d11f8ec133	2016-12-15T15:54:33-06:00	Added badges to readme and index.rst
README.md	13	13	Joshua Taliaferro	c33b95778148439dadd643091cd7d72565036653	https://github.com/AtlassianPS/JiraPS/commit/c33b95778148439dadd643091cd7d72565036653	2015-07-08T14:51:09-05:00	Initial commit
README.md	15	15	Oliver Lipkau	a7b6acc4f9d96e72995353bb6036bb7bc2e6a6ec	https://github.com/AtlassianPS/JiraPS/commit/a7b6acc4f9d96e72995353bb6036bb7bc2e6a6ec	2017-05-24T10:53:11+02:00	Add link to join Slack Community
README.md	18	18	Oliver Lipkau	a7b6acc4f9d96e72995353bb6036bb7bc2e6a6ec	https://github.com/AtlassianPS/JiraPS/commit/a7b6acc4f9d96e72995353bb6036bb7bc2e6a6ec	2017-05-24T10:53:11+02:00	Add link to join Slack Community
README.md	19	20	Joshua Taliaferro	989dc3ee8efe82aa3c262999766114aedc9b4ce2	https://github.com/AtlassianPS/JiraPS/commit/989dc3ee8efe82aa3c262999766114aedc9b4ce2	2016-04-03T19:42:54-05:00	Update README.md
README.md	22	22	Joshua Taliaferro	eb7ac6d483a30cdc7100e2ea127bff722b1a569d	https://github.com/AtlassianPS/JiraPS/commit/eb7ac6d483a30cdc7100e2ea127bff722b1a569d	2016-12-15T15:58:01-06:00	Update README.md
README.md	24	24	Joshua Taliaferro	eb7ac6d483a30cdc7100e2ea127bff722b1a569d	https://github.com/AtlassianPS/JiraPS/commit/eb7ac6d483a30cdc7100e2ea127bff722b1a569d	2016-12-15T15:58:01-06:00	Update README.md
README.md	26	27	Joshua Taliaferro	ca96cc3a8ed4c96d15823937f69ed92543035783	https://github.com/AtlassianPS/JiraPS/commit/ca96cc3a8ed4c96d15823937f69ed92543035783	2015-10-01T14:27:08-05:00	Update README.md
README.md	42	43	Joshua Taliaferro	ca96cc3a8ed4c96d15823937f69ed92543035783	https://github.com/AtlassianPS/JiraPS/commit/ca96cc3a8ed4c96d15823937f69ed92543035783	2015-10-01T14:27:08-05:00	Update README.md
README.md	52	52	Joshua Taliaferro	38fbb3368eba57f433e69a85d54d1684ccadf5a8	https://github.com/AtlassianPS/JiraPS/commit/38fbb3368eba57f433e69a85d54d1684ccadf5a8	2016-08-24T22:59:08-05:00	Update README.md
README.md	54	54	Joshua Taliaferro	ca96cc3a8ed4c96d15823937f69ed92543035783	https://github.com/AtlassianPS/JiraPS/commit/ca96cc3a8ed4c96d15823937f69ed92543035783	2015-10-01T14:27:08-05:00	Update README.md
README.md	56	56	Joshua Taliaferro	c33b95778148439dadd643091cd7d72565036653	https://github.com/AtlassianPS/JiraPS/commit/c33b95778148439dadd643091cd7d72565036653	2015-07-08T14:51:09-05:00	Initial commit
README.md	59	59	Joshua Taliaferro	c33b95778148439dadd643091cd7d72565036653	https://github.com/AtlassianPS/JiraPS/commit/c33b95778148439dadd643091cd7d72565036653	2015-07-08T14:51:09-05:00	Initial commit
README.md	61	61	Joshua Taliaferro	d961856befcf65e1795572011d8d1fab6837e4dc	https://github.com/AtlassianPS/JiraPS/commit/d961856befcf65e1795572011d8d1fab6837e4dc	2015-09-29T23:53:55-05:00	Update README.md
README.md	92	92	Joshua Taliaferro	556a32266e5a4f550207c73830616e925c83447c	https://github.com/AtlassianPS/JiraPS/commit/556a32266e5a4f550207c73830616e925c83447c	2015-12-04T16:57:53-06:00	Update README.md
README.md	95	95	Joshua Taliaferro	556a32266e5a4f550207c73830616e925c83447c	https://github.com/AtlassianPS/JiraPS/commit/556a32266e5a4f550207c73830616e925c83447c	2015-12-04T16:57:53-06:00	Update README.md
README.md	97	97	Joshua Taliaferro	556a32266e5a4f550207c73830616e925c83447c	https://github.com/AtlassianPS/JiraPS/commit/556a32266e5a4f550207c73830616e925c83447c	2015-12-04T16:57:53-06:00	Update README.md
README.md	103	103	Joshua Taliaferro	c33b95778148439dadd643091cd7d72565036653	https://github.com/AtlassianPS/JiraPS/commit/c33b95778148439dadd643091cd7d72565036653	2015-07-08T14:51:09-05:00	Initial commit
README.md	105	105	Joshua Taliaferro	766b3c0e0befec931161ddb2f4bbc5e2773a8539	https://github.com/AtlassianPS/JiraPS/commit/766b3c0e0befec931161ddb2f4bbc5e2773a8539	2015-09-17T23:20:16-05:00	Updated readme
Tests/Archive/JiraPS.Integration.Tests.legacy.ps1	4	4	Oliver Lipkau	6c36cb7d8db2cc8538581a7de4bb3952c5c2119e	https://github.com/AtlassianPS/JiraPS/commit/6c36cb7d8db2cc8538581a7de4bb3952c5c2119e	2017-06-27T06:12:29+02:00	Enhance repo's environment (#147)
Tests/Archive/JiraPS.Integration.Tests.legacy.ps1	7	7	Oliver Lipkau	6c36cb7d8db2cc8538581a7de4bb3952c5c2119e	https://github.com/AtlassianPS/JiraPS/commit/6c36cb7d8db2cc8538581a7de4bb3952c5c2119e	2017-06-27T06:12:29+02:00	Enhance repo's environment (#147)
Tests/Archive/JiraPS.Integration.Tests.legacy.ps1	13	13	Oliver Lipkau	6c36cb7d8db2cc8538581a7de4bb3952c5c2119e	https://github.com/AtlassianPS/JiraPS/commit/6c36cb7d8db2cc8538581a7de4bb3952c5c2119e	2017-06-27T06:12:29+02:00	Enhance repo's environment (#147)
Tests/Archive/JiraPS.Integration.Tests.legacy.ps1	16	16	Oliver Lipkau	6c36cb7d8db2cc8538581a7de4bb3952c5c2119e	https://github.com/AtlassianPS/JiraPS/commit/6c36cb7d8db2cc8538581a7de4bb3952c5c2119e	2017-06-27T06:12:29+02:00	Enhance repo's environment (#147)
Tests/Archive/JiraPS.Integration.Tests.legacy.ps1	18	18	Oliver Lipkau	6c36cb7d8db2cc8538581a7de4bb3952c5c2119e	https://github.com/AtlassianPS/JiraPS/commit/6c36cb7d8db2cc8538581a7de4bb3952c5c2119e	2017-06-27T06:12:29+02:00	Enhance repo's environment (#147)
Tests/Archive/JiraPS.Integration.Tests.legacy.ps1	22	22	Oliver Lipkau	6c36cb7d8db2cc8538581a7de4bb3952c5c2119e	https://github.com/AtlassianPS/JiraPS/commit/6c36cb7d8db2cc8538581a7de4bb3952c5c2119e	2017-06-27T06:12:29+02:00	Enhance repo's environment (#147)
Tests/Archive/JiraPS.Integration.Tests.legacy.ps1	26	26	Oliver Lipkau	6c36cb7d8db2cc8538581a7de4bb3952c5c2119e	https://github.com/AtlassianPS/JiraPS/commit/6c36cb7d8db2cc8538581a7de4bb3952c5c2119e	2017-06-27T06:12:29+02:00	Enhance repo's environment (#147)
Tests/Archive/JiraPS.Integration.Tests.legacy.ps1	32	32	Oliver Lipkau	6c36cb7d8db2cc8538581a7de4bb3952c5c2119e	https://github.com/AtlassianPS/JiraPS/commit/6c36cb7d8db2cc8538581a7de4bb3952c5c2119e	2017-06-27T06:12:29+02:00	Enhance repo's environment (#147)
Tests/Archive/JiraPS.Integration.Tests.legacy.ps1	36	36	Oliver Lipkau	6c36cb7d8db2cc8538581a7de4bb3952c5c2119e	https://github.com/AtlassianPS/JiraPS/commit/6c36cb7d8db2cc8538581a7de4bb3952c5c2119e	2017-06-27T06:12:29+02:00	Enhance repo's environment (#147)
Tests/Archive/JiraPS.Integration.Tests.legacy.ps1	43	43	Oliver Lipkau	6c36cb7d8db2cc8538581a7de4bb3952c5c2119e	https://github.com/AtlassianPS/JiraPS/commit/6c36cb7d8db2cc8538581a7de4bb3952c5c2119e	2017-06-27T06:12:29+02:00	Enhance repo's environment (#147)
Tests/Archive/JiraPS.Integration.Tests.legacy.ps1	49	49	Oliver Lipkau	6c36cb7d8db2cc8538581a7de4bb3952c5c2119e	https://github.com/AtlassianPS/JiraPS/commit/6c36cb7d8db2cc8538581a7de4bb3952c5c2119e	2017-06-27T06:12:29+02:00	Enhance repo's environment (#147)
Tests/Archive/JiraPS.Integration.Tests.legacy.ps1	60	60	Oliver Lipkau	6c36cb7d8db2cc8538581a7de4bb3952c5c2119e	https://github.com/AtlassianPS/JiraPS/commit/6c36cb7d8db2cc8538581a7de4bb3952c5c2119e	2017-06-27T06:12:29+02:00	Enhance repo's environment (#147)
Tests/Archive/JiraPS.Integration.Tests.legacy.ps1	62	62	Oliver Lipkau	6c36cb7d8db2cc8538581a7de4bb3952c5c2119e	https://github.com/AtlassianPS/JiraPS/commit/6c36cb7d8db2cc8538581a7de4bb3952c5c2119e	2017-06-27T06:12:29+02:00	Enhance repo's environment (#147)
Tests/Archive/JiraPS.Integration.Tests.legacy.ps1	94	94	Oliver Lipkau	f3f8338aa40b13b1b2ee08313e847602b22fec67	https://github.com/AtlassianPS/JiraPS/commit/f3f8338aa40b13b1b2ee08313e847602b22fec67	2017-08-05T09:45:36+02:00	Release v2.2.0
Tests/Archive/JiraPS.Integration.Tests.legacy.ps1	99	99	Oliver Lipkau	f3f8338aa40b13b1b2ee08313e847602b22fec67	https://github.com/AtlassianPS/JiraPS/commit/f3f8338aa40b13b1b2ee08313e847602b22fec67	2017-08-05T09:45:36+02:00	Release v2.2.0
Tests/Archive/JiraPS.Integration.Tests.legacy.ps1	110	110	Oliver Lipkau	f3f8338aa40b13b1b2ee08313e847602b22fec67	https://github.com/AtlassianPS/JiraPS/commit/f3f8338aa40b13b1b2ee08313e847602b22fec67	2017-08-05T09:45:36+02:00	Release v2.2.0
Tests/Archive/JiraPS.Integration.Tests.legacy.ps1	121	121	Oliver Lipkau	f3f8338aa40b13b1b2ee08313e847602b22fec67	https://github.com/AtlassianPS/JiraPS/commit/f3f8338aa40b13b1b2ee08313e847602b22fec67	2017-08-05T09:45:36+02:00	Release v2.2.0
Tests/Archive/JiraPS.Integration.Tests.legacy.ps1	128	128	Oliver Lipkau	f3f8338aa40b13b1b2ee08313e847602b22fec67	https://github.com/AtlassianPS/JiraPS/commit/f3f8338aa40b13b1b2ee08313e847602b22fec67	2017-08-05T09:45:36+02:00	Release v2.2.0
Tests/Archive/JiraPS.Integration.Tests.legacy.ps1	151	151	Oliver Lipkau	f3f8338aa40b13b1b2ee08313e847602b22fec67	https://github.com/AtlassianPS/JiraPS/commit/f3f8338aa40b13b1b2ee08313e847602b22fec67	2017-08-05T09:45:36+02:00	Release v2.2.0
Tests/Archive/JiraPS.Integration.Tests.legacy.ps1	159	159	Oliver Lipkau	f3f8338aa40b13b1b2ee08313e847602b22fec67	https://github.com/AtlassianPS/JiraPS/commit/f3f8338aa40b13b1b2ee08313e847602b22fec67	2017-08-05T09:45:36+02:00	Release v2.2.0
Tests/Archive/JiraPS.Integration.Tests.legacy.ps1	164	164	Oliver Lipkau	f3f8338aa40b13b1b2ee08313e847602b22fec67	https://github.com/AtlassianPS/JiraPS/commit/f3f8338aa40b13b1b2ee08313e847602b22fec67	2017-08-05T09:45:36+02:00	Release v2.2.0
Tests/Archive/JiraPS.Integration.Tests.legacy.ps1	187	187	Oliver Lipkau	f3f8338aa40b13b1b2ee08313e847602b22fec67	https://github.com/AtlassianPS/JiraPS/commit/f3f8338aa40b13b1b2ee08313e847602b22fec67	2017-08-05T09:45:36+02:00	Release v2.2.0
Tests/Archive/JiraPS.Integration.Tests.legacy.ps1	192	192	Oliver Lipkau	f3f8338aa40b13b1b2ee08313e847602b22fec67	https://github.com/AtlassianPS/JiraPS/commit/f3f8338aa40b13b1b2ee08313e847602b22fec67	2017-08-05T09:45:36+02:00	Release v2.2.0
Tests/Archive/JiraPS.Integration.Tests.legacy.ps1	196	196	Oliver Lipkau	f3f8338aa40b13b1b2ee08313e847602b22fec67	https://github.com/AtlassianPS/JiraPS/commit/f3f8338aa40b13b1b2ee08313e847602b22fec67	2017-08-05T09:45:36+02:00	Release v2.2.0
Tests/Archive/JiraPS.Integration.Tests.legacy.ps1	203	203	Oliver Lipkau	f3f8338aa40b13b1b2ee08313e847602b22fec67	https://github.com/AtlassianPS/JiraPS/commit/f3f8338aa40b13b1b2ee08313e847602b22fec67	2017-08-05T09:45:36+02:00	Release v2.2.0
Tests/Archive/JiraPS.Integration.Tests.legacy.ps1	205	205	Oliver Lipkau	6c36cb7d8db2cc8538581a7de4bb3952c5c2119e	https://github.com/AtlassianPS/JiraPS/commit/6c36cb7d8db2cc8538581a7de4bb3952c5c2119e	2017-06-27T06:12:29+02:00	Enhance repo's environment (#147)
Tests/Archive/JiraPS.Integration.Tests.legacy.ps1	210	210	Oliver Lipkau	6c36cb7d8db2cc8538581a7de4bb3952c5c2119e	https://github.com/AtlassianPS/JiraPS/commit/6c36cb7d8db2cc8538581a7de4bb3952c5c2119e	2017-06-27T06:12:29+02:00	Enhance repo's environment (#147)
Tests/Archive/JiraPS.Integration.Tests.legacy.ps1	214	214	Oliver Lipkau	6c36cb7d8db2cc8538581a7de4bb3952c5c2119e	https://github.com/AtlassianPS/JiraPS/commit/6c36cb7d8db2cc8538581a7de4bb3952c5c2119e	2017-06-27T06:12:29+02:00	Enhance repo's environment (#147)
Tests/Archive/JiraPS.Integration.Tests.legacy.ps1	221	221	Oliver Lipkau	6c36cb7d8db2cc8538581a7de4bb3952c5c2119e	https://github.com/AtlassianPS/JiraPS/commit/6c36cb7d8db2cc8538581a7de4bb3952c5c2119e	2017-06-27T06:12:29+02:00	Enhance repo's environment (#147)
Tests/Archive/JiraPS.Integration.Tests.legacy.ps1	226	226	Oliver Lipkau	6c36cb7d8db2cc8538581a7de4bb3952c5c2119e	https://github.com/AtlassianPS/JiraPS/commit/6c36cb7d8db2cc8538581a7de4bb3952c5c2119e	2017-06-27T06:12:29+02:00	Enhance repo's environment (#147)
Tests/Archive/JiraPS.Integration.Tests.legacy.ps1	230	230	Oliver Lipkau	6c36cb7d8db2cc8538581a7de4bb3952c5c2119e	https://github.com/AtlassianPS/JiraPS/commit/6c36cb7d8db2cc8538581a7de4bb3952c5c2119e	2017-06-27T06:12:29+02:00	Enhance repo's environment (#147)
Tests/Archive/JiraPS.Integration.Tests.legacy.ps1	249	249	Oliver Lipkau	6c36cb7d8db2cc8538581a7de4bb3952c5c2119e	https://github.com/AtlassianPS/JiraPS/commit/6c36cb7d8db2cc8538581a7de4bb3952c5c2119e	2017-06-27T06:12:29+02:00	Enhance repo's environment (#147)
Tests/Archive/JiraPS.Integration.Tests.legacy.ps1	259	259	Oliver Lipkau	6c36cb7d8db2cc8538581a7de4bb3952c5c2119e	https://github.com/AtlassianPS/JiraPS/commit/6c36cb7d8db2cc8538581a7de4bb3952c5c2119e	2017-06-27T06:12:29+02:00	Enhance repo's environment (#147)
Tests/Archive/JiraPS.Integration.Tests.legacy.ps1	264	264	Oliver Lipkau	6c36cb7d8db2cc8538581a7de4bb3952c5c2119e	https://github.com/AtlassianPS/JiraPS/commit/6c36cb7d8db2cc8538581a7de4bb3952c5c2119e	2017-06-27T06:12:29+02:00	Enhance repo's environment (#147)
Tests/Archive/JiraPS.Integration.Tests.legacy.ps1	272	272	Oliver Lipkau	6c36cb7d8db2cc8538581a7de4bb3952c5c2119e	https://github.com/AtlassianPS/JiraPS/commit/6c36cb7d8db2cc8538581a7de4bb3952c5c2119e	2017-06-27T06:12:29+02:00	Enhance repo's environment (#147)
Tests/Archive/JiraPS.Integration.Tests.legacy.ps1	282	282	Oliver Lipkau	6c36cb7d8db2cc8538581a7de4bb3952c5c2119e	https://github.com/AtlassianPS/JiraPS/commit/6c36cb7d8db2cc8538581a7de4bb3952c5c2119e	2017-06-27T06:12:29+02:00	Enhance repo's environment (#147)
Tests/Archive/JiraPS.Integration.Tests.legacy.ps1	286	286	Oliver Lipkau	6c36cb7d8db2cc8538581a7de4bb3952c5c2119e	https://github.com/AtlassianPS/JiraPS/commit/6c36cb7d8db2cc8538581a7de4bb3952c5c2119e	2017-06-27T06:12:29+02:00	Enhance repo's environment (#147)
Tests/Archive/JiraPS.Integration.Tests.legacy.ps1	318	318	Oliver Lipkau	6c36cb7d8db2cc8538581a7de4bb3952c5c2119e	https://github.com/AtlassianPS/JiraPS/commit/6c36cb7d8db2cc8538581a7de4bb3952c5c2119e	2017-06-27T06:12:29+02:00	Enhance repo's environment (#147)
Tests/Archive/JiraPS.Integration.Tests.legacy.ps1	325	325	Oliver Lipkau	6c36cb7d8db2cc8538581a7de4bb3952c5c2119e	https://github.com/AtlassianPS/JiraPS/commit/6c36cb7d8db2cc8538581a7de4bb3952c5c2119e	2017-06-27T06:12:29+02:00	Enhance repo's environment (#147)
Tests/Archive/JiraPS.Integration.Tests.legacy.ps1	329	329	Oliver Lipkau	6c36cb7d8db2cc8538581a7de4bb3952c5c2119e	https://github.com/AtlassianPS/JiraPS/commit/6c36cb7d8db2cc8538581a7de4bb3952c5c2119e	2017-06-27T06:12:29+02:00	Enhance repo's environment (#147)
Tests/Archive/JiraPS.Integration.Tests.legacy.ps1	335	335	Oliver Lipkau	6c36cb7d8db2cc8538581a7de4bb3952c5c2119e	https://github.com/AtlassianPS/JiraPS/commit/6c36cb7d8db2cc8538581a7de4bb3952c5c2119e	2017-06-27T06:12:29+02:00	Enhance repo's environment (#147)
Tests/Archive/JiraPS.Integration.Tests.legacy.ps1	341	341	Oliver Lipkau	6c36cb7d8db2cc8538581a7de4bb3952c5c2119e	https://github.com/AtlassianPS/JiraPS/commit/6c36cb7d8db2cc8538581a7de4bb3952c5c2119e	2017-06-27T06:12:29+02:00	Enhance repo's environment (#147)
Tests/Archive/JiraPS.Integration.Tests.legacy.ps1	359	359	Oliver Lipkau	6c36cb7d8db2cc8538581a7de4bb3952c5c2119e	https://github.com/AtlassianPS/JiraPS/commit/6c36cb7d8db2cc8538581a7de4bb3952c5c2119e	2017-06-27T06:12:29+02:00	Enhance repo's environment (#147)
Tests/Archive/JiraPS.Integration.Tests.legacy.ps1	365	365	Oliver Lipkau	6c36cb7d8db2cc8538581a7de4bb3952c5c2119e	https://github.com/AtlassianPS/JiraPS/commit/6c36cb7d8db2cc8538581a7de4bb3952c5c2119e	2017-06-27T06:12:29+02:00	Enhance repo's environment (#147)
Tests/Archive/JiraPS.Integration.Tests.legacy.ps1	372	372	Oliver Lipkau	6c36cb7d8db2cc8538581a7de4bb3952c5c2119e	https://github.com/AtlassianPS/JiraPS/commit/6c36cb7d8db2cc8538581a7de4bb3952c5c2119e	2017-06-27T06:12:29+02:00	Enhance repo's environment (#147)
Tests/Archive/JiraPS.Integration.Tests.legacy.ps1	376	376	Oliver Lipkau	6c36cb7d8db2cc8538581a7de4bb3952c5c2119e	https://github.com/AtlassianPS/JiraPS/commit/6c36cb7d8db2cc8538581a7de4bb3952c5c2119e	2017-06-27T06:12:29+02:00	Enhance repo's environment (#147)
Tests/Archive/JiraPS.Integration.Tests.legacy.ps1	381	381	Oliver Lipkau	6c36cb7d8db2cc8538581a7de4bb3952c5c2119e	https://github.com/AtlassianPS/JiraPS/commit/6c36cb7d8db2cc8538581a7de4bb3952c5c2119e	2017-06-27T06:12:29+02:00	Enhance repo's environment (#147)
Tests/Archive/JiraPS.Integration.Tests.legacy.ps1	386	386	Oliver Lipkau	6c36cb7d8db2cc8538581a7de4bb3952c5c2119e	https://github.com/AtlassianPS/JiraPS/commit/6c36cb7d8db2cc8538581a7de4bb3952c5c2119e	2017-06-27T06:12:29+02:00	Enhance repo's environment (#147)
Tests/Archive/JiraPS.Integration.Tests.legacy.ps1	390	390	Oliver Lipkau	6c36cb7d8db2cc8538581a7de4bb3952c5c2119e	https://github.com/AtlassianPS/JiraPS/commit/6c36cb7d8db2cc8538581a7de4bb3952c5c2119e	2017-06-27T06:12:29+02:00	Enhance repo's environment (#147)
Tests/Archive/JiraPS.Integration.Tests.legacy.ps1	395	395	Oliver Lipkau	6c36cb7d8db2cc8538581a7de4bb3952c5c2119e	https://github.com/AtlassianPS/JiraPS/commit/6c36cb7d8db2cc8538581a7de4bb3952c5c2119e	2017-06-27T06:12:29+02:00	Enhance repo's environment (#147)
Tests/Archive/JiraPS.Integration.Tests.legacy.ps1	401	401	Oliver Lipkau	6c36cb7d8db2cc8538581a7de4bb3952c5c2119e	https://github.com/AtlassianPS/JiraPS/commit/6c36cb7d8db2cc8538581a7de4bb3952c5c2119e	2017-06-27T06:12:29+02:00	Enhance repo's environment (#147)
Tests/Archive/JiraPS.Integration.Tests.legacy.ps1	405	405	Oliver Lipkau	6c36cb7d8db2cc8538581a7de4bb3952c5c2119e	https://github.com/AtlassianPS/JiraPS/commit/6c36cb7d8db2cc8538581a7de4bb3952c5c2119e	2017-06-27T06:12:29+02:00	Enhance repo's environment (#147)
Tests/Archive/JiraPS.Integration.Tests.legacy.ps1	410	410	Oliver Lipkau	6c36cb7d8db2cc8538581a7de4bb3952c5c2119e	https://github.com/AtlassianPS/JiraPS/commit/6c36cb7d8db2cc8538581a7de4bb3952c5c2119e	2017-06-27T06:12:29+02:00	Enhance repo's environment (#147)
Tests/Archive/JiraPS.Integration.Tests.legacy.ps1	412	412	Oliver Lipkau	6c36cb7d8db2cc8538581a7de4bb3952c5c2119e	https://github.com/AtlassianPS/JiraPS/commit/6c36cb7d8db2cc8538581a7de4bb3952c5c2119e	2017-06-27T06:12:29+02:00	Enhance repo's environment (#147)
Tests/Functions/Private/ConvertTo-JiraComment.Unit.Tests.ps1	7	7	Joshua Taliaferro	c33b95778148439dadd643091cd7d72565036653	https://github.com/AtlassianPS/JiraPS/commit/c33b95778148439dadd643091cd7d72565036653	2015-07-08T14:51:09-05:00	Initial commit
Tests/Functions/Private/ConvertTo-JiraComment.Unit.Tests.ps1	54	55	Joshua Taliaferro	cd2efd08154a359b4b30ca9ef7ca6e168a5f3791	https://github.com/AtlassianPS/JiraPS/commit/cd2efd08154a359b4b30ca9ef7ca6e168a5f3791	2015-09-03T22:15:26-05:00	Added InModuleScope to match other tests' scope
Tests/Functions/Private/ConvertTo-JiraComponent.Unit.Tests.ps1	18	18	Joshua Taliaferro	d8bac81a4655ac08270bed3bda26679d4e9b6aaf	https://github.com/AtlassianPS/JiraPS/commit/d8bac81a4655ac08270bed3bda26679d4e9b6aaf	2017-05-21T14:59:32-05:00	Update and correct JiraComponent tests
Tests/Functions/Private/ConvertTo-JiraComponent.Unit.Tests.ps1	19	20	Axel Gluth	37df97f21dc634aa8069986078d8155b6cd1e3d3	https://github.com/AtlassianPS/JiraPS/commit/37df97f21dc634aa8069986078d8155b6cd1e3d3	2017-01-02T17:08:41+01:00	Added components to PSjira.Project
Tests/Functions/Private/ConvertTo-JiraComponent.Unit.Tests.ps1	21	23	Joshua Taliaferro	d8bac81a4655ac08270bed3bda26679d4e9b6aaf	https://github.com/AtlassianPS/JiraPS/commit/d8bac81a4655ac08270bed3bda26679d4e9b6aaf	2017-05-21T14:59:32-05:00	Update and correct JiraComponent tests
Tests/Functions/Private/ConvertTo-JiraEditMetaField.Unit.Tests.ps1	16	16	Joshua Taliaferro	f4343cae530e4540368d1aa7afdf45ca68ed043e	https://github.com/AtlassianPS/JiraPS/commit/f4343cae530e4540368d1aa7afdf45ca68ed043e	2017-05-21T15:29:25-05:00	Continued test cleanup
Tests/Functions/Private/ConvertTo-JiraEditMetaField.Unit.Tests.ps1	17	28	Oliver Lipkau	6c36cb7d8db2cc8538581a7de4bb3952c5c2119e	https://github.com/AtlassianPS/JiraPS/commit/6c36cb7d8db2cc8538581a7de4bb3952c5c2119e	2017-06-27T06:12:29+02:00	Enhance repo's environment (#147)
Tests/Functions/Private/ConvertTo-JiraEditMetaField.Unit.Tests.ps1	29	29	Joshua Taliaferro	f4343cae530e4540368d1aa7afdf45ca68ed043e	https://github.com/AtlassianPS/JiraPS/commit/f4343cae530e4540368d1aa7afdf45ca68ed043e	2017-05-21T15:29:25-05:00	Continued test cleanup
Tests/Functions/Private/ConvertTo-JiraEditMetaField.Unit.Tests.ps1	30	72	Oliver Lipkau	6c36cb7d8db2cc8538581a7de4bb3952c5c2119e	https://github.com/AtlassianPS/JiraPS/commit/6c36cb7d8db2cc8538581a7de4bb3952c5c2119e	2017-06-27T06:12:29+02:00	Enhance repo's environment (#147)
Tests/Functions/Private/ConvertTo-JiraEditMetaField.Unit.Tests.ps1	73	76	Joshua Taliaferro	f4343cae530e4540368d1aa7afdf45ca68ed043e	https://github.com/AtlassianPS/JiraPS/commit/f4343cae530e4540368d1aa7afdf45ca68ed043e	2017-05-21T15:29:25-05:00	Continued test cleanup
Tests/Functions/Private/ConvertTo-JiraFilter.Unit.Tests.ps1	17	17	Liam Leane	a2f3c9aa29256b32b0340150b097a41d4a3dccac	https://github.com/AtlassianPS/JiraPS/commit/a2f3c9aa29256b32b0340150b097a41d4a3dccac	2016-03-18T11:08:33-04:00	Switching to ConvertFrom-Json2
Tests/Functions/Private/ConvertTo-JiraFilter.Unit.Tests.ps1	19	35	Liam Leane	a2f3c9aa29256b32b0340150b097a41d4a3dccac	https://github.com/AtlassianPS/JiraPS/commit/a2f3c9aa29256b32b0340150b097a41d4a3dccac	2016-03-18T11:08:33-04:00	Switching to ConvertFrom-Json2
Tests/Functions/Private/ConvertTo-JiraFilter.Unit.Tests.ps1	37	57	Liam Leane	a2f3c9aa29256b32b0340150b097a41d4a3dccac	https://github.com/AtlassianPS/JiraPS/commit/a2f3c9aa29256b32b0340150b097a41d4a3dccac	2016-03-18T11:08:33-04:00	Switching to ConvertFrom-Json2
Tests/Functions/Private/ConvertTo-JiraFilter.Unit.Tests.ps1	58	60	Joshua Taliaferro	c39b68020598078bebd10818785e1dd65965eaa9	https://github.com/AtlassianPS/JiraPS/commit/c39b68020598078bebd10818785e1dd65965eaa9	2015-10-16T13:40:13-05:00	Created function ConvertTo-JiraFilter and related tests
Tests/Functions/Private/ConvertTo-JiraGroup.Unit.Tests.ps1	20	21	Joshua Taliaferro	1fe18c2b0233570050c1a01547727f9528e1e41c	https://github.com/AtlassianPS/JiraPS/commit/1fe18c2b0233570050c1a01547727f9528e1e41c	2015-08-05T16:01:54-05:00	Created Get-JiraGroup and associated internal functions.
Tests/Functions/Private/ConvertTo-JiraGroup.Unit.Tests.ps1	23	33	Joshua Taliaferro	1fe18c2b0233570050c1a01547727f9528e1e41c	https://github.com/AtlassianPS/JiraPS/commit/1fe18c2b0233570050c1a01547727f9528e1e41c	2015-08-05T16:01:54-05:00	Created Get-JiraGroup and associated internal functions.
Tests/Functions/Private/ConvertTo-JiraIssue.Unit.Tests.ps1	2	2	Joshua Taliaferro	fc8033525cdc03cfc927eef70f2eb25c3147b4db	https://github.com/AtlassianPS/JiraPS/commit/fc8033525cdc03cfc927eef70f2eb25c3147b4db	2017-05-21T15:19:27-05:00	Additional test cleanup
Tests/Functions/Private/ConvertTo-JiraIssue.Unit.Tests.ps1	5	5	Joshua Taliaferro	fc8033525cdc03cfc927eef70f2eb25c3147b4db	https://github.com/AtlassianPS/JiraPS/commit/fc8033525cdc03cfc927eef70f2eb25c3147b4db	2017-05-21T15:19:27-05:00	Additional test cleanup
Tests/Functions/Private/ConvertTo-JiraIssue.Unit.Tests.ps1	20	20	Joshua Taliaferro	fc8033525cdc03cfc927eef70f2eb25c3147b4db	https://github.com/AtlassianPS/JiraPS/commit/fc8033525cdc03cfc927eef70f2eb25c3147b4db	2017-05-21T15:19:27-05:00	Additional test cleanup
Tests/Functions/Private/ConvertTo-JiraIssue.Unit.Tests.ps1	26	26	Joshua Taliaferro	fc8033525cdc03cfc927eef70f2eb25c3147b4db	https://github.com/AtlassianPS/JiraPS/commit/fc8033525cdc03cfc927eef70f2eb25c3147b4db	2017-05-21T15:19:27-05:00	Additional test cleanup
Tests/Functions/Private/ConvertTo-JiraIssue.Unit.Tests.ps1	27	28	Oliver Lipkau	0fefa7edcd6c50f6d6618404fb3c77232af6a47b	https://github.com/AtlassianPS/JiraPS/commit/0fefa7edcd6c50f6d6618404fb3c77232af6a47b	2017-06-22T15:01:03+02:00	Test Attachment property in PSJira.Issue object
Tests/Functions/Private/ConvertTo-JiraIssue.Unit.Tests.ps1	30	66	Oliver Lipkau	0fefa7edcd6c50f6d6618404fb3c77232af6a47b	https://github.com/AtlassianPS/JiraPS/commit/0fefa7edcd6c50f6d6618404fb3c77232af6a47b	2017-06-22T15:01:03+02:00	Test Attachment property in PSJira.Issue object
Tests/Functions/Private/ConvertTo-JiraIssue.Unit.Tests.ps1	67	67	Joshua Taliaferro	fc8033525cdc03cfc927eef70f2eb25c3147b4db	https://github.com/AtlassianPS/JiraPS/commit/fc8033525cdc03cfc927eef70f2eb25c3147b4db	2017-05-21T15:19:27-05:00	Additional test cleanup
Tests/Functions/Private/ConvertTo-JiraIssue.Unit.Tests.ps1	68	90	Oliver Lipkau	0fefa7edcd6c50f6d6618404fb3c77232af6a47b	https://github.com/AtlassianPS/JiraPS/commit/0fefa7edcd6c50f6d6618404fb3c77232af6a47b	2017-06-22T15:01:03+02:00	Test Attachment property in PSJira.Issue object
Tests/Functions/Private/ConvertTo-JiraIssue.Unit.Tests.ps1	91	91	Joshua Taliaferro	fc8033525cdc03cfc927eef70f2eb25c3147b4db	https://github.com/AtlassianPS/JiraPS/commit/fc8033525cdc03cfc927eef70f2eb25c3147b4db	2017-05-21T15:19:27-05:00	Additional test cleanup
Tests/Functions/Private/ConvertTo-JiraIssue.Unit.Tests.ps1	92	95	Oliver Lipkau	0fefa7edcd6c50f6d6618404fb3c77232af6a47b	https://github.com/AtlassianPS/JiraPS/commit/0fefa7edcd6c50f6d6618404fb3c77232af6a47b	2017-06-22T15:01:03+02:00	Test Attachment property in PSJira.Issue object
Tests/Functions/Private/ConvertTo-JiraIssue.Unit.Tests.ps1	96	96	Joshua Taliaferro	fc8033525cdc03cfc927eef70f2eb25c3147b4db	https://github.com/AtlassianPS/JiraPS/commit/fc8033525cdc03cfc927eef70f2eb25c3147b4db	2017-05-21T15:19:27-05:00	Additional test cleanup
Tests/Functions/Private/ConvertTo-JiraIssue.Unit.Tests.ps1	97	99	Oliver Lipkau	0fefa7edcd6c50f6d6618404fb3c77232af6a47b	https://github.com/AtlassianPS/JiraPS/commit/0fefa7edcd6c50f6d6618404fb3c77232af6a47b	2017-06-22T15:01:03+02:00	Test Attachment property in PSJira.Issue object
Tests/Functions/Private/ConvertTo-JiraIssue.Unit.Tests.ps1	100	100	Joshua Taliaferro	fc8033525cdc03cfc927eef70f2eb25c3147b4db	https://github.com/AtlassianPS/JiraPS/commit/fc8033525cdc03cfc927eef70f2eb25c3147b4db	2017-05-21T15:19:27-05:00	Additional test cleanup
Tests/Functions/Private/ConvertTo-JiraIssue.Unit.Tests.ps1	101	112	Oliver Lipkau	0fefa7edcd6c50f6d6618404fb3c77232af6a47b	https://github.com/AtlassianPS/JiraPS/commit/0fefa7edcd6c50f6d6618404fb3c77232af6a47b	2017-06-22T15:01:03+02:00	Test Attachment property in PSJira.Issue object
Tests/Functions/Private/ConvertTo-JiraIssue.Unit.Tests.ps1	113	113	Joshua Taliaferro	fc8033525cdc03cfc927eef70f2eb25c3147b4db	https://github.com/AtlassianPS/JiraPS/commit/fc8033525cdc03cfc927eef70f2eb25c3147b4db	2017-05-21T15:19:27-05:00	Additional test cleanup
Tests/Functions/Private/ConvertTo-JiraIssue.Unit.Tests.ps1	114	117	Oliver Lipkau	0fefa7edcd6c50f6d6618404fb3c77232af6a47b	https://github.com/AtlassianPS/JiraPS/commit/0fefa7edcd6c50f6d6618404fb3c77232af6a47b	2017-06-22T15:01:03+02:00	Test Attachment property in PSJira.Issue object
Tests/Functions/Private/ConvertTo-JiraIssue.Unit.Tests.ps1	118	118	Joshua Taliaferro	fc8033525cdc03cfc927eef70f2eb25c3147b4db	https://github.com/AtlassianPS/JiraPS/commit/fc8033525cdc03cfc927eef70f2eb25c3147b4db	2017-05-21T15:19:27-05:00	Additional test cleanup
Tests/Functions/Private/ConvertTo-JiraIssue.Unit.Tests.ps1	119	119	Oliver Lipkau	0fefa7edcd6c50f6d6618404fb3c77232af6a47b	https://github.com/AtlassianPS/JiraPS/commit/0fefa7edcd6c50f6d6618404fb3c77232af6a47b	2017-06-22T15:01:03+02:00	Test Attachment property in PSJira.Issue object
Tests/Functions/Private/ConvertTo-JiraIssue.Unit.Tests.ps1	120	120	Joshua Taliaferro	fc8033525cdc03cfc927eef70f2eb25c3147b4db	https://github.com/AtlassianPS/JiraPS/commit/fc8033525cdc03cfc927eef70f2eb25c3147b4db	2017-05-21T15:19:27-05:00	Additional test cleanup
Tests/Functions/Private/ConvertTo-JiraIssue.Unit.Tests.ps1	121	121	Oliver Lipkau	0fefa7edcd6c50f6d6618404fb3c77232af6a47b	https://github.com/AtlassianPS/JiraPS/commit/0fefa7edcd6c50f6d6618404fb3c77232af6a47b	2017-06-22T15:01:03+02:00	Test Attachment property in PSJira.Issue object
Tests/Functions/Private/ConvertTo-JiraIssue.Unit.Tests.ps1	122	122	Joshua Taliaferro	fc8033525cdc03cfc927eef70f2eb25c3147b4db	https://github.com/AtlassianPS/JiraPS/commit/fc8033525cdc03cfc927eef70f2eb25c3147b4db	2017-05-21T15:19:27-05:00	Additional test cleanup
Tests/Functions/Private/ConvertTo-JiraIssue.Unit.Tests.ps1	123	125	Oliver Lipkau	0fefa7edcd6c50f6d6618404fb3c77232af6a47b	https://github.com/AtlassianPS/JiraPS/commit/0fefa7edcd6c50f6d6618404fb3c77232af6a47b	2017-06-22T15:01:03+02:00	Test Attachment property in PSJira.Issue object
Tests/Functions/Private/ConvertTo-JiraIssue.Unit.Tests.ps1	126	126	Joshua Taliaferro	fc8033525cdc03cfc927eef70f2eb25c3147b4db	https://github.com/AtlassianPS/JiraPS/commit/fc8033525cdc03cfc927eef70f2eb25c3147b4db	2017-05-21T15:19:27-05:00	Additional test cleanup
Tests/Functions/Private/ConvertTo-JiraIssue.Unit.Tests.ps1	127	130	Oliver Lipkau	0fefa7edcd6c50f6d6618404fb3c77232af6a47b	https://github.com/AtlassianPS/JiraPS/commit/0fefa7edcd6c50f6d6618404fb3c77232af6a47b	2017-06-22T15:01:03+02:00	Test Attachment property in PSJira.Issue object
Tests/Functions/Private/ConvertTo-JiraIssue.Unit.Tests.ps1	131	131	Joshua Taliaferro	fc8033525cdc03cfc927eef70f2eb25c3147b4db	https://github.com/AtlassianPS/JiraPS/commit/fc8033525cdc03cfc927eef70f2eb25c3147b4db	2017-05-21T15:19:27-05:00	Additional test cleanup
Tests/Functions/Private/ConvertTo-JiraIssue.Unit.Tests.ps1	132	135	Oliver Lipkau	0fefa7edcd6c50f6d6618404fb3c77232af6a47b	https://github.com/AtlassianPS/JiraPS/commit/0fefa7edcd6c50f6d6618404fb3c77232af6a47b	2017-06-22T15:01:03+02:00	Test Attachment property in PSJira.Issue object
Tests/Functions/Private/ConvertTo-JiraIssue.Unit.Tests.ps1	136	136	Joshua Taliaferro	fc8033525cdc03cfc927eef70f2eb25c3147b4db	https://github.com/AtlassianPS/JiraPS/commit/fc8033525cdc03cfc927eef70f2eb25c3147b4db	2017-05-21T15:19:27-05:00	Additional test cleanup
Tests/Functions/Private/ConvertTo-JiraIssue.Unit.Tests.ps1	137	141	Oliver Lipkau	0fefa7edcd6c50f6d6618404fb3c77232af6a47b	https://github.com/AtlassianPS/JiraPS/commit/0fefa7edcd6c50f6d6618404fb3c77232af6a47b	2017-06-22T15:01:03+02:00	Test Attachment property in PSJira.Issue object
Tests/Functions/Private/ConvertTo-JiraIssue.Unit.Tests.ps1	142	142	Joshua Taliaferro	fc8033525cdc03cfc927eef70f2eb25c3147b4db	https://github.com/AtlassianPS/JiraPS/commit/fc8033525cdc03cfc927eef70f2eb25c3147b4db	2017-05-21T15:19:27-05:00	Additional test cleanup
Tests/Functions/Private/ConvertTo-JiraIssue.Unit.Tests.ps1	143	150	Oliver Lipkau	0fefa7edcd6c50f6d6618404fb3c77232af6a47b	https://github.com/AtlassianPS/JiraPS/commit/0fefa7edcd6c50f6d6618404fb3c77232af6a47b	2017-06-22T15:01:03+02:00	Test Attachment property in PSJira.Issue object
Tests/Functions/Private/ConvertTo-JiraIssue.Unit.Tests.ps1	151	151	Joshua Taliaferro	fc8033525cdc03cfc927eef70f2eb25c3147b4db	https://github.com/AtlassianPS/JiraPS/commit/fc8033525cdc03cfc927eef70f2eb25c3147b4db	2017-05-21T15:19:27-05:00	Additional test cleanup
Tests/Functions/Private/ConvertTo-JiraIssue.Unit.Tests.ps1	152	169	Oliver Lipkau	0fefa7edcd6c50f6d6618404fb3c77232af6a47b	https://github.com/AtlassianPS/JiraPS/commit/0fefa7edcd6c50f6d6618404fb3c77232af6a47b	2017-06-22T15:01:03+02:00	Test Attachment property in PSJira.Issue object
Tests/Functions/Private/ConvertTo-JiraIssue.Unit.Tests.ps1	170	170	Joshua Taliaferro	fc8033525cdc03cfc927eef70f2eb25c3147b4db	https://github.com/AtlassianPS/JiraPS/commit/fc8033525cdc03cfc927eef70f2eb25c3147b4db	2017-05-21T15:19:27-05:00	Additional test cleanup
Tests/Functions/Private/ConvertTo-JiraIssue.Unit.Tests.ps1	171	174	Oliver Lipkau	0fefa7edcd6c50f6d6618404fb3c77232af6a47b	https://github.com/AtlassianPS/JiraPS/commit/0fefa7edcd6c50f6d6618404fb3c77232af6a47b	2017-06-22T15:01:03+02:00	Test Attachment property in PSJira.Issue object
Tests/Functions/Private/ConvertTo-JiraIssue.Unit.Tests.ps1	175	175	Joshua Taliaferro	fc8033525cdc03cfc927eef70f2eb25c3147b4db	https://github.com/AtlassianPS/JiraPS/commit/fc8033525cdc03cfc927eef70f2eb25c3147b4db	2017-05-21T15:19:27-05:00	Additional test cleanup
Tests/Functions/Private/ConvertTo-JiraIssue.Unit.Tests.ps1	176	181	Oliver Lipkau	0fefa7edcd6c50f6d6618404fb3c77232af6a47b	https://github.com/AtlassianPS/JiraPS/commit/0fefa7edcd6c50f6d6618404fb3c77232af6a47b	2017-06-22T15:01:03+02:00	Test Attachment property in PSJira.Issue object
Tests/Functions/Private/ConvertTo-JiraIssue.Unit.Tests.ps1	182	182	Joshua Taliaferro	fc8033525cdc03cfc927eef70f2eb25c3147b4db	https://github.com/AtlassianPS/JiraPS/commit/fc8033525cdc03cfc927eef70f2eb25c3147b4db	2017-05-21T15:19:27-05:00	Additional test cleanup
Tests/Functions/Private/ConvertTo-JiraIssue.Unit.Tests.ps1	183	190	Oliver Lipkau	0fefa7edcd6c50f6d6618404fb3c77232af6a47b	https://github.com/AtlassianPS/JiraPS/commit/0fefa7edcd6c50f6d6618404fb3c77232af6a47b	2017-06-22T15:01:03+02:00	Test Attachment property in PSJira.Issue object
Tests/Functions/Private/ConvertTo-JiraIssue.Unit.Tests.ps1	191	191	Joshua Taliaferro	fc8033525cdc03cfc927eef70f2eb25c3147b4db	https://github.com/AtlassianPS/JiraPS/commit/fc8033525cdc03cfc927eef70f2eb25c3147b4db	2017-05-21T15:19:27-05:00	Additional test cleanup
Tests/Functions/Private/ConvertTo-JiraIssue.Unit.Tests.ps1	192	237	Oliver Lipkau	0fefa7edcd6c50f6d6618404fb3c77232af6a47b	https://github.com/AtlassianPS/JiraPS/commit/0fefa7edcd6c50f6d6618404fb3c77232af6a47b	2017-06-22T15:01:03+02:00	Test Attachment property in PSJira.Issue object
Tests/Functions/Private/ConvertTo-JiraIssue.Unit.Tests.ps1	238	238	Joshua Taliaferro	fc8033525cdc03cfc927eef70f2eb25c3147b4db	https://github.com/AtlassianPS/JiraPS/commit/fc8033525cdc03cfc927eef70f2eb25c3147b4db	2017-05-21T15:19:27-05:00	Additional test cleanup
Tests/Functions/Private/ConvertTo-JiraIssue.Unit.Tests.ps1	239	853	Oliver Lipkau	0fefa7edcd6c50f6d6618404fb3c77232af6a47b	https://github.com/AtlassianPS/JiraPS/commit/0fefa7edcd6c50f6d6618404fb3c77232af6a47b	2017-06-22T15:01:03+02:00	Test Attachment property in PSJira.Issue object
Tests/Functions/Private/ConvertTo-JiraIssue.Unit.Tests.ps1	854	854	Joshua Taliaferro	fc8033525cdc03cfc927eef70f2eb25c3147b4db	https://github.com/AtlassianPS/JiraPS/commit/fc8033525cdc03cfc927eef70f2eb25c3147b4db	2017-05-21T15:19:27-05:00	Additional test cleanup
Tests/Functions/Private/ConvertTo-JiraIssue.Unit.Tests.ps1	855	871	Oliver Lipkau	0fefa7edcd6c50f6d6618404fb3c77232af6a47b	https://github.com/AtlassianPS/JiraPS/commit/0fefa7edcd6c50f6d6618404fb3c77232af6a47b	2017-06-22T15:01:03+02:00	Test Attachment property in PSJira.Issue object
Tests/Functions/Private/ConvertTo-JiraIssue.Unit.Tests.ps1	872	872	Joshua Taliaferro	fc8033525cdc03cfc927eef70f2eb25c3147b4db	https://github.com/AtlassianPS/JiraPS/commit/fc8033525cdc03cfc927eef70f2eb25c3147b4db	2017-05-21T15:19:27-05:00	Additional test cleanup
Tests/Functions/Private/ConvertTo-JiraIssue.Unit.Tests.ps1	873	873	Oliver Lipkau	0fefa7edcd6c50f6d6618404fb3c77232af6a47b	https://github.com/AtlassianPS/JiraPS/commit/0fefa7edcd6c50f6d6618404fb3c77232af6a47b	2017-06-22T15:01:03+02:00	Test Attachment property in PSJira.Issue object
Tests/Functions/Private/ConvertTo-JiraIssue.Unit.Tests.ps1	874	874	Joshua Taliaferro	fc8033525cdc03cfc927eef70f2eb25c3147b4db	https://github.com/AtlassianPS/JiraPS/commit/fc8033525cdc03cfc927eef70f2eb25c3147b4db	2017-05-21T15:19:27-05:00	Additional test cleanup
Tests/Functions/Private/ConvertTo-JiraIssue.Unit.Tests.ps1	875	875	Oliver Lipkau	0fefa7edcd6c50f6d6618404fb3c77232af6a47b	https://github.com/AtlassianPS/JiraPS/commit/0fefa7edcd6c50f6d6618404fb3c77232af6a47b	2017-06-22T15:01:03+02:00	Test Attachment property in PSJira.Issue object
Tests/Functions/Private/ConvertTo-JiraIssue.Unit.Tests.ps1	882	882	Joshua Taliaferro	fc8033525cdc03cfc927eef70f2eb25c3147b4db	https://github.com/AtlassianPS/JiraPS/commit/fc8033525cdc03cfc927eef70f2eb25c3147b4db	2017-05-21T15:19:27-05:00	Additional test cleanup
Tests/Functions/Private/ConvertTo-JiraIssue.Unit.Tests.ps1	888	888	Joshua Taliaferro	fc8033525cdc03cfc927eef70f2eb25c3147b4db	https://github.com/AtlassianPS/JiraPS/commit/fc8033525cdc03cfc927eef70f2eb25c3147b4db	2017-05-21T15:19:27-05:00	Additional test cleanup
Tests/Functions/Private/ConvertTo-JiraIssue.Unit.Tests.ps1	895	897	Joshua Taliaferro	fc8033525cdc03cfc927eef70f2eb25c3147b4db	https://github.com/AtlassianPS/JiraPS/commit/fc8033525cdc03cfc927eef70f2eb25c3147b4db	2017-05-21T15:19:27-05:00	Additional test cleanup
Tests/Functions/Private/ConvertTo-JiraIssue.Unit.Tests.ps1	901	902	Joshua Taliaferro	fc8033525cdc03cfc927eef70f2eb25c3147b4db	https://github.com/AtlassianPS/JiraPS/commit/fc8033525cdc03cfc927eef70f2eb25c3147b4db	2017-05-21T15:19:27-05:00	Additional test cleanup
Tests/Functions/Private/ConvertTo-JiraIssue.Unit.Tests.ps1	926	927	Joshua Taliaferro	fc8033525cdc03cfc927eef70f2eb25c3147b4db	https://github.com/AtlassianPS/JiraPS/commit/fc8033525cdc03cfc927eef70f2eb25c3147b4db	2017-05-21T15:19:27-05:00	Additional test cleanup
Tests/Functions/Private/ConvertTo-JiraIssue.Unit.Tests.ps1	1053	1054	Joshua Taliaferro	fc8033525cdc03cfc927eef70f2eb25c3147b4db	https://github.com/AtlassianPS/JiraPS/commit/fc8033525cdc03cfc927eef70f2eb25c3147b4db	2017-05-21T15:19:27-05:00	Additional test cleanup
Tests/Functions/Private/ConvertTo-JiraIssue.Unit.Tests.ps1	1059	1059	Oliver Lipkau	0fefa7edcd6c50f6d6618404fb3c77232af6a47b	https://github.com/AtlassianPS/JiraPS/commit/0fefa7edcd6c50f6d6618404fb3c77232af6a47b	2017-06-22T15:01:03+02:00	Test Attachment property in PSJira.Issue object
Tests/Functions/Private/ConvertTo-JiraIssue.Unit.Tests.ps1	1109	1109	Oliver Lipkau	0fefa7edcd6c50f6d6618404fb3c77232af6a47b	https://github.com/AtlassianPS/JiraPS/commit/0fefa7edcd6c50f6d6618404fb3c77232af6a47b	2017-06-22T15:01:03+02:00	Test Attachment property in PSJira.Issue object
Tests/Functions/Private/ConvertTo-JiraIssue.Unit.Tests.ps1	1110	1112	Joshua Taliaferro	fc8033525cdc03cfc927eef70f2eb25c3147b4db	https://github.com/AtlassianPS/JiraPS/commit/fc8033525cdc03cfc927eef70f2eb25c3147b4db	2017-05-21T15:19:27-05:00	Additional test cleanup
Tests/Functions/Private/ConvertTo-JiraIssueLink.Unit.Tests.ps1	22	37	Oliver Lipkau	6c36cb7d8db2cc8538581a7de4bb3952c5c2119e	https://github.com/AtlassianPS/JiraPS/commit/6c36cb7d8db2cc8538581a7de4bb3952c5c2119e	2017-06-27T06:12:29+02:00	Enhance repo's environment (#147)
Tests/Functions/Private/ConvertTo-JiraIssueLinkType.Unit.Tests.ps1	18	24	Oliver Lipkau	e23072e81bfe8d89a4eabb96915dc4f80c02f9f2	https://github.com/AtlassianPS/JiraPS/commit/e23072e81bfe8d89a4eabb96915dc4f80c02f9f2	2017-06-12T14:14:17+02:00	Update work to fit new Test schema
Tests/Functions/Private/ConvertTo-JiraIssueLinkType.Unit.Tests.ps1	26	31	Oliver Lipkau	e23072e81bfe8d89a4eabb96915dc4f80c02f9f2	https://github.com/AtlassianPS/JiraPS/commit/e23072e81bfe8d89a4eabb96915dc4f80c02f9f2	2017-06-12T14:14:17+02:00	Update work to fit new Test schema
Tests/Functions/Private/ConvertTo-JiraIssueLinkType.Unit.Tests.ps1	33	38	Oliver Lipkau	e23072e81bfe8d89a4eabb96915dc4f80c02f9f2	https://github.com/AtlassianPS/JiraPS/commit/e23072e81bfe8d89a4eabb96915dc4f80c02f9f2	2017-06-12T14:14:17+02:00	Update work to fit new Test schema
Tests/Functions/Private/ConvertTo-JiraIssueLinkType.Unit.Tests.ps1	40	45	Oliver Lipkau	e23072e81bfe8d89a4eabb96915dc4f80c02f9f2	https://github.com/AtlassianPS/JiraPS/commit/e23072e81bfe8d89a4eabb96915dc4f80c02f9f2	2017-06-12T14:14:17+02:00	Update work to fit new Test schema
Tests/Functions/Private/ConvertTo-JiraIssueLinkType.Unit.Tests.ps1	47	50	Oliver Lipkau	e23072e81bfe8d89a4eabb96915dc4f80c02f9f2	https://github.com/AtlassianPS/JiraPS/commit/e23072e81bfe8d89a4eabb96915dc4f80c02f9f2	2017-06-12T14:14:17+02:00	Update work to fit new Test schema
Tests/Functions/Private/ConvertTo-JiraIssueType.Unit.Tests.ps1	23	27	Joshua Taliaferro	c33b95778148439dadd643091cd7d72565036653	https://github.com/AtlassianPS/JiraPS/commit/c33b95778148439dadd643091cd7d72565036653	2015-07-08T14:51:09-05:00	Initial commit
Tests/Functions/Private/ConvertTo-JiraIssueType.Unit.Tests.ps1	28	28	Oliver Lipkau	6c36cb7d8db2cc8538581a7de4bb3952c5c2119e	https://github.com/AtlassianPS/JiraPS/commit/6c36cb7d8db2cc8538581a7de4bb3952c5c2119e	2017-06-27T06:12:29+02:00	Enhance repo's environment (#147)
Tests/Functions/Private/ConvertTo-JiraIssueType.Unit.Tests.ps1	29	29	Joshua Taliaferro	c33b95778148439dadd643091cd7d72565036653	https://github.com/AtlassianPS/JiraPS/commit/c33b95778148439dadd643091cd7d72565036653	2015-07-08T14:51:09-05:00	Initial commit
Tests/Functions/Private/ConvertTo-JiraLink.Unit.Tests.ps1	19	46	Oliver Lipkau	82c676a06801c559a8d103f7301e80b9d2d6e638	https://github.com/AtlassianPS/JiraPS/commit/82c676a06801c559a8d103f7301e80b9d2d6e638	2017-02-09T12:35:11+01:00	added ConvertTo-JiraLink & UnitTests
Tests/Functions/Private/ConvertTo-JiraPriority.Unit.Tests.ps1	21	28	Joshua Taliaferro	c33b95778148439dadd643091cd7d72565036653	https://github.com/AtlassianPS/JiraPS/commit/c33b95778148439dadd643091cd7d72565036653	2015-07-08T14:51:09-05:00	Initial commit
Tests/Functions/Private/ConvertTo-JiraProject.Unit.Tests.ps1	21	21	Joshua Taliaferro	c33b95778148439dadd643091cd7d72565036653	https://github.com/AtlassianPS/JiraPS/commit/c33b95778148439dadd643091cd7d72565036653	2015-07-08T14:51:09-05:00	Initial commit
Tests/Functions/Private/ConvertTo-JiraProject.Unit.Tests.ps1	23	26	Oliver Lipkau	6c36cb7d8db2cc8538581a7de4bb3952c5c2119e	https://github.com/AtlassianPS/JiraPS/commit/6c36cb7d8db2cc8538581a7de4bb3952c5c2119e	2017-06-27T06:12:29+02:00	Enhance repo's environment (#147)
Tests/Functions/Private/ConvertTo-JiraProject.Unit.Tests.ps1	40	40	Oliver Lipkau	6c36cb7d8db2cc8538581a7de4bb3952c5c2119e	https://github.com/AtlassianPS/JiraPS/commit/6c36cb7d8db2cc8538581a7de4bb3952c5c2119e	2017-06-27T06:12:29+02:00	Enhance repo's environment (#147)
Tests/Functions/Private/ConvertTo-JiraProject.Unit.Tests.ps1	56	61	Oliver Lipkau	6c36cb7d8db2cc8538581a7de4bb3952c5c2119e	https://github.com/AtlassianPS/JiraPS/commit/6c36cb7d8db2cc8538581a7de4bb3952c5c2119e	2017-06-27T06:12:29+02:00	Enhance repo's environment (#147)
Tests/Functions/Private/ConvertTo-JiraProject.Unit.Tests.ps1	62	63	Joshua Taliaferro	c33b95778148439dadd643091cd7d72565036653	https://github.com/AtlassianPS/JiraPS/commit/c33b95778148439dadd643091cd7d72565036653	2015-07-08T14:51:09-05:00	Initial commit
Tests/Functions/Private/ConvertTo-JiraServerInfo.Unit.Tests.ps1	18	29	Oliver Lipkau	a75f6e3fca292f6c1e2e7decb81b3e15aeba70f8	https://github.com/AtlassianPS/JiraPS/commit/a75f6e3fca292f6c1e2e7decb81b3e15aeba70f8	2017-09-27T13:01:47+02:00	Add Get-JiraServerInformation #187
Tests/Functions/Private/ConvertTo-JiraStatus.Unit.Tests.ps1	21	21	Joshua Taliaferro	c33b95778148439dadd643091cd7d72565036653	https://github.com/AtlassianPS/JiraPS/commit/c33b95778148439dadd643091cd7d72565036653	2015-07-08T14:51:09-05:00	Initial commit
Tests/Functions/Private/ConvertTo-JiraStatus.Unit.Tests.ps1	22	23	Oliver Lipkau	6c36cb7d8db2cc8538581a7de4bb3952c5c2119e	https://github.com/AtlassianPS/JiraPS/commit/6c36cb7d8db2cc8538581a7de4bb3952c5c2119e	2017-06-27T06:12:29+02:00	Enhance repo's environment (#147)
Tests/Functions/Private/ConvertTo-JiraStatus.Unit.Tests.ps1	24	24	Joshua Taliaferro	c33b95778148439dadd643091cd7d72565036653	https://github.com/AtlassianPS/JiraPS/commit/c33b95778148439dadd643091cd7d72565036653	2015-07-08T14:51:09-05:00	Initial commit
Tests/Functions/Private/ConvertTo-JiraStatus.Unit.Tests.ps1	25	26	Oliver Lipkau	6c36cb7d8db2cc8538581a7de4bb3952c5c2119e	https://github.com/AtlassianPS/JiraPS/commit/6c36cb7d8db2cc8538581a7de4bb3952c5c2119e	2017-06-27T06:12:29+02:00	Enhance repo's environment (#147)
Tests/Functions/Private/ConvertTo-JiraStatus.Unit.Tests.ps1	27	32	Joshua Taliaferro	c33b95778148439dadd643091cd7d72565036653	https://github.com/AtlassianPS/JiraPS/commit/c33b95778148439dadd643091cd7d72565036653	2015-07-08T14:51:09-05:00	Initial commit
Tests/Functions/Private/ConvertTo-JiraStatus.Unit.Tests.ps1	33	33	Joshua Taliaferro	cd2efd08154a359b4b30ca9ef7ca6e168a5f3791	https://github.com/AtlassianPS/JiraPS/commit/cd2efd08154a359b4b30ca9ef7ca6e168a5f3791	2015-09-03T22:15:26-05:00	Added InModuleScope to match other tests' scope
Tests/Functions/Private/ConvertTo-JiraStatus.Unit.Tests.ps1	34	35	Joshua Taliaferro	c33b95778148439dadd643091cd7d72565036653	https://github.com/AtlassianPS/JiraPS/commit/c33b95778148439dadd643091cd7d72565036653	2015-07-08T14:51:09-05:00	Initial commit
Tests/Functions/Private/ConvertTo-JiraTransition.Unit.Tests.ps1	8	8	Joshua Taliaferro	c33b95778148439dadd643091cd7d72565036653	https://github.com/AtlassianPS/JiraPS/commit/c33b95778148439dadd643091cd7d72565036653	2015-07-08T14:51:09-05:00	Initial commit
Tests/Functions/Private/ConvertTo-JiraTransition.Unit.Tests.ps1	25	25	Joshua Taliaferro	c33b95778148439dadd643091cd7d72565036653	https://github.com/AtlassianPS/JiraPS/commit/c33b95778148439dadd643091cd7d72565036653	2015-07-08T14:51:09-05:00	Initial commit
Tests/Functions/Private/ConvertTo-JiraTransition.Unit.Tests.ps1	26	28	Joshua Taliaferro	cd2efd08154a359b4b30ca9ef7ca6e168a5f3791	https://github.com/AtlassianPS/JiraPS/commit/cd2efd08154a359b4b30ca9ef7ca6e168a5f3791	2015-09-03T22:15:26-05:00	Added InModuleScope to match other tests' scope
Tests/Functions/Private/ConvertTo-JiraTransition.Unit.Tests.ps1	29	40	Oliver Lipkau	6c36cb7d8db2cc8538581a7de4bb3952c5c2119e	https://github.com/AtlassianPS/JiraPS/commit/6c36cb7d8db2cc8538581a7de4bb3952c5c2119e	2017-06-27T06:12:29+02:00	Enhance repo's environment (#147)
Tests/Functions/Private/ConvertTo-JiraTransition.Unit.Tests.ps1	41	43	Joshua Taliaferro	c33b95778148439dadd643091cd7d72565036653	https://github.com/AtlassianPS/JiraPS/commit/c33b95778148439dadd643091cd7d72565036653	2015-07-08T14:51:09-05:00	Initial commit
Tests/Functions/Private/ConvertTo-JiraUser.Unit.Tests.ps1	21	21	Joshua Taliaferro	c33b95778148439dadd643091cd7d72565036653	https://github.com/AtlassianPS/JiraPS/commit/c33b95778148439dadd643091cd7d72565036653	2015-07-08T14:51:09-05:00	Initial commit
Tests/Functions/Private/ConvertTo-JiraUser.Unit.Tests.ps1	22	62	Oliver Lipkau	a8c803726097b10a1dd504659519182a2896cb93	https://github.com/AtlassianPS/JiraPS/commit/a8c803726097b10a1dd504659519182a2896cb93	2017-10-04T09:00:21+02:00	Add missing properties to User
Tests/Functions/Private/ConvertTo-JiraUser.Unit.Tests.ps1	63	64	Joshua Taliaferro	c33b95778148439dadd643091cd7d72565036653	https://github.com/AtlassianPS/JiraPS/commit/c33b95778148439dadd643091cd7d72565036653	2015-07-08T14:51:09-05:00	Initial commit
Tests/Functions/Private/ConvertTo-JiraVersion.Unit.Tests.ps1	22	34	Oliver Lipkau	f3f8338aa40b13b1b2ee08313e847602b22fec67	https://github.com/AtlassianPS/JiraPS/commit/f3f8338aa40b13b1b2ee08313e847602b22fec67	2017-08-05T09:45:36+02:00	Release v2.2.0
Tests/Functions/Private/ConvertTo-JiraWorklogitem.Unit.Tests.ps1	27	27	Josh Knorr	c5176a6831bc5b2be28388061cff9abd1ee441c1	https://github.com/AtlassianPS/JiraPS/commit/c5176a6831bc5b2be28388061cff9abd1ee441c1	2017-02-23T15:51:16-08:00	Implemented ability to add worklog items to an issue.
Tests/Functions/Private/ConvertTo-JiraWorklogitem.Unit.Tests.ps1	28	30	Oliver Lipkau	6c36cb7d8db2cc8538581a7de4bb3952c5c2119e	https://github.com/AtlassianPS/JiraPS/commit/6c36cb7d8db2cc8538581a7de4bb3952c5c2119e	2017-06-27T06:12:29+02:00	Enhance repo's environment (#147)
Tests/Functions/Private/ConvertTo-JiraWorklogitem.Unit.Tests.ps1	31	32	Joshua Taliaferro	cd2efd08154a359b4b30ca9ef7ca6e168a5f3791	https://github.com/AtlassianPS/JiraPS/commit/cd2efd08154a359b4b30ca9ef7ca6e168a5f3791	2015-09-03T22:15:26-05:00	Added InModuleScope to match other tests' scope
Tests/Functions/Private/ConvertTo-JiraWorklogitem.Unit.Tests.ps1	33	47	Oliver Lipkau	6c36cb7d8db2cc8538581a7de4bb3952c5c2119e	https://github.com/AtlassianPS/JiraPS/commit/6c36cb7d8db2cc8538581a7de4bb3952c5c2119e	2017-06-27T06:12:29+02:00	Enhance repo's environment (#147)
Tests/Functions/Private/ConvertTo-JiraWorklogitem.Unit.Tests.ps1	48	48	Josh Knorr	c5176a6831bc5b2be28388061cff9abd1ee441c1	https://github.com/AtlassianPS/JiraPS/commit/c5176a6831bc5b2be28388061cff9abd1ee441c1	2017-02-23T15:51:16-08:00	Implemented ability to add worklog items to an issue.
Tests/Functions/Private/ConvertTo-JiraWorklogitem.Unit.Tests.ps1	49	61	Oliver Lipkau	6c36cb7d8db2cc8538581a7de4bb3952c5c2119e	https://github.com/AtlassianPS/JiraPS/commit/6c36cb7d8db2cc8538581a7de4bb3952c5c2119e	2017-06-27T06:12:29+02:00	Enhance repo's environment (#147)
Tests/Functions/Private/ConvertTo-JiraWorklogitem.Unit.Tests.ps1	62	63	Josh Knorr	c5176a6831bc5b2be28388061cff9abd1ee441c1	https://github.com/AtlassianPS/JiraPS/commit/c5176a6831bc5b2be28388061cff9abd1ee441c1	2017-02-23T15:51:16-08:00	Implemented ability to add worklog items to an issue.
Tests/Functions/Private/ConvertTo-JiraWorklogitem.Unit.Tests.ps1	175	176	Joshua Taliaferro	cd2efd08154a359b4b30ca9ef7ca6e168a5f3791	https://github.com/AtlassianPS/JiraPS/commit/cd2efd08154a359b4b30ca9ef7ca6e168a5f3791	2015-09-03T22:15:26-05:00	Added InModuleScope to match other tests' scope
Tests/Functions/Private/ConvertTo-JiraWorklogitem.Unit.Tests.ps1	177	178	Oliver Lipkau	6c36cb7d8db2cc8538581a7de4bb3952c5c2119e	https://github.com/AtlassianPS/JiraPS/commit/6c36cb7d8db2cc8538581a7de4bb3952c5c2119e	2017-06-27T06:12:29+02:00	Enhance repo's environment (#147)
Tests/Functions/Private/ConvertTo-JiraWorklogitem.Unit.Tests.ps1	191	191	Josh Knorr	c5176a6831bc5b2be28388061cff9abd1ee441c1	https://github.com/AtlassianPS/JiraPS/commit/c5176a6831bc5b2be28388061cff9abd1ee441c1	2017-02-23T15:51:16-08:00	Implemented ability to add worklog items to an issue.
Tests/Functions/Private/ConvertTo-JiraWorklogitem.Unit.Tests.ps1	192	193	Oliver Lipkau	6c36cb7d8db2cc8538581a7de4bb3952c5c2119e	https://github.com/AtlassianPS/JiraPS/commit/6c36cb7d8db2cc8538581a7de4bb3952c5c2119e	2017-06-27T06:12:29+02:00	Enhance repo's environment (#147)
Tests/Functions/Private/ConvertTo-JiraWorklogitem.Unit.Tests.ps1	195	196	Oliver Lipkau	6c36cb7d8db2cc8538581a7de4bb3952c5c2119e	https://github.com/AtlassianPS/JiraPS/commit/6c36cb7d8db2cc8538581a7de4bb3952c5c2119e	2017-06-27T06:12:29+02:00	Enhance repo's environment (#147)
Tests/Functions/Public/Add-JiraGroupMember.Unit.Tests.ps1	110	110	Joshua Taliaferro	08cb3241b75b5bb6ff1d26a5fa82a4a0a80fd754	https://github.com/AtlassianPS/JiraPS/commit/08cb3241b75b5bb6ff1d26a5fa82a4a0a80fd754	2015-09-15T23:37:24-05:00	Created function Remove-JiraGroupMember and tests
Tests/Functions/Public/Add-JiraGroupMember.Unit.Tests.ps1	121	122	Joshua Taliaferro	08cb3241b75b5bb6ff1d26a5fa82a4a0a80fd754	https://github.com/AtlassianPS/JiraPS/commit/08cb3241b75b5bb6ff1d26a5fa82a4a0a80fd754	2015-09-15T23:37:24-05:00	Created function Remove-JiraGroupMember and tests
Tests/Functions/Public/Add-JiraGroupMember.Unit.Tests.ps1	123	123	Oliver Lipkau	ed7513e37f3a05d04a2c1e1652e3ca28ded60347	https://github.com/AtlassianPS/JiraPS/commit/ed7513e37f3a05d04a2c1e1652e3ca28ded60347	2017-06-24T15:07:29+02:00	Rename module to new name `JiraPS`
Tests/Functions/Public/Add-JiraIssueAttachment.Unit.Tests.ps1	4	4	Joshua Taliaferro	c33b95778148439dadd643091cd7d72565036653	https://github.com/AtlassianPS/JiraPS/commit/c33b95778148439dadd643091cd7d72565036653	2015-07-08T14:51:09-05:00	Initial commit
Tests/Functions/Public/Add-JiraIssueComment.Unit.Tests.ps1	20	20	Joshua Taliaferro	c33b95778148439dadd643091cd7d72565036653	https://github.com/AtlassianPS/JiraPS/commit/c33b95778148439dadd643091cd7d72565036653	2015-07-08T14:51:09-05:00	Initial commit
Tests/Functions/Public/Add-JiraIssueComment.Unit.Tests.ps1	21	25	Joshua Taliaferro	1ef8b07967f979e24834ca393edca9ac125c00e4	https://github.com/AtlassianPS/JiraPS/commit/1ef8b07967f979e24834ca393edca9ac125c00e4	2017-05-21T17:51:11-05:00	Adjusted mock JSON definition
Tests/Functions/Public/Add-JiraIssueComment.Unit.Tests.ps1	26	27	Joshua Taliaferro	c33b95778148439dadd643091cd7d72565036653	https://github.com/AtlassianPS/JiraPS/commit/c33b95778148439dadd643091cd7d72565036653	2015-07-08T14:51:09-05:00	Initial commit
Tests/Functions/Public/Add-JiraIssueWorklog.Unit.Tests.ps1	24	24	Josh Knorr	c5176a6831bc5b2be28388061cff9abd1ee441c1	https://github.com/AtlassianPS/JiraPS/commit/c5176a6831bc5b2be28388061cff9abd1ee441c1	2017-02-23T15:51:16-08:00	Implemented ability to add worklog items to an issue.
Tests/Functions/Public/Add-JiraIssueWorklog.Unit.Tests.ps1	25	27	Oliver Lipkau	6c36cb7d8db2cc8538581a7de4bb3952c5c2119e	https://github.com/AtlassianPS/JiraPS/commit/6c36cb7d8db2cc8538581a7de4bb3952c5c2119e	2017-06-27T06:12:29+02:00	Enhance repo's environment (#147)
Tests/Functions/Public/Add-JiraIssueWorklog.Unit.Tests.ps1	28	29	Joshua Taliaferro	cd2efd08154a359b4b30ca9ef7ca6e168a5f3791	https://github.com/AtlassianPS/JiraPS/commit/cd2efd08154a359b4b30ca9ef7ca6e168a5f3791	2015-09-03T22:15:26-05:00	Added InModuleScope to match other tests' scope
Tests/Functions/Public/Add-JiraIssueWorklog.Unit.Tests.ps1	30	44	Oliver Lipkau	6c36cb7d8db2cc8538581a7de4bb3952c5c2119e	https://github.com/AtlassianPS/JiraPS/commit/6c36cb7d8db2cc8538581a7de4bb3952c5c2119e	2017-06-27T06:12:29+02:00	Enhance repo's environment (#147)
Tests/Functions/Public/Add-JiraIssueWorklog.Unit.Tests.ps1	45	45	Josh Knorr	c5176a6831bc5b2be28388061cff9abd1ee441c1	https://github.com/AtlassianPS/JiraPS/commit/c5176a6831bc5b2be28388061cff9abd1ee441c1	2017-02-23T15:51:16-08:00	Implemented ability to add worklog items to an issue.
Tests/Functions/Public/Add-JiraIssueWorklog.Unit.Tests.ps1	46	58	Oliver Lipkau	6c36cb7d8db2cc8538581a7de4bb3952c5c2119e	https://github.com/AtlassianPS/JiraPS/commit/6c36cb7d8db2cc8538581a7de4bb3952c5c2119e	2017-06-27T06:12:29+02:00	Enhance repo's environment (#147)
Tests/Functions/Public/Add-JiraIssueWorklog.Unit.Tests.ps1	59	60	Josh Knorr	c5176a6831bc5b2be28388061cff9abd1ee441c1	https://github.com/AtlassianPS/JiraPS/commit/c5176a6831bc5b2be28388061cff9abd1ee441c1	2017-02-23T15:51:16-08:00	Implemented ability to add worklog items to an issue.
Tests/Functions/Public/ConvertTo-JiraTable.Unit.Tests.ps1	27	29	Joshua Taliaferro	c33b95778148439dadd643091cd7d72565036653	https://github.com/AtlassianPS/JiraPS/commit/c33b95778148439dadd643091cd7d72565036653	2015-07-08T14:51:09-05:00	Initial commit
Tests/Functions/Public/ConvertTo-JiraTable.Unit.Tests.ps1	30	30	Joshua Taliaferro	316d9f567af7313caa065a5f717b3a0fb0256da9	https://github.com/AtlassianPS/JiraPS/commit/316d9f567af7313caa065a5f717b3a0fb0256da9	2015-09-17T22:24:48-05:00	Whitespace and newline cleanup
Tests/Functions/Public/ConvertTo-JiraTable.Unit.Tests.ps1	33	36	Joshua Taliaferro	c33b95778148439dadd643091cd7d72565036653	https://github.com/AtlassianPS/JiraPS/commit/c33b95778148439dadd643091cd7d72565036653	2015-07-08T14:51:09-05:00	Initial commit
Tests/Functions/Public/ConvertTo-JiraTable.Unit.Tests.ps1	37	37	Joshua Taliaferro	316d9f567af7313caa065a5f717b3a0fb0256da9	https://github.com/AtlassianPS/JiraPS/commit/316d9f567af7313caa065a5f717b3a0fb0256da9	2015-09-17T22:24:48-05:00	Whitespace and newline cleanup
Tests/Functions/Public/ConvertTo-JiraTable.Unit.Tests.ps1	40	44	Joshua Taliaferro	c33b95778148439dadd643091cd7d72565036653	https://github.com/AtlassianPS/JiraPS/commit/c33b95778148439dadd643091cd7d72565036653	2015-07-08T14:51:09-05:00	Initial commit
Tests/Functions/Public/ConvertTo-JiraTable.Unit.Tests.ps1	46	52	Joshua Taliaferro	c33b95778148439dadd643091cd7d72565036653	https://github.com/AtlassianPS/JiraPS/commit/c33b95778148439dadd643091cd7d72565036653	2015-07-08T14:51:09-05:00	Initial commit
Tests/Functions/Public/ConvertTo-JiraTable.Unit.Tests.ps1	53	53	Joshua Taliaferro	316d9f567af7313caa065a5f717b3a0fb0256da9	https://github.com/AtlassianPS/JiraPS/commit/316d9f567af7313caa065a5f717b3a0fb0256da9	2015-09-17T22:24:48-05:00	Whitespace and newline cleanup
Tests/Functions/Public/ConvertTo-JiraTable.Unit.Tests.ps1	56	58	Joshua Taliaferro	c33b95778148439dadd643091cd7d72565036653	https://github.com/AtlassianPS/JiraPS/commit/c33b95778148439dadd643091cd7d72565036653	2015-07-08T14:51:09-05:00	Initial commit
Tests/Functions/Public/ConvertTo-JiraTable.Unit.Tests.ps1	71	74	Joshua Taliaferro	c33b95778148439dadd643091cd7d72565036653	https://github.com/AtlassianPS/JiraPS/commit/c33b95778148439dadd643091cd7d72565036653	2015-07-08T14:51:09-05:00	Initial commit
Tests/Functions/Public/ConvertTo-JiraTable.Unit.Tests.ps1	77	77	Joshua Taliaferro	c33b95778148439dadd643091cd7d72565036653	https://github.com/AtlassianPS/JiraPS/commit/c33b95778148439dadd643091cd7d72565036653	2015-07-08T14:51:09-05:00	Initial commit
Tests/Functions/Public/ConvertTo-JiraTable.Unit.Tests.ps1	78	79	Joshua Taliaferro	04a42dd764e6379c0d92a9d75910c62c98086d7f	https://github.com/AtlassianPS/JiraPS/commit/04a42dd764e6379c0d92a9d75910c62c98086d7f	2015-08-05T09:34:59-05:00	Added default property behavior when -Property is not supplied
Tests/Functions/Public/ConvertTo-JiraTable.Unit.Tests.ps1	102	104	Joshua Taliaferro	04a42dd764e6379c0d92a9d75910c62c98086d7f	https://github.com/AtlassianPS/JiraPS/commit/04a42dd764e6379c0d92a9d75910c62c98086d7f	2015-08-05T09:34:59-05:00	Added default property behavior when -Property is not supplied
Tests/Functions/Public/ConvertTo-JiraTable.Unit.Tests.ps1	122	124	Joshua Taliaferro	04a42dd764e6379c0d92a9d75910c62c98086d7f	https://github.com/AtlassianPS/JiraPS/commit/04a42dd764e6379c0d92a9d75910c62c98086d7f	2015-08-05T09:34:59-05:00	Added default property behavior when -Property is not supplied
Tests/Functions/Public/Get-JiraComponent.Unit.Tests.ps1	25	25	Axel Gluth	ce3a6b73eb4aa82051663cdd870e9d60422e0057	https://github.com/AtlassianPS/JiraPS/commit/ce3a6b73eb4aa82051663cdd870e9d60422e0057	2017-01-03T07:33:45+01:00	Created functions Get-JiraComponent and ConvertTo-JiraComponent plus tests for both.
Tests/Functions/Public/Get-JiraComponent.Unit.Tests.ps1	26	39	Oliver Lipkau	6c36cb7d8db2cc8538581a7de4bb3952c5c2119e	https://github.com/AtlassianPS/JiraPS/commit/6c36cb7d8db2cc8538581a7de4bb3952c5c2119e	2017-06-27T06:12:29+02:00	Enhance repo's environment (#147)
Tests/Functions/Public/Get-JiraComponent.Unit.Tests.ps1	40	42	Axel Gluth	ce3a6b73eb4aa82051663cdd870e9d60422e0057	https://github.com/AtlassianPS/JiraPS/commit/ce3a6b73eb4aa82051663cdd870e9d60422e0057	2017-01-03T07:33:45+01:00	Created functions Get-JiraComponent and ConvertTo-JiraComponent plus tests for both.
Tests/Functions/Public/Get-JiraComponent.Unit.Tests.ps1	44	44	Axel Gluth	ce3a6b73eb4aa82051663cdd870e9d60422e0057	https://github.com/AtlassianPS/JiraPS/commit/ce3a6b73eb4aa82051663cdd870e9d60422e0057	2017-01-03T07:33:45+01:00	Created functions Get-JiraComponent and ConvertTo-JiraComponent plus tests for both.
Tests/Functions/Public/Get-JiraComponent.Unit.Tests.ps1	45	51	Oliver Lipkau	6c36cb7d8db2cc8538581a7de4bb3952c5c2119e	https://github.com/AtlassianPS/JiraPS/commit/6c36cb7d8db2cc8538581a7de4bb3952c5c2119e	2017-06-27T06:12:29+02:00	Enhance repo's environment (#147)
Tests/Functions/Public/Get-JiraComponent.Unit.Tests.ps1	52	53	Axel Gluth	ce3a6b73eb4aa82051663cdd870e9d60422e0057	https://github.com/AtlassianPS/JiraPS/commit/ce3a6b73eb4aa82051663cdd870e9d60422e0057	2017-01-03T07:33:45+01:00	Created functions Get-JiraComponent and ConvertTo-JiraComponent plus tests for both.
Tests/Functions/Public/Get-JiraField.Unit.Tests.ps1	20	143	Joshua Taliaferro	5156e8bacc1c17a7723094da6cbadc2fb0d59885	https://github.com/AtlassianPS/JiraPS/commit/5156e8bacc1c17a7723094da6cbadc2fb0d59885	2017-05-21T16:40:47-05:00	Continued test cleanup again
Tests/Functions/Public/Get-JiraFilter.Unit.Tests.ps1	20	22	Joshua Taliaferro	95ebe41348e10f941f1c8f9cc4e82ed8d3192d8b	https://github.com/AtlassianPS/JiraPS/commit/95ebe41348e10f941f1c8f9cc4e82ed8d3192d8b	2016-08-20T22:14:29-05:00	Refactored into Public and Internal directories.
Tests/Functions/Public/Get-JiraFilter.Unit.Tests.ps1	24	26	Liam Leane	a2f3c9aa29256b32b0340150b097a41d4a3dccac	https://github.com/AtlassianPS/JiraPS/commit/a2f3c9aa29256b32b0340150b097a41d4a3dccac	2016-03-18T11:08:33-04:00	Switching to ConvertFrom-Json2
Tests/Functions/Public/Get-JiraFilter.Unit.Tests.ps1	31	35	Liam Leane	a2f3c9aa29256b32b0340150b097a41d4a3dccac	https://github.com/AtlassianPS/JiraPS/commit/a2f3c9aa29256b32b0340150b097a41d4a3dccac	2016-03-18T11:08:33-04:00	Switching to ConvertFrom-Json2
Tests/Functions/Public/Get-JiraFilter.Unit.Tests.ps1	38	58	Liam Leane	a2f3c9aa29256b32b0340150b097a41d4a3dccac	https://github.com/AtlassianPS/JiraPS/commit/a2f3c9aa29256b32b0340150b097a41d4a3dccac	2016-03-18T11:08:33-04:00	Switching to ConvertFrom-Json2
Tests/Functions/Public/Get-JiraFilter.Unit.Tests.ps1	59	59	Joshua Taliaferro	c39b68020598078bebd10818785e1dd65965eaa9	https://github.com/AtlassianPS/JiraPS/commit/c39b68020598078bebd10818785e1dd65965eaa9	2015-10-16T13:40:13-05:00	Created function ConvertTo-JiraFilter and related tests
Tests/Functions/Public/Get-JiraGroup.Unit.Tests.ps1	27	34	Oliver Lipkau	6c36cb7d8db2cc8538581a7de4bb3952c5c2119e	https://github.com/AtlassianPS/JiraPS/commit/6c36cb7d8db2cc8538581a7de4bb3952c5c2119e	2017-06-27T06:12:29+02:00	Enhance repo's environment (#147)
Tests/Functions/Public/Get-JiraGroup.Unit.Tests.ps1	35	36	Joshua Taliaferro	95ebe41348e10f941f1c8f9cc4e82ed8d3192d8b	https://github.com/AtlassianPS/JiraPS/commit/95ebe41348e10f941f1c8f9cc4e82ed8d3192d8b	2016-08-20T22:14:29-05:00	Refactored into Public and Internal directories.
Tests/Functions/Public/Get-JiraIssue.Unit.Tests.ps1	18	18	Joshua Taliaferro	c33b95778148439dadd643091cd7d72565036653	https://github.com/AtlassianPS/JiraPS/commit/c33b95778148439dadd643091cd7d72565036653	2015-07-08T14:51:09-05:00	Initial commit
Tests/Functions/Public/Get-JiraIssue.Unit.Tests.ps1	19	23	Joshua Taliaferro	dd452904fe0b8c19490728cc7f740a49fb12816a	https://github.com/AtlassianPS/JiraPS/commit/dd452904fe0b8c19490728cc7f740a49fb12816a	2015-12-02T14:16:27-06:00	Added -StartIndex and -PageSize parameters.
Tests/Functions/Public/Get-JiraIssue.Unit.Tests.ps1	24	24	Joshua Taliaferro	c33b95778148439dadd643091cd7d72565036653	https://github.com/AtlassianPS/JiraPS/commit/c33b95778148439dadd643091cd7d72565036653	2015-07-08T14:51:09-05:00	Initial commit
Tests/Functions/Public/Get-JiraIssue.Unit.Tests.ps1	25	28	Joshua Taliaferro	dd452904fe0b8c19490728cc7f740a49fb12816a	https://github.com/AtlassianPS/JiraPS/commit/dd452904fe0b8c19490728cc7f740a49fb12816a	2015-12-02T14:16:27-06:00	Added -StartIndex and -PageSize parameters.
Tests/Functions/Public/Get-JiraIssue.Unit.Tests.ps1	29	29	Joshua Taliaferro	c33b95778148439dadd643091cd7d72565036653	https://github.com/AtlassianPS/JiraPS/commit/c33b95778148439dadd643091cd7d72565036653	2015-07-08T14:51:09-05:00	Initial commit
Tests/Functions/Public/Get-JiraIssue.Unit.Tests.ps1	30	30	Joshua Taliaferro	dd452904fe0b8c19490728cc7f740a49fb12816a	https://github.com/AtlassianPS/JiraPS/commit/dd452904fe0b8c19490728cc7f740a49fb12816a	2015-12-02T14:16:27-06:00	Added -StartIndex and -PageSize parameters.
Tests/Functions/Public/Get-JiraIssue.Unit.Tests.ps1	31	31	Joshua Taliaferro	c33b95778148439dadd643091cd7d72565036653	https://github.com/AtlassianPS/JiraPS/commit/c33b95778148439dadd643091cd7d72565036653	2015-07-08T14:51:09-05:00	Initial commit
Tests/Functions/Public/Get-JiraIssue.Unit.Tests.ps1	32	32	Joshua Taliaferro	dd452904fe0b8c19490728cc7f740a49fb12816a	https://github.com/AtlassianPS/JiraPS/commit/dd452904fe0b8c19490728cc7f740a49fb12816a	2015-12-02T14:16:27-06:00	Added -StartIndex and -PageSize parameters.
Tests/Functions/Public/Get-JiraIssueComment.Unit.Tests.ps1	20	20	Joshua Taliaferro	c33b95778148439dadd643091cd7d72565036653	https://github.com/AtlassianPS/JiraPS/commit/c33b95778148439dadd643091cd7d72565036653	2015-07-08T14:51:09-05:00	Initial commit
Tests/Functions/Public/Get-JiraIssueComment.Unit.Tests.ps1	21	36	Oliver Lipkau	6c36cb7d8db2cc8538581a7de4bb3952c5c2119e	https://github.com/AtlassianPS/JiraPS/commit/6c36cb7d8db2cc8538581a7de4bb3952c5c2119e	2017-06-27T06:12:29+02:00	Enhance repo's environment (#147)
Tests/Functions/Public/Get-JiraIssueComment.Unit.Tests.ps1	37	38	Joshua Taliaferro	c33b95778148439dadd643091cd7d72565036653	https://github.com/AtlassianPS/JiraPS/commit/c33b95778148439dadd643091cd7d72565036653	2015-07-08T14:51:09-05:00	Initial commit
Tests/Functions/Public/Get-JiraIssueCreateMetadata.Unit.Tests.ps1	2	2	Joshua Taliaferro	95ebe41348e10f941f1c8f9cc4e82ed8d3192d8b	https://github.com/AtlassianPS/JiraPS/commit/95ebe41348e10f941f1c8f9cc4e82ed8d3192d8b	2016-08-20T22:14:29-05:00	Refactored into Public and Internal directories.
Tests/Functions/Public/Get-JiraIssueCreateMetadata.Unit.Tests.ps1	20	20	Joshua Taliaferro	95ebe41348e10f941f1c8f9cc4e82ed8d3192d8b	https://github.com/AtlassianPS/JiraPS/commit/95ebe41348e10f941f1c8f9cc4e82ed8d3192d8b	2016-08-20T22:14:29-05:00	Refactored into Public and Internal directories.
Tests/Functions/Public/Get-JiraIssueCreateMetadata.Unit.Tests.ps1	78	78	Joshua Taliaferro	95ebe41348e10f941f1c8f9cc4e82ed8d3192d8b	https://github.com/AtlassianPS/JiraPS/commit/95ebe41348e10f941f1c8f9cc4e82ed8d3192d8b	2016-08-20T22:14:29-05:00	Refactored into Public and Internal directories.
Tests/Functions/Public/Get-JiraIssueCreateMetadata.Unit.Tests.ps1	81	81	Joshua Taliaferro	95ebe41348e10f941f1c8f9cc4e82ed8d3192d8b	https://github.com/AtlassianPS/JiraPS/commit/95ebe41348e10f941f1c8f9cc4e82ed8d3192d8b	2016-08-20T22:14:29-05:00	Refactored into Public and Internal directories.
Tests/Functions/Public/Get-JiraIssueCreateMetadata.Unit.Tests.ps1	101	101	Joshua Taliaferro	95ebe41348e10f941f1c8f9cc4e82ed8d3192d8b	https://github.com/AtlassianPS/JiraPS/commit/95ebe41348e10f941f1c8f9cc4e82ed8d3192d8b	2016-08-20T22:14:29-05:00	Refactored into Public and Internal directories.
Tests/Functions/Public/Get-JiraIssueCreateMetadata.Unit.Tests.ps1	264	266	Joshua Taliaferro	95ebe41348e10f941f1c8f9cc4e82ed8d3192d8b	https://github.com/AtlassianPS/JiraPS/commit/95ebe41348e10f941f1c8f9cc4e82ed8d3192d8b	2016-08-20T22:14:29-05:00	Refactored into Public and Internal directories.
Tests/Functions/Public/Get-JiraIssueEditMetadata.Unit.Tests.ps1	2	2	Joshua Taliaferro	e5afe87c5479092a522862763bfa127dca1da7e4	https://github.com/AtlassianPS/JiraPS/commit/e5afe87c5479092a522862763bfa127dca1da7e4	2017-05-21T16:59:23-05:00	Completed test cleanup
Tests/Functions/Public/Get-JiraIssueEditMetadata.Unit.Tests.ps1	20	20	Joshua Taliaferro	e5afe87c5479092a522862763bfa127dca1da7e4	https://github.com/AtlassianPS/JiraPS/commit/e5afe87c5479092a522862763bfa127dca1da7e4	2017-05-21T16:59:23-05:00	Completed test cleanup
Tests/Functions/Public/Get-JiraIssueEditMetadata.Unit.Tests.ps1	21	42	Oliver Lipkau	6c36cb7d8db2cc8538581a7de4bb3952c5c2119e	https://github.com/AtlassianPS/JiraPS/commit/6c36cb7d8db2cc8538581a7de4bb3952c5c2119e	2017-06-27T06:12:29+02:00	Enhance repo's environment (#147)
Tests/Functions/Public/Get-JiraIssueEditMetadata.Unit.Tests.ps1	51	74	Oliver Lipkau	6c36cb7d8db2cc8538581a7de4bb3952c5c2119e	https://github.com/AtlassianPS/JiraPS/commit/6c36cb7d8db2cc8538581a7de4bb3952c5c2119e	2017-06-27T06:12:29+02:00	Enhance repo's environment (#147)
Tests/Functions/Public/Get-JiraIssueEditMetadata.Unit.Tests.ps1	85	85	Oliver Lipkau	6c36cb7d8db2cc8538581a7de4bb3952c5c2119e	https://github.com/AtlassianPS/JiraPS/commit/6c36cb7d8db2cc8538581a7de4bb3952c5c2119e	2017-06-27T06:12:29+02:00	Enhance repo's environment (#147)
Tests/Functions/Public/Get-JiraIssueEditMetadata.Unit.Tests.ps1	87	94	Oliver Lipkau	6c36cb7d8db2cc8538581a7de4bb3952c5c2119e	https://github.com/AtlassianPS/JiraPS/commit/6c36cb7d8db2cc8538581a7de4bb3952c5c2119e	2017-06-27T06:12:29+02:00	Enhance repo's environment (#147)
Tests/Functions/Public/Get-JiraIssueEditMetadata.Unit.Tests.ps1	96	107	Oliver Lipkau	6c36cb7d8db2cc8538581a7de4bb3952c5c2119e	https://github.com/AtlassianPS/JiraPS/commit/6c36cb7d8db2cc8538581a7de4bb3952c5c2119e	2017-06-27T06:12:29+02:00	Enhance repo's environment (#147)
Tests/Functions/Public/Get-JiraIssueEditMetadata.Unit.Tests.ps1	109	124	Oliver Lipkau	6c36cb7d8db2cc8538581a7de4bb3952c5c2119e	https://github.com/AtlassianPS/JiraPS/commit/6c36cb7d8db2cc8538581a7de4bb3952c5c2119e	2017-06-27T06:12:29+02:00	Enhance repo's environment (#147)
Tests/Functions/Public/Get-JiraIssueEditMetadata.Unit.Tests.ps1	128	131	Oliver Lipkau	6c36cb7d8db2cc8538581a7de4bb3952c5c2119e	https://github.com/AtlassianPS/JiraPS/commit/6c36cb7d8db2cc8538581a7de4bb3952c5c2119e	2017-06-27T06:12:29+02:00	Enhance repo's environment (#147)
Tests/Functions/Public/Get-JiraIssueEditMetadata.Unit.Tests.ps1	134	137	Oliver Lipkau	6c36cb7d8db2cc8538581a7de4bb3952c5c2119e	https://github.com/AtlassianPS/JiraPS/commit/6c36cb7d8db2cc8538581a7de4bb3952c5c2119e	2017-06-27T06:12:29+02:00	Enhance repo's environment (#147)
Tests/Functions/Public/Get-JiraIssueEditMetadata.Unit.Tests.ps1	140	143	Oliver Lipkau	6c36cb7d8db2cc8538581a7de4bb3952c5c2119e	https://github.com/AtlassianPS/JiraPS/commit/6c36cb7d8db2cc8538581a7de4bb3952c5c2119e	2017-06-27T06:12:29+02:00	Enhance repo's environment (#147)
Tests/Functions/Public/Get-JiraIssueEditMetadata.Unit.Tests.ps1	146	149	Oliver Lipkau	6c36cb7d8db2cc8538581a7de4bb3952c5c2119e	https://github.com/AtlassianPS/JiraPS/commit/6c36cb7d8db2cc8538581a7de4bb3952c5c2119e	2017-06-27T06:12:29+02:00	Enhance repo's environment (#147)
Tests/Functions/Public/Get-JiraIssueEditMetadata.Unit.Tests.ps1	152	164	Oliver Lipkau	6c36cb7d8db2cc8538581a7de4bb3952c5c2119e	https://github.com/AtlassianPS/JiraPS/commit/6c36cb7d8db2cc8538581a7de4bb3952c5c2119e	2017-06-27T06:12:29+02:00	Enhance repo's environment (#147)
Tests/Functions/Public/Get-JiraIssueEditMetadata.Unit.Tests.ps1	166	171	Oliver Lipkau	6c36cb7d8db2cc8538581a7de4bb3952c5c2119e	https://github.com/AtlassianPS/JiraPS/commit/6c36cb7d8db2cc8538581a7de4bb3952c5c2119e	2017-06-27T06:12:29+02:00	Enhance repo's environment (#147)
Tests/Functions/Public/Get-JiraIssueEditMetadata.Unit.Tests.ps1	172	174	Joshua Taliaferro	e5afe87c5479092a522862763bfa127dca1da7e4	https://github.com/AtlassianPS/JiraPS/commit/e5afe87c5479092a522862763bfa127dca1da7e4	2017-05-21T16:59:23-05:00	Completed test cleanup
Tests/Functions/Public/Get-JiraIssueEditMetadata.Unit.Tests.ps1	177	177	Joshua Taliaferro	e5afe87c5479092a522862763bfa127dca1da7e4	https://github.com/AtlassianPS/JiraPS/commit/e5afe87c5479092a522862763bfa127dca1da7e4	2017-05-21T16:59:23-05:00	Completed test cleanup
Tests/Functions/Public/Get-JiraIssueEditMetadata.Unit.Tests.ps1	182	182	Joshua Taliaferro	e5afe87c5479092a522862763bfa127dca1da7e4	https://github.com/AtlassianPS/JiraPS/commit/e5afe87c5479092a522862763bfa127dca1da7e4	2017-05-21T16:59:23-05:00	Completed test cleanup
Tests/Functions/Public/Get-JiraIssueEditMetadata.Unit.Tests.ps1	192	192	Joshua Taliaferro	e5afe87c5479092a522862763bfa127dca1da7e4	https://github.com/AtlassianPS/JiraPS/commit/e5afe87c5479092a522862763bfa127dca1da7e4	2017-05-21T16:59:23-05:00	Completed test cleanup
Tests/Functions/Public/Get-JiraIssueEditMetadata.Unit.Tests.ps1	271	272	Joshua Taliaferro	e5afe87c5479092a522862763bfa127dca1da7e4	https://github.com/AtlassianPS/JiraPS/commit/e5afe87c5479092a522862763bfa127dca1da7e4	2017-05-21T16:59:23-05:00	Completed test cleanup
Tests/Functions/Public/Get-JiraIssueEditMetadata.Unit.Tests.ps1	280	280	Joshua Taliaferro	e5afe87c5479092a522862763bfa127dca1da7e4	https://github.com/AtlassianPS/JiraPS/commit/e5afe87c5479092a522862763bfa127dca1da7e4	2017-05-21T16:59:23-05:00	Completed test cleanup
Tests/Functions/Public/Get-JiraIssueLink.Unit.Tests.ps1	21	28	Oliver Lipkau	6c36cb7d8db2cc8538581a7de4bb3952c5c2119e	https://github.com/AtlassianPS/JiraPS/commit/6c36cb7d8db2cc8538581a7de4bb3952c5c2119e	2017-06-27T06:12:29+02:00	Enhance repo's environment (#147)
Tests/Functions/Public/Get-JiraIssueLinkType.Unit.Tests.ps1	32	32	Joshua Taliaferro	75ba2d623c2184811df73b205c8743266dd5636a	https://github.com/AtlassianPS/JiraPS/commit/75ba2d623c2184811df73b205c8743266dd5636a	2016-09-01T21:51:03-05:00	Created function Get-JiraIssueLinkType
Tests/Functions/Public/Get-JiraIssueLinkType.Unit.Tests.ps1	33	33	Oliver Lipkau	bbb4377b69aa6a726bd9c122fe28e2a0278ff68a	https://github.com/AtlassianPS/JiraPS/commit/bbb4377b69aa6a726bd9c122fe28e2a0278ff68a	2017-06-25T16:41:50+02:00	Rename module in PRs since last major release
Tests/Functions/Public/Get-JiraIssueType.Unit.Tests.ps1	20	20	Joshua Taliaferro	c33b95778148439dadd643091cd7d72565036653	https://github.com/AtlassianPS/JiraPS/commit/c33b95778148439dadd643091cd7d72565036653	2015-07-08T14:51:09-05:00	Initial commit
Tests/Functions/Public/Get-JiraIssueType.Unit.Tests.ps1	21	21	Oliver Lipkau	6c36cb7d8db2cc8538581a7de4bb3952c5c2119e	https://github.com/AtlassianPS/JiraPS/commit/6c36cb7d8db2cc8538581a7de4bb3952c5c2119e	2017-06-27T06:12:29+02:00	Enhance repo's environment (#147)
Tests/Functions/Public/Get-JiraIssueType.Unit.Tests.ps1	23	29	Oliver Lipkau	6c36cb7d8db2cc8538581a7de4bb3952c5c2119e	https://github.com/AtlassianPS/JiraPS/commit/6c36cb7d8db2cc8538581a7de4bb3952c5c2119e	2017-06-27T06:12:29+02:00	Enhance repo's environment (#147)
Tests/Functions/Public/Get-JiraIssueType.Unit.Tests.ps1	31	37	Oliver Lipkau	6c36cb7d8db2cc8538581a7de4bb3952c5c2119e	https://github.com/AtlassianPS/JiraPS/commit/6c36cb7d8db2cc8538581a7de4bb3952c5c2119e	2017-06-27T06:12:29+02:00	Enhance repo's environment (#147)
Tests/Functions/Public/Get-JiraIssueType.Unit.Tests.ps1	39	45	Oliver Lipkau	6c36cb7d8db2cc8538581a7de4bb3952c5c2119e	https://github.com/AtlassianPS/JiraPS/commit/6c36cb7d8db2cc8538581a7de4bb3952c5c2119e	2017-06-27T06:12:29+02:00	Enhance repo's environment (#147)
Tests/Functions/Public/Get-JiraIssueType.Unit.Tests.ps1	47	53	Oliver Lipkau	6c36cb7d8db2cc8538581a7de4bb3952c5c2119e	https://github.com/AtlassianPS/JiraPS/commit/6c36cb7d8db2cc8538581a7de4bb3952c5c2119e	2017-06-27T06:12:29+02:00	Enhance repo's environment (#147)
Tests/Functions/Public/Get-JiraIssueType.Unit.Tests.ps1	55	61	Oliver Lipkau	6c36cb7d8db2cc8538581a7de4bb3952c5c2119e	https://github.com/AtlassianPS/JiraPS/commit/6c36cb7d8db2cc8538581a7de4bb3952c5c2119e	2017-06-27T06:12:29+02:00	Enhance repo's environment (#147)
Tests/Functions/Public/Get-JiraIssueType.Unit.Tests.ps1	63	69	Oliver Lipkau	6c36cb7d8db2cc8538581a7de4bb3952c5c2119e	https://github.com/AtlassianPS/JiraPS/commit/6c36cb7d8db2cc8538581a7de4bb3952c5c2119e	2017-06-27T06:12:29+02:00	Enhance repo's environment (#147)
Tests/Functions/Public/Get-JiraIssueType.Unit.Tests.ps1	71	77	Oliver Lipkau	6c36cb7d8db2cc8538581a7de4bb3952c5c2119e	https://github.com/AtlassianPS/JiraPS/commit/6c36cb7d8db2cc8538581a7de4bb3952c5c2119e	2017-06-27T06:12:29+02:00	Enhance repo's environment (#147)
Tests/Functions/Public/Get-JiraIssueType.Unit.Tests.ps1	79	84	Oliver Lipkau	6c36cb7d8db2cc8538581a7de4bb3952c5c2119e	https://github.com/AtlassianPS/JiraPS/commit/6c36cb7d8db2cc8538581a7de4bb3952c5c2119e	2017-06-27T06:12:29+02:00	Enhance repo's environment (#147)
Tests/Functions/Public/Get-JiraIssueType.Unit.Tests.ps1	85	86	Joshua Taliaferro	c33b95778148439dadd643091cd7d72565036653	https://github.com/AtlassianPS/JiraPS/commit/c33b95778148439dadd643091cd7d72565036653	2015-07-08T14:51:09-05:00	Initial commit
Tests/Functions/Public/Get-JiraIssueWatcher.Unit.Tests.ps1	23	23	Eugene Bekker	ba55220e71bc7f14a3eeee9c730b5aed6aee60e9	https://github.com/AtlassianPS/JiraPS/commit/ba55220e71bc7f14a3eeee9c730b5aed6aee60e9	2017-01-24T15:59:24-05:00	Adds support for listing and managing issue watchers
Tests/Functions/Public/Get-JiraIssueWatcher.Unit.Tests.ps1	24	24	Eugene Bekker	cea951d8086ffaea284acce7f7e17b51787eb8fe	https://github.com/AtlassianPS/JiraPS/commit/cea951d8086ffaea284acce7f7e17b51787eb8fe	2017-01-24T16:49:59-05:00	Fixing unit tests
Tests/Functions/Public/Get-JiraIssueWatcher.Unit.Tests.ps1	25	28	Eugene Bekker	ba55220e71bc7f14a3eeee9c730b5aed6aee60e9	https://github.com/AtlassianPS/JiraPS/commit/ba55220e71bc7f14a3eeee9c730b5aed6aee60e9	2017-01-24T15:59:24-05:00	Adds support for listing and managing issue watchers
Tests/Functions/Public/Get-JiraIssueWatcher.Unit.Tests.ps1	29	29	Eugene Bekker	cea951d8086ffaea284acce7f7e17b51787eb8fe	https://github.com/AtlassianPS/JiraPS/commit/cea951d8086ffaea284acce7f7e17b51787eb8fe	2017-01-24T16:49:59-05:00	Fixing unit tests
Tests/Functions/Public/Get-JiraIssueWatcher.Unit.Tests.ps1	30	36	Eugene Bekker	ba55220e71bc7f14a3eeee9c730b5aed6aee60e9	https://github.com/AtlassianPS/JiraPS/commit/ba55220e71bc7f14a3eeee9c730b5aed6aee60e9	2017-01-24T15:59:24-05:00	Adds support for listing and managing issue watchers
Tests/Functions/Public/Get-JiraIssueWorklog.Unit.Tests.ps1	29	33	Oliver Lipkau	6c36cb7d8db2cc8538581a7de4bb3952c5c2119e	https://github.com/AtlassianPS/JiraPS/commit/6c36cb7d8db2cc8538581a7de4bb3952c5c2119e	2017-06-27T06:12:29+02:00	Enhance repo's environment (#147)
Tests/Functions/Public/Get-JiraPriority.Unit.Tests.ps1	18	18	Joshua Taliaferro	c33b95778148439dadd643091cd7d72565036653	https://github.com/AtlassianPS/JiraPS/commit/c33b95778148439dadd643091cd7d72565036653	2015-07-08T14:51:09-05:00	Initial commit
Tests/Functions/Public/Get-JiraPriority.Unit.Tests.ps1	19	53	Oliver Lipkau	6c36cb7d8db2cc8538581a7de4bb3952c5c2119e	https://github.com/AtlassianPS/JiraPS/commit/6c36cb7d8db2cc8538581a7de4bb3952c5c2119e	2017-06-27T06:12:29+02:00	Enhance repo's environment (#147)
Tests/Functions/Public/Get-JiraPriority.Unit.Tests.ps1	54	56	Joshua Taliaferro	c33b95778148439dadd643091cd7d72565036653	https://github.com/AtlassianPS/JiraPS/commit/c33b95778148439dadd643091cd7d72565036653	2015-07-08T14:51:09-05:00	Initial commit
Tests/Functions/Public/Get-JiraPriority.Unit.Tests.ps1	58	63	Joshua Taliaferro	c33b95778148439dadd643091cd7d72565036653	https://github.com/AtlassianPS/JiraPS/commit/c33b95778148439dadd643091cd7d72565036653	2015-07-08T14:51:09-05:00	Initial commit
Tests/Functions/Public/Get-JiraPriority.Unit.Tests.ps1	64	64	Oliver Lipkau	6c36cb7d8db2cc8538581a7de4bb3952c5c2119e	https://github.com/AtlassianPS/JiraPS/commit/6c36cb7d8db2cc8538581a7de4bb3952c5c2119e	2017-06-27T06:12:29+02:00	Enhance repo's environment (#147)
Tests/Functions/Public/Get-JiraPriority.Unit.Tests.ps1	65	65	Joshua Taliaferro	c33b95778148439dadd643091cd7d72565036653	https://github.com/AtlassianPS/JiraPS/commit/c33b95778148439dadd643091cd7d72565036653	2015-07-08T14:51:09-05:00	Initial commit
Tests/Functions/Public/Get-JiraProject.Unit.Tests.ps1	24	24	Joshua Taliaferro	c33b95778148439dadd643091cd7d72565036653	https://github.com/AtlassianPS/JiraPS/commit/c33b95778148439dadd643091cd7d72565036653	2015-07-08T14:51:09-05:00	Initial commit
Tests/Functions/Public/Get-JiraProject.Unit.Tests.ps1	25	31	Oliver Lipkau	6c36cb7d8db2cc8538581a7de4bb3952c5c2119e	https://github.com/AtlassianPS/JiraPS/commit/6c36cb7d8db2cc8538581a7de4bb3952c5c2119e	2017-06-27T06:12:29+02:00	Enhance repo's environment (#147)
Tests/Functions/Public/Get-JiraProject.Unit.Tests.ps1	32	34	Joshua Taliaferro	e5afe87c5479092a522862763bfa127dca1da7e4	https://github.com/AtlassianPS/JiraPS/commit/e5afe87c5479092a522862763bfa127dca1da7e4	2017-05-21T16:59:23-05:00	Completed test cleanup
Tests/Functions/Public/Get-JiraProject.Unit.Tests.ps1	35	43	Oliver Lipkau	6c36cb7d8db2cc8538581a7de4bb3952c5c2119e	https://github.com/AtlassianPS/JiraPS/commit/6c36cb7d8db2cc8538581a7de4bb3952c5c2119e	2017-06-27T06:12:29+02:00	Enhance repo's environment (#147)
Tests/Functions/Public/Get-JiraProject.Unit.Tests.ps1	44	46	Joshua Taliaferro	e5afe87c5479092a522862763bfa127dca1da7e4	https://github.com/AtlassianPS/JiraPS/commit/e5afe87c5479092a522862763bfa127dca1da7e4	2017-05-21T16:59:23-05:00	Completed test cleanup
Tests/Functions/Public/Get-JiraProject.Unit.Tests.ps1	47	47	Oliver Lipkau	6c36cb7d8db2cc8538581a7de4bb3952c5c2119e	https://github.com/AtlassianPS/JiraPS/commit/6c36cb7d8db2cc8538581a7de4bb3952c5c2119e	2017-06-27T06:12:29+02:00	Enhance repo's environment (#147)
Tests/Functions/Public/Get-JiraProject.Unit.Tests.ps1	48	51	Joshua Taliaferro	c33b95778148439dadd643091cd7d72565036653	https://github.com/AtlassianPS/JiraPS/commit/c33b95778148439dadd643091cd7d72565036653	2015-07-08T14:51:09-05:00	Initial commit
Tests/Functions/Public/Get-JiraProject.Unit.Tests.ps1	53	53	Joshua Taliaferro	c33b95778148439dadd643091cd7d72565036653	https://github.com/AtlassianPS/JiraPS/commit/c33b95778148439dadd643091cd7d72565036653	2015-07-08T14:51:09-05:00	Initial commit
Tests/Functions/Public/Get-JiraProject.Unit.Tests.ps1	54	60	Oliver Lipkau	6c36cb7d8db2cc8538581a7de4bb3952c5c2119e	https://github.com/AtlassianPS/JiraPS/commit/6c36cb7d8db2cc8538581a7de4bb3952c5c2119e	2017-06-27T06:12:29+02:00	Enhance repo's environment (#147)
Tests/Functions/Public/Get-JiraProject.Unit.Tests.ps1	61	63	Joshua Taliaferro	e5afe87c5479092a522862763bfa127dca1da7e4	https://github.com/AtlassianPS/JiraPS/commit/e5afe87c5479092a522862763bfa127dca1da7e4	2017-05-21T16:59:23-05:00	Completed test cleanup
Tests/Functions/Public/Get-JiraProject.Unit.Tests.ps1	64	64	Oliver Lipkau	6c36cb7d8db2cc8538581a7de4bb3952c5c2119e	https://github.com/AtlassianPS/JiraPS/commit/6c36cb7d8db2cc8538581a7de4bb3952c5c2119e	2017-06-27T06:12:29+02:00	Enhance repo's environment (#147)
Tests/Functions/Public/Get-JiraProject.Unit.Tests.ps1	65	67	Joshua Taliaferro	c33b95778148439dadd643091cd7d72565036653	https://github.com/AtlassianPS/JiraPS/commit/c33b95778148439dadd643091cd7d72565036653	2015-07-08T14:51:09-05:00	Initial commit
Tests/Functions/Public/Get-JiraRemoteLink.Unit.Tests.ps1	19	20	Oliver Lipkau	6c36cb7d8db2cc8538581a7de4bb3952c5c2119e	https://github.com/AtlassianPS/JiraPS/commit/6c36cb7d8db2cc8538581a7de4bb3952c5c2119e	2017-06-27T06:12:29+02:00	Enhance repo's environment (#147)
Tests/Functions/Public/Get-JiraRemoteLink.Unit.Tests.ps1	22	35	Oliver Lipkau	6c36cb7d8db2cc8538581a7de4bb3952c5c2119e	https://github.com/AtlassianPS/JiraPS/commit/6c36cb7d8db2cc8538581a7de4bb3952c5c2119e	2017-06-27T06:12:29+02:00	Enhance repo's environment (#147)
Tests/Functions/Public/Get-JiraRemoteLink.Unit.Tests.ps1	36	36	Oliver Lipkau	809b63528b1281f6336bc20efa559156793f52b2	https://github.com/AtlassianPS/JiraPS/commit/809b63528b1281f6336bc20efa559156793f52b2	2017-02-09T13:33:57+01:00	added UnitTests for Get-JiraRemoteLink
Tests/Functions/Public/Get-JiraRemoteLink.Unit.Tests.ps1	37	37	Oliver Lipkau	6c36cb7d8db2cc8538581a7de4bb3952c5c2119e	https://github.com/AtlassianPS/JiraPS/commit/6c36cb7d8db2cc8538581a7de4bb3952c5c2119e	2017-06-27T06:12:29+02:00	Enhance repo's environment (#147)
Tests/Functions/Public/Get-JiraRemoteLink.Unit.Tests.ps1	38	38	Oliver Lipkau	809b63528b1281f6336bc20efa559156793f52b2	https://github.com/AtlassianPS/JiraPS/commit/809b63528b1281f6336bc20efa559156793f52b2	2017-02-09T13:33:57+01:00	added UnitTests for Get-JiraRemoteLink
Tests/Functions/Public/Get-JiraServerInformation.Unit.Tests.ps1	19	30	Oliver Lipkau	a75f6e3fca292f6c1e2e7decb81b3e15aeba70f8	https://github.com/AtlassianPS/JiraPS/commit/a75f6e3fca292f6c1e2e7decb81b3e15aeba70f8	2017-09-27T13:01:47+02:00	Add Get-JiraServerInformation #187
Tests/Functions/Public/Get-JiraUser.Unit.Tests.ps1	22	22	Joshua Taliaferro	95ebe41348e10f941f1c8f9cc4e82ed8d3192d8b	https://github.com/AtlassianPS/JiraPS/commit/95ebe41348e10f941f1c8f9cc4e82ed8d3192d8b	2016-08-20T22:14:29-05:00	Refactored into Public and Internal directories.
Tests/Functions/Public/Get-JiraUser.Unit.Tests.ps1	23	30	Oliver Lipkau	6c36cb7d8db2cc8538581a7de4bb3952c5c2119e	https://github.com/AtlassianPS/JiraPS/commit/6c36cb7d8db2cc8538581a7de4bb3952c5c2119e	2017-06-27T06:12:29+02:00	Enhance repo's environment (#147)
Tests/Functions/Public/Get-JiraUser.Unit.Tests.ps1	31	33	Joshua Taliaferro	95ebe41348e10f941f1c8f9cc4e82ed8d3192d8b	https://github.com/AtlassianPS/JiraPS/commit/95ebe41348e10f941f1c8f9cc4e82ed8d3192d8b	2016-08-20T22:14:29-05:00	Refactored into Public and Internal directories.
Tests/Functions/Public/Get-JiraUser.Unit.Tests.ps1	36	36	Joshua Taliaferro	95ebe41348e10f941f1c8f9cc4e82ed8d3192d8b	https://github.com/AtlassianPS/JiraPS/commit/95ebe41348e10f941f1c8f9cc4e82ed8d3192d8b	2016-08-20T22:14:29-05:00	Refactored into Public and Internal directories.
Tests/Functions/Public/Get-JiraUser.Unit.Tests.ps1	37	39	Joshua Taliaferro	c33b95778148439dadd643091cd7d72565036653	https://github.com/AtlassianPS/JiraPS/commit/c33b95778148439dadd643091cd7d72565036653	2015-07-08T14:51:09-05:00	Initial commit
Tests/Functions/Public/Get-JiraUser.Unit.Tests.ps1	40	40	Joshua Taliaferro	7c1085719394d3f496edd08c8fa9cf970827683a	https://github.com/AtlassianPS/JiraPS/commit/7c1085719394d3f496edd08c8fa9cf970827683a	2015-08-05T14:47:52-05:00	Modified Get-JiraUser to return user group information.
Tests/Functions/Public/Get-JiraUser.Unit.Tests.ps1	41	41	Joshua Taliaferro	95ebe41348e10f941f1c8f9cc4e82ed8d3192d8b	https://github.com/AtlassianPS/JiraPS/commit/95ebe41348e10f941f1c8f9cc4e82ed8d3192d8b	2016-08-20T22:14:29-05:00	Refactored into Public and Internal directories.
Tests/Functions/Public/Get-JiraUser.Unit.Tests.ps1	42	43	Oliver Lipkau	6c36cb7d8db2cc8538581a7de4bb3952c5c2119e	https://github.com/AtlassianPS/JiraPS/commit/6c36cb7d8db2cc8538581a7de4bb3952c5c2119e	2017-06-27T06:12:29+02:00	Enhance repo's environment (#147)
Tests/Functions/Public/Get-JiraUser.Unit.Tests.ps1	45	56	Oliver Lipkau	6c36cb7d8db2cc8538581a7de4bb3952c5c2119e	https://github.com/AtlassianPS/JiraPS/commit/6c36cb7d8db2cc8538581a7de4bb3952c5c2119e	2017-06-27T06:12:29+02:00	Enhance repo's environment (#147)
Tests/Functions/Public/Get-JiraUser.Unit.Tests.ps1	57	58	Joshua Taliaferro	95ebe41348e10f941f1c8f9cc4e82ed8d3192d8b	https://github.com/AtlassianPS/JiraPS/commit/95ebe41348e10f941f1c8f9cc4e82ed8d3192d8b	2016-08-20T22:14:29-05:00	Refactored into Public and Internal directories.
Tests/Functions/Public/Get-JiraVersion.Unit.Tests.ps1	40	40	Oliver Lipkau	f3f8338aa40b13b1b2ee08313e847602b22fec67	https://github.com/AtlassianPS/JiraPS/commit/f3f8338aa40b13b1b2ee08313e847602b22fec67	2017-08-05T09:45:36+02:00	Release v2.2.0
Tests/Functions/Public/Get-JiraVersion.Unit.Tests.ps1	42	49	Oliver Lipkau	f3f8338aa40b13b1b2ee08313e847602b22fec67	https://github.com/AtlassianPS/JiraPS/commit/f3f8338aa40b13b1b2ee08313e847602b22fec67	2017-08-05T09:45:36+02:00	Release v2.2.0
Tests/Functions/Public/Get-JiraVersion.Unit.Tests.ps1	51	51	Oliver Lipkau	f3f8338aa40b13b1b2ee08313e847602b22fec67	https://github.com/AtlassianPS/JiraPS/commit/f3f8338aa40b13b1b2ee08313e847602b22fec67	2017-08-05T09:45:36+02:00	Release v2.2.0
Tests/Functions/Public/Get-JiraVersion.Unit.Tests.ps1	53	60	Oliver Lipkau	f3f8338aa40b13b1b2ee08313e847602b22fec67	https://github.com/AtlassianPS/JiraPS/commit/f3f8338aa40b13b1b2ee08313e847602b22fec67	2017-08-05T09:45:36+02:00	Release v2.2.0
Tests/Functions/Public/Get-JiraVersion.Unit.Tests.ps1	62	63	Oliver Lipkau	f3f8338aa40b13b1b2ee08313e847602b22fec67	https://github.com/AtlassianPS/JiraPS/commit/f3f8338aa40b13b1b2ee08313e847602b22fec67	2017-08-05T09:45:36+02:00	Release v2.2.0
Tests/Functions/Public/Get-JiraVersion.Unit.Tests.ps1	65	72	Oliver Lipkau	f3f8338aa40b13b1b2ee08313e847602b22fec67	https://github.com/AtlassianPS/JiraPS/commit/f3f8338aa40b13b1b2ee08313e847602b22fec67	2017-08-05T09:45:36+02:00	Release v2.2.0
Tests/Functions/Public/Get-JiraVersion.Unit.Tests.ps1	74	81	Oliver Lipkau	f3f8338aa40b13b1b2ee08313e847602b22fec67	https://github.com/AtlassianPS/JiraPS/commit/f3f8338aa40b13b1b2ee08313e847602b22fec67	2017-08-05T09:45:36+02:00	Release v2.2.0
Tests/Functions/Public/Get-JiraVersion.Unit.Tests.ps1	83	83	Oliver Lipkau	f3f8338aa40b13b1b2ee08313e847602b22fec67	https://github.com/AtlassianPS/JiraPS/commit/f3f8338aa40b13b1b2ee08313e847602b22fec67	2017-08-05T09:45:36+02:00	Release v2.2.0
Tests/Functions/Public/Get-JiraVersion.Unit.Tests.ps1	86	89	Oliver Lipkau	f3f8338aa40b13b1b2ee08313e847602b22fec67	https://github.com/AtlassianPS/JiraPS/commit/f3f8338aa40b13b1b2ee08313e847602b22fec67	2017-08-05T09:45:36+02:00	Release v2.2.0
Tests/Functions/Public/Get-JiraVersion.Unit.Tests.ps1	91	91	Oliver Lipkau	f3f8338aa40b13b1b2ee08313e847602b22fec67	https://github.com/AtlassianPS/JiraPS/commit/f3f8338aa40b13b1b2ee08313e847602b22fec67	2017-08-05T09:45:36+02:00	Release v2.2.0
Tests/Functions/Public/Invoke-JiraMethod.Unit.Tests.ps1	5	5	Joshua Taliaferro	c33b95778148439dadd643091cd7d72565036653	https://github.com/AtlassianPS/JiraPS/commit/c33b95778148439dadd643091cd7d72565036653	2015-07-08T14:51:09-05:00	Initial commit
Tests/Functions/Public/Invoke-JiraMethod.Unit.Tests.ps1	8	8	Joshua Taliaferro	07197486faee343ef2a918b1c6fc354edbfd8207	https://github.com/AtlassianPS/JiraPS/commit/07197486faee343ef2a918b1c6fc354edbfd8207	2015-09-17T22:39:38-05:00	Corrected incorrect merge from branch master.
Tests/Functions/Public/Invoke-JiraMethod.Unit.Tests.ps1	155	155	Joshua Taliaferro	07197486faee343ef2a918b1c6fc354edbfd8207	https://github.com/AtlassianPS/JiraPS/commit/07197486faee343ef2a918b1c6fc354edbfd8207	2015-09-17T22:39:38-05:00	Corrected incorrect merge from branch master.
Tests/Functions/Public/Invoke-JiraMethod.Unit.Tests.ps1	160	160	Joshua Taliaferro	d129c5dcd0bf8f771829fa61ba04317625180461	https://github.com/AtlassianPS/JiraPS/commit/d129c5dcd0bf8f771829fa61ba04317625180461	2015-09-17T22:41:44-05:00	Corrected style
Tests/Functions/Public/Invoke-JiraMethod.Unit.Tests.ps1	187	187	Joshua Taliaferro	316d9f567af7313caa065a5f717b3a0fb0256da9	https://github.com/AtlassianPS/JiraPS/commit/316d9f567af7313caa065a5f717b3a0fb0256da9	2015-09-17T22:24:48-05:00	Whitespace and newline cleanup
Tests/Functions/Public/Invoke-JiraMethod.Unit.Tests.ps1	191	192	Joshua Taliaferro	07197486faee343ef2a918b1c6fc354edbfd8207	https://github.com/AtlassianPS/JiraPS/commit/07197486faee343ef2a918b1c6fc354edbfd8207	2015-09-17T22:39:38-05:00	Corrected incorrect merge from branch master.
Tests/Functions/Public/Invoke-JiraMethod.Unit.Tests.ps1	196	196	Joshua Taliaferro	d129c5dcd0bf8f771829fa61ba04317625180461	https://github.com/AtlassianPS/JiraPS/commit/d129c5dcd0bf8f771829fa61ba04317625180461	2015-09-17T22:41:44-05:00	Corrected style
Tests/Functions/Public/Invoke-JiraMethod.Unit.Tests.ps1	203	203	Joshua Taliaferro	07197486faee343ef2a918b1c6fc354edbfd8207	https://github.com/AtlassianPS/JiraPS/commit/07197486faee343ef2a918b1c6fc354edbfd8207	2015-09-17T22:39:38-05:00	Corrected incorrect merge from branch master.
Tests/Functions/Public/Invoke-JiraMethod.Unit.Tests.ps1	205	206	Joshua Taliaferro	07197486faee343ef2a918b1c6fc354edbfd8207	https://github.com/AtlassianPS/JiraPS/commit/07197486faee343ef2a918b1c6fc354edbfd8207	2015-09-17T22:39:38-05:00	Corrected incorrect merge from branch master.
Tests/Functions/Public/Invoke-JiraMethod.Unit.Tests.ps1	211	212	Joshua Taliaferro	07197486faee343ef2a918b1c6fc354edbfd8207	https://github.com/AtlassianPS/JiraPS/commit/07197486faee343ef2a918b1c6fc354edbfd8207	2015-09-17T22:39:38-05:00	Corrected incorrect merge from branch master.
Tests/Functions/Public/Invoke-JiraMethod.Unit.Tests.ps1	217	218	Joshua Taliaferro	57b0dfa0c6e2efc8d4b6a0254cbb59a3c64d74cc	https://github.com/AtlassianPS/JiraPS/commit/57b0dfa0c6e2efc8d4b6a0254cbb59a3c64d74cc	2016-08-31T20:26:44-05:00	Added -UseBasicParsing
Tests/Functions/Public/Invoke-JiraMethod.Unit.Tests.ps1	243	243	Joshua Taliaferro	d129c5dcd0bf8f771829fa61ba04317625180461	https://github.com/AtlassianPS/JiraPS/commit/d129c5dcd0bf8f771829fa61ba04317625180461	2015-09-17T22:41:44-05:00	Corrected style
Tests/Functions/Public/Invoke-JiraMethod.Unit.Tests.ps1	302	302	Joshua Taliaferro	d129c5dcd0bf8f771829fa61ba04317625180461	https://github.com/AtlassianPS/JiraPS/commit/d129c5dcd0bf8f771829fa61ba04317625180461	2015-09-17T22:41:44-05:00	Corrected style
Tests/Functions/Public/Invoke-JiraMethod.Unit.Tests.ps1	321	321	Joshua Taliaferro	d129c5dcd0bf8f771829fa61ba04317625180461	https://github.com/AtlassianPS/JiraPS/commit/d129c5dcd0bf8f771829fa61ba04317625180461	2015-09-17T22:41:44-05:00	Corrected style
Tests/Functions/Public/Invoke-JiraMethod.Unit.Tests.ps1	324	325	Joshua Taliaferro	07197486faee343ef2a918b1c6fc354edbfd8207	https://github.com/AtlassianPS/JiraPS/commit/07197486faee343ef2a918b1c6fc354edbfd8207	2015-09-17T22:39:38-05:00	Corrected incorrect merge from branch master.
Tests/Functions/Public/Invoke-JiraMethod.Unit.Tests.ps1	330	330	Joshua Taliaferro	d129c5dcd0bf8f771829fa61ba04317625180461	https://github.com/AtlassianPS/JiraPS/commit/d129c5dcd0bf8f771829fa61ba04317625180461	2015-09-17T22:41:44-05:00	Corrected style
Tests/Functions/Public/Invoke-JiraMethod.Unit.Tests.ps1	333	333	Joshua Taliaferro	07197486faee343ef2a918b1c6fc354edbfd8207	https://github.com/AtlassianPS/JiraPS/commit/07197486faee343ef2a918b1c6fc354edbfd8207	2015-09-17T22:39:38-05:00	Corrected incorrect merge from branch master.
Tests/Functions/Public/Invoke-JiraMethod.Unit.Tests.ps1	360	360	Oliver Lipkau	6c36cb7d8db2cc8538581a7de4bb3952c5c2119e	https://github.com/AtlassianPS/JiraPS/commit/6c36cb7d8db2cc8538581a7de4bb3952c5c2119e	2017-06-27T06:12:29+02:00	Enhance repo's environment (#147)
Tests/Functions/Public/Invoke-JiraMethod.Unit.Tests.ps1	370	370	Oliver Lipkau	6c36cb7d8db2cc8538581a7de4bb3952c5c2119e	https://github.com/AtlassianPS/JiraPS/commit/6c36cb7d8db2cc8538581a7de4bb3952c5c2119e	2017-06-27T06:12:29+02:00	Enhance repo's environment (#147)
Tests/Functions/Public/Invoke-JiraMethod.Unit.Tests.ps1	374	374	Oliver Lipkau	6c36cb7d8db2cc8538581a7de4bb3952c5c2119e	https://github.com/AtlassianPS/JiraPS/commit/6c36cb7d8db2cc8538581a7de4bb3952c5c2119e	2017-06-27T06:12:29+02:00	Enhance repo's environment (#147)
Tests/Functions/Public/Invoke-JiraMethod.Unit.Tests.ps1	376	376	Oliver Lipkau	6c36cb7d8db2cc8538581a7de4bb3952c5c2119e	https://github.com/AtlassianPS/JiraPS/commit/6c36cb7d8db2cc8538581a7de4bb3952c5c2119e	2017-06-27T06:12:29+02:00	Enhance repo's environment (#147)
Tests/Functions/Public/Invoke-JiraMethod.Unit.Tests.ps1	399	399	Joshua Taliaferro	c33b95778148439dadd643091cd7d72565036653	https://github.com/AtlassianPS/JiraPS/commit/c33b95778148439dadd643091cd7d72565036653	2015-07-08T14:51:09-05:00	Initial commit
Tests/Functions/Public/Invoke-JiraMethod.Unit.Tests.ps1	841	841	Oliver Lipkau	6c36cb7d8db2cc8538581a7de4bb3952c5c2119e	https://github.com/AtlassianPS/JiraPS/commit/6c36cb7d8db2cc8538581a7de4bb3952c5c2119e	2017-06-27T06:12:29+02:00	Enhance repo's environment (#147)
Tests/Functions/Public/Invoke-JiraMethod.Unit.Tests.ps1	847	847	Joshua Taliaferro	66d5290a14db4f91fa93ccbdfd0fede23bf0c3a9	https://github.com/AtlassianPS/JiraPS/commit/66d5290a14db4f91fa93ccbdfd0fede23bf0c3a9	2015-11-23T13:55:48-06:00	Updated test mocks to return the .Content property.
Tests/Functions/Public/Invoke-JiraMethod.Unit.Tests.ps1	857	857	Joshua Taliaferro	07197486faee343ef2a918b1c6fc354edbfd8207	https://github.com/AtlassianPS/JiraPS/commit/07197486faee343ef2a918b1c6fc354edbfd8207	2015-09-17T22:39:38-05:00	Corrected incorrect merge from branch master.
Tests/Functions/Public/Invoke-JiraMethod.Unit.Tests.ps1	860	860	Joshua Taliaferro	c33b95778148439dadd643091cd7d72565036653	https://github.com/AtlassianPS/JiraPS/commit/c33b95778148439dadd643091cd7d72565036653	2015-07-08T14:51:09-05:00	Initial commit
Tests/Functions/Public/Invoke-JiraMethod.Unit.Tests.ps1	867	867	Joshua Taliaferro	07197486faee343ef2a918b1c6fc354edbfd8207	https://github.com/AtlassianPS/JiraPS/commit/07197486faee343ef2a918b1c6fc354edbfd8207	2015-09-17T22:39:38-05:00	Corrected incorrect merge from branch master.
Tests/Functions/Public/Invoke-JiraMethod.Unit.Tests.ps1	876	876	Joshua Taliaferro	07197486faee343ef2a918b1c6fc354edbfd8207	https://github.com/AtlassianPS/JiraPS/commit/07197486faee343ef2a918b1c6fc354edbfd8207	2015-09-17T22:39:38-05:00	Corrected incorrect merge from branch master.
Tests/Functions/Public/Invoke-JiraMethod.Unit.Tests.ps1	878	878	Joshua Taliaferro	c33b95778148439dadd643091cd7d72565036653	https://github.com/AtlassianPS/JiraPS/commit/c33b95778148439dadd643091cd7d72565036653	2015-07-08T14:51:09-05:00	Initial commit
Tests/Functions/Public/Invoke-JiraMethod.Unit.Tests.ps1	879	879	Joshua Taliaferro	1f4ec977812da16bfe194bdb2b399e4b22ec5915	https://github.com/AtlassianPS/JiraPS/commit/1f4ec977812da16bfe194bdb2b399e4b22ec5915	2016-09-01T15:19:14-05:00	Fixed #42 and #43
Tests/Functions/Public/Invoke-JiraMethod.Unit.Tests.ps1	887	887	Joshua Taliaferro	1f4ec977812da16bfe194bdb2b399e4b22ec5915	https://github.com/AtlassianPS/JiraPS/commit/1f4ec977812da16bfe194bdb2b399e4b22ec5915	2016-09-01T15:19:14-05:00	Fixed #42 and #43
Tests/Functions/Public/Invoke-JiraMethod.Unit.Tests.ps1	889	889	Joshua Taliaferro	1f4ec977812da16bfe194bdb2b399e4b22ec5915	https://github.com/AtlassianPS/JiraPS/commit/1f4ec977812da16bfe194bdb2b399e4b22ec5915	2016-09-01T15:19:14-05:00	Fixed #42 and #43
Tests/Functions/Public/Invoke-JiraMethod.Unit.Tests.ps1	891	891	Joshua Taliaferro	1f4ec977812da16bfe194bdb2b399e4b22ec5915	https://github.com/AtlassianPS/JiraPS/commit/1f4ec977812da16bfe194bdb2b399e4b22ec5915	2016-09-01T15:19:14-05:00	Fixed #42 and #43
Tests/Functions/Public/Invoke-JiraMethod.Unit.Tests.ps1	898	898	Joshua Taliaferro	1f4ec977812da16bfe194bdb2b399e4b22ec5915	https://github.com/AtlassianPS/JiraPS/commit/1f4ec977812da16bfe194bdb2b399e4b22ec5915	2016-09-01T15:19:14-05:00	Fixed #42 and #43
Tests/Functions/Public/Invoke-JiraMethod.Unit.Tests.ps1	900	901	Joshua Taliaferro	1f4ec977812da16bfe194bdb2b399e4b22ec5915	https://github.com/AtlassianPS/JiraPS/commit/1f4ec977812da16bfe194bdb2b399e4b22ec5915	2016-09-01T15:19:14-05:00	Fixed #42 and #43
Tests/Functions/Public/Invoke-JiraMethod.Unit.Tests.ps1	922	922	Joshua Taliaferro	1f4ec977812da16bfe194bdb2b399e4b22ec5915	https://github.com/AtlassianPS/JiraPS/commit/1f4ec977812da16bfe194bdb2b399e4b22ec5915	2016-09-01T15:19:14-05:00	Fixed #42 and #43
Tests/Functions/Public/Invoke-JiraMethod.Unit.Tests.ps1	923	923	Joshua Taliaferro	c33b95778148439dadd643091cd7d72565036653	https://github.com/AtlassianPS/JiraPS/commit/c33b95778148439dadd643091cd7d72565036653	2015-07-08T14:51:09-05:00	Initial commit
Tests/Functions/Public/Invoke-JiraMethod.Unit.Tests.ps1	948	949	Joshua Taliaferro	c33b95778148439dadd643091cd7d72565036653	https://github.com/AtlassianPS/JiraPS/commit/c33b95778148439dadd643091cd7d72565036653	2015-07-08T14:51:09-05:00	Initial commit
Tests/Functions/Public/Invoke-JiraMethod.Unit.Tests.ps1	1047	1047	Joshua Taliaferro	c33b95778148439dadd643091cd7d72565036653	https://github.com/AtlassianPS/JiraPS/commit/c33b95778148439dadd643091cd7d72565036653	2015-07-08T14:51:09-05:00	Initial commit
Tests/Functions/Public/Invoke-JiraMethod.Unit.Tests.ps1	1048	1048	Joshua Taliaferro	d129c5dcd0bf8f771829fa61ba04317625180461	https://github.com/AtlassianPS/JiraPS/commit/d129c5dcd0bf8f771829fa61ba04317625180461	2015-09-17T22:41:44-05:00	Corrected style
Tests/Functions/Public/New-JiraGroup.Unit.Tests.ps1	20	20	Joshua Taliaferro	95ebe41348e10f941f1c8f9cc4e82ed8d3192d8b	https://github.com/AtlassianPS/JiraPS/commit/95ebe41348e10f941f1c8f9cc4e82ed8d3192d8b	2016-08-20T22:14:29-05:00	Refactored into Public and Internal directories.
Tests/Functions/Public/New-JiraGroup.Unit.Tests.ps1	21	30	Oliver Lipkau	6c36cb7d8db2cc8538581a7de4bb3952c5c2119e	https://github.com/AtlassianPS/JiraPS/commit/6c36cb7d8db2cc8538581a7de4bb3952c5c2119e	2017-06-27T06:12:29+02:00	Enhance repo's environment (#147)
Tests/Functions/Public/New-JiraGroup.Unit.Tests.ps1	31	32	Joshua Taliaferro	95ebe41348e10f941f1c8f9cc4e82ed8d3192d8b	https://github.com/AtlassianPS/JiraPS/commit/95ebe41348e10f941f1c8f9cc4e82ed8d3192d8b	2016-08-20T22:14:29-05:00	Refactored into Public and Internal directories.
Tests/Functions/Public/New-JiraSession.Unit.Tests.ps1	5	5	Joshua Taliaferro	c33b95778148439dadd643091cd7d72565036653	https://github.com/AtlassianPS/JiraPS/commit/c33b95778148439dadd643091cd7d72565036653	2015-07-08T14:51:09-05:00	Initial commit
Tests/Functions/Public/New-JiraUser.Unit.Tests.ps1	23	24	Joshua Taliaferro	95ebe41348e10f941f1c8f9cc4e82ed8d3192d8b	https://github.com/AtlassianPS/JiraPS/commit/95ebe41348e10f941f1c8f9cc4e82ed8d3192d8b	2016-08-20T22:14:29-05:00	Refactored into Public and Internal directories.
Tests/Functions/Public/New-JiraUser.Unit.Tests.ps1	25	26	Joshua Taliaferro	c33b95778148439dadd643091cd7d72565036653	https://github.com/AtlassianPS/JiraPS/commit/c33b95778148439dadd643091cd7d72565036653	2015-07-08T14:51:09-05:00	Initial commit
Tests/Functions/Public/New-JiraUser.Unit.Tests.ps1	27	27	Joshua Taliaferro	7c1085719394d3f496edd08c8fa9cf970827683a	https://github.com/AtlassianPS/JiraPS/commit/7c1085719394d3f496edd08c8fa9cf970827683a	2015-08-05T14:47:52-05:00	Modified Get-JiraUser to return user group information.
Tests/Functions/Public/New-JiraUser.Unit.Tests.ps1	28	31	Joshua Taliaferro	5c8bcea4ff0180ce150e3b333bf80ddea0f7a9c9	https://github.com/AtlassianPS/JiraPS/commit/5c8bcea4ff0180ce150e3b333bf80ddea0f7a9c9	2015-09-09T00:17:53-05:00	Created function Remove-JiraUser and tests
Tests/Functions/Public/New-JiraVersion.Unit.Tests.ps1	37	46	Oliver Lipkau	f3f8338aa40b13b1b2ee08313e847602b22fec67	https://github.com/AtlassianPS/JiraPS/commit/f3f8338aa40b13b1b2ee08313e847602b22fec67	2017-08-05T09:45:36+02:00	Release v2.2.0
Tests/Functions/Public/New-JiraVersion.Unit.Tests.ps1	68	69	Oliver Lipkau	f3f8338aa40b13b1b2ee08313e847602b22fec67	https://github.com/AtlassianPS/JiraPS/commit/f3f8338aa40b13b1b2ee08313e847602b22fec67	2017-08-05T09:45:36+02:00	Release v2.2.0
Tests/Functions/Public/New-JiraVersion.Unit.Tests.ps1	137	138	Oliver Lipkau	f3f8338aa40b13b1b2ee08313e847602b22fec67	https://github.com/AtlassianPS/JiraPS/commit/f3f8338aa40b13b1b2ee08313e847602b22fec67	2017-08-05T09:45:36+02:00	Release v2.2.0
Tests/Functions/Public/New-JiraVersion.Unit.Tests.ps1	139	139	Oliver Lipkau	fbf9e5ad3ed39bc81bb3dea479f4c63815bbee89	https://github.com/AtlassianPS/JiraPS/commit/fbf9e5ad3ed39bc81bb3dea479f4c63815bbee89	2017-08-12T16:29:28+02:00	Fix Test that was using wrong variable (#165)
Tests/Functions/Public/New-JiraVersion.Unit.Tests.ps1	144	154	Oliver Lipkau	f3f8338aa40b13b1b2ee08313e847602b22fec67	https://github.com/AtlassianPS/JiraPS/commit/f3f8338aa40b13b1b2ee08313e847602b22fec67	2017-08-05T09:45:36+02:00	Release v2.2.0
Tests/Functions/Public/New-JiraVersion.Unit.Tests.ps1	156	157	Oliver Lipkau	f3f8338aa40b13b1b2ee08313e847602b22fec67	https://github.com/AtlassianPS/JiraPS/commit/f3f8338aa40b13b1b2ee08313e847602b22fec67	2017-08-05T09:45:36+02:00	Release v2.2.0
Tests/Functions/Public/New-JiraVersion.Unit.Tests.ps1	158	158	Oliver Lipkau	fbf9e5ad3ed39bc81bb3dea479f4c63815bbee89	https://github.com/AtlassianPS/JiraPS/commit/fbf9e5ad3ed39bc81bb3dea479f4c63815bbee89	2017-08-12T16:29:28+02:00	Fix Test that was using wrong variable (#165)
Tests/Functions/Public/Remove-JiraFilter.Unit.Tests.ps1	22	24	Joshua Taliaferro	95ebe41348e10f941f1c8f9cc4e82ed8d3192d8b	https://github.com/AtlassianPS/JiraPS/commit/95ebe41348e10f941f1c8f9cc4e82ed8d3192d8b	2016-08-20T22:14:29-05:00	Refactored into Public and Internal directories.
Tests/Functions/Public/Remove-JiraFilter.Unit.Tests.ps1	26	28	Liam Leane	a2f3c9aa29256b32b0340150b097a41d4a3dccac	https://github.com/AtlassianPS/JiraPS/commit/a2f3c9aa29256b32b0340150b097a41d4a3dccac	2016-03-18T11:08:33-04:00	Switching to ConvertFrom-Json2
Tests/Functions/Public/Remove-JiraFilter.Unit.Tests.ps1	33	37	Liam Leane	a2f3c9aa29256b32b0340150b097a41d4a3dccac	https://github.com/AtlassianPS/JiraPS/commit/a2f3c9aa29256b32b0340150b097a41d4a3dccac	2016-03-18T11:08:33-04:00	Switching to ConvertFrom-Json2
Tests/Functions/Public/Remove-JiraFilter.Unit.Tests.ps1	40	60	Liam Leane	a2f3c9aa29256b32b0340150b097a41d4a3dccac	https://github.com/AtlassianPS/JiraPS/commit/a2f3c9aa29256b32b0340150b097a41d4a3dccac	2016-03-18T11:08:33-04:00	Switching to ConvertFrom-Json2
Tests/Functions/Public/Remove-JiraFilter.Unit.Tests.ps1	61	61	Joshua Taliaferro	c39b68020598078bebd10818785e1dd65965eaa9	https://github.com/AtlassianPS/JiraPS/commit/c39b68020598078bebd10818785e1dd65965eaa9	2015-10-16T13:40:13-05:00	Created function ConvertTo-JiraFilter and related tests
Tests/Functions/Public/Remove-JiraGroup.Unit.Tests.ps1	25	33	Oliver Lipkau	6c36cb7d8db2cc8538581a7de4bb3952c5c2119e	https://github.com/AtlassianPS/JiraPS/commit/6c36cb7d8db2cc8538581a7de4bb3952c5c2119e	2017-06-27T06:12:29+02:00	Enhance repo's environment (#147)
Tests/Functions/Public/Remove-JiraGroup.Unit.Tests.ps1	34	35	Joshua Taliaferro	95ebe41348e10f941f1c8f9cc4e82ed8d3192d8b	https://github.com/AtlassianPS/JiraPS/commit/95ebe41348e10f941f1c8f9cc4e82ed8d3192d8b	2016-08-20T22:14:29-05:00	Refactored into Public and Internal directories.
Tests/Functions/Public/Remove-JiraRemoteLink.Unit.Tests.ps1	21	21	Oliver Lipkau	a27a0a872e9537990410880989af00115879e93d	https://github.com/AtlassianPS/JiraPS/commit/a27a0a872e9537990410880989af00115879e93d	2017-02-09T10:36:40+01:00	added UnitTests for Remove-JiraRemoteLink
Tests/Functions/Public/Remove-JiraRemoteLink.Unit.Tests.ps1	22	38	Oliver Lipkau	6c36cb7d8db2cc8538581a7de4bb3952c5c2119e	https://github.com/AtlassianPS/JiraPS/commit/6c36cb7d8db2cc8538581a7de4bb3952c5c2119e	2017-06-27T06:12:29+02:00	Enhance repo's environment (#147)
Tests/Functions/Public/Remove-JiraRemoteLink.Unit.Tests.ps1	39	40	Oliver Lipkau	a27a0a872e9537990410880989af00115879e93d	https://github.com/AtlassianPS/JiraPS/commit/a27a0a872e9537990410880989af00115879e93d	2017-02-09T10:36:40+01:00	added UnitTests for Remove-JiraRemoteLink
Tests/Functions/Public/Remove-JiraUser.Unit.Tests.ps1	24	24	Joshua Taliaferro	5c8bcea4ff0180ce150e3b333bf80ddea0f7a9c9	https://github.com/AtlassianPS/JiraPS/commit/5c8bcea4ff0180ce150e3b333bf80ddea0f7a9c9	2015-09-09T00:17:53-05:00	Created function Remove-JiraUser and tests
Tests/Functions/Public/Remove-JiraUser.Unit.Tests.ps1	25	27	Joshua Taliaferro	c33b95778148439dadd643091cd7d72565036653	https://github.com/AtlassianPS/JiraPS/commit/c33b95778148439dadd643091cd7d72565036653	2015-07-08T14:51:09-05:00	Initial commit
Tests/Functions/Public/Remove-JiraUser.Unit.Tests.ps1	28	28	Joshua Taliaferro	7c1085719394d3f496edd08c8fa9cf970827683a	https://github.com/AtlassianPS/JiraPS/commit/7c1085719394d3f496edd08c8fa9cf970827683a	2015-08-05T14:47:52-05:00	Modified Get-JiraUser to return user group information.
Tests/Functions/Public/Remove-JiraUser.Unit.Tests.ps1	29	32	Joshua Taliaferro	5c8bcea4ff0180ce150e3b333bf80ddea0f7a9c9	https://github.com/AtlassianPS/JiraPS/commit/5c8bcea4ff0180ce150e3b333bf80ddea0f7a9c9	2015-09-09T00:17:53-05:00	Created function Remove-JiraUser and tests
Tests/Functions/Public/Resolve-JiraError.Unit.Tests.ps1	16	23	Joshua Taliaferro	95ebe41348e10f941f1c8f9cc4e82ed8d3192d8b	https://github.com/AtlassianPS/JiraPS/commit/95ebe41348e10f941f1c8f9cc4e82ed8d3192d8b	2016-08-20T22:14:29-05:00	Refactored into Public and Internal directories.
Tests/Functions/Public/Set-JiraFilter.Unit.Tests.ps1	22	24	Joshua Taliaferro	95ebe41348e10f941f1c8f9cc4e82ed8d3192d8b	https://github.com/AtlassianPS/JiraPS/commit/95ebe41348e10f941f1c8f9cc4e82ed8d3192d8b	2016-08-20T22:14:29-05:00	Refactored into Public and Internal directories.
Tests/Functions/Public/Set-JiraFilter.Unit.Tests.ps1	26	28	Liam Leane	a2f3c9aa29256b32b0340150b097a41d4a3dccac	https://github.com/AtlassianPS/JiraPS/commit/a2f3c9aa29256b32b0340150b097a41d4a3dccac	2016-03-18T11:08:33-04:00	Switching to ConvertFrom-Json2
Tests/Functions/Public/Set-JiraFilter.Unit.Tests.ps1	33	37	Liam Leane	a2f3c9aa29256b32b0340150b097a41d4a3dccac	https://github.com/AtlassianPS/JiraPS/commit/a2f3c9aa29256b32b0340150b097a41d4a3dccac	2016-03-18T11:08:33-04:00	Switching to ConvertFrom-Json2
Tests/Functions/Public/Set-JiraFilter.Unit.Tests.ps1	40	60	Liam Leane	a2f3c9aa29256b32b0340150b097a41d4a3dccac	https://github.com/AtlassianPS/JiraPS/commit/a2f3c9aa29256b32b0340150b097a41d4a3dccac	2016-03-18T11:08:33-04:00	Switching to ConvertFrom-Json2
Tests/Functions/Public/Set-JiraFilter.Unit.Tests.ps1	61	61	Joshua Taliaferro	c39b68020598078bebd10818785e1dd65965eaa9	https://github.com/AtlassianPS/JiraPS/commit/c39b68020598078bebd10818785e1dd65965eaa9	2015-10-16T13:40:13-05:00	Created function ConvertTo-JiraFilter and related tests
Tests/Functions/Public/Set-JiraUser.Unit.Tests.ps1	23	23	Joshua Taliaferro	52121b85cab2e6b85aeda4c602b1bb443351a5f0	https://github.com/AtlassianPS/JiraPS/commit/52121b85cab2e6b85aeda4c602b1bb443351a5f0	2015-09-03T21:48:15-05:00	Created function Set-JiraUser.
Tests/Functions/Public/Set-JiraUser.Unit.Tests.ps1	24	26	Joshua Taliaferro	c33b95778148439dadd643091cd7d72565036653	https://github.com/AtlassianPS/JiraPS/commit/c33b95778148439dadd643091cd7d72565036653	2015-07-08T14:51:09-05:00	Initial commit
Tests/Functions/Public/Set-JiraUser.Unit.Tests.ps1	27	31	Joshua Taliaferro	52121b85cab2e6b85aeda4c602b1bb443351a5f0	https://github.com/AtlassianPS/JiraPS/commit/52121b85cab2e6b85aeda4c602b1bb443351a5f0	2015-09-03T21:48:15-05:00	Created function Set-JiraUser.
Tests/Functions/Public/Set-JiraVersion.Unit.Tests.ps1	36	45	Oliver Lipkau	f3f8338aa40b13b1b2ee08313e847602b22fec67	https://github.com/AtlassianPS/JiraPS/commit/f3f8338aa40b13b1b2ee08313e847602b22fec67	2017-08-05T09:45:36+02:00	Release v2.2.0
Tests/Help.Tests.ps1	2	2	Oliver Lipkau	dff63fbe386392f01b85338a6958c8d5e004e633	https://github.com/AtlassianPS/JiraPS/commit/dff63fbe386392f01b85338a6958c8d5e004e633	2017-05-22T16:45:15+02:00	[added] Tests to ensure the cmdlets have a basic help
Tests/Help.Tests.ps1	5	5	Oliver Lipkau	dff63fbe386392f01b85338a6958c8d5e004e633	https://github.com/AtlassianPS/JiraPS/commit/dff63fbe386392f01b85338a6958c8d5e004e633	2017-05-22T16:45:15+02:00	[added] Tests to ensure the cmdlets have a basic help
Tests/Help.Tests.ps1	54	54	Oliver Lipkau	b1270b78814d0ebc6b04c3b56168dc451ef4829c	https://github.com/AtlassianPS/JiraPS/commit/b1270b78814d0ebc6b04c3b56168dc451ef4829c	2017-05-22T17:21:18+02:00	[fix] updated the code formatting I screwed up in my last commit
Tests/Help.Tests.ps1	88	88	Oliver Lipkau	b1270b78814d0ebc6b04c3b56168dc451ef4829c	https://github.com/AtlassianPS/JiraPS/commit/b1270b78814d0ebc6b04c3b56168dc451ef4829c	2017-05-22T17:21:18+02:00	[fix] updated the code formatting I screwed up in my last commit
Tests/Help.Tests.ps1	93	93	Oliver Lipkau	b1270b78814d0ebc6b04c3b56168dc451ef4829c	https://github.com/AtlassianPS/JiraPS/commit/b1270b78814d0ebc6b04c3b56168dc451ef4829c	2017-05-22T17:21:18+02:00	[fix] updated the code formatting I screwed up in my last commit
Tests/Help.Tests.ps1	98	98	Oliver Lipkau	b1270b78814d0ebc6b04c3b56168dc451ef4829c	https://github.com/AtlassianPS/JiraPS/commit/b1270b78814d0ebc6b04c3b56168dc451ef4829c	2017-05-22T17:21:18+02:00	[fix] updated the code formatting I screwed up in my last commit
Tests/Help.Tests.ps1	101	101	Oliver Lipkau	b1270b78814d0ebc6b04c3b56168dc451ef4829c	https://github.com/AtlassianPS/JiraPS/commit/b1270b78814d0ebc6b04c3b56168dc451ef4829c	2017-05-22T17:21:18+02:00	[fix] updated the code formatting I screwed up in my last commit
Tests/Help.Tests.ps1	118	118	Oliver Lipkau	dff63fbe386392f01b85338a6958c8d5e004e633	https://github.com/AtlassianPS/JiraPS/commit/dff63fbe386392f01b85338a6958c8d5e004e633	2017-05-22T16:45:15+02:00	[added] Tests to ensure the cmdlets have a basic help
Tests/Help.Tests.ps1	120	120	Oliver Lipkau	b1270b78814d0ebc6b04c3b56168dc451ef4829c	https://github.com/AtlassianPS/JiraPS/commit/b1270b78814d0ebc6b04c3b56168dc451ef4829c	2017-05-22T17:21:18+02:00	[fix] updated the code formatting I screwed up in my last commit
Tests/Help.Tests.ps1	336	337	Oliver Lipkau	dff63fbe386392f01b85338a6958c8d5e004e633	https://github.com/AtlassianPS/JiraPS/commit/dff63fbe386392f01b85338a6958c8d5e004e633	2017-05-22T16:45:15+02:00	[added] Tests to ensure the cmdlets have a basic help
Tests/Help.Tests.ps1	372	372	Oliver Lipkau	dff63fbe386392f01b85338a6958c8d5e004e633	https://github.com/AtlassianPS/JiraPS/commit/dff63fbe386392f01b85338a6958c8d5e004e633	2017-05-22T16:45:15+02:00	[added] Tests to ensure the cmdlets have a basic help
Tests/JiraPS.Tests.ps1	8	8	Oliver Lipkau	1f61a714b208735fa804241b5a5eb86333400fbc	https://github.com/AtlassianPS/JiraPS/commit/1f61a714b208735fa804241b5a5eb86333400fbc	2017-06-20T15:45:04+02:00	Added PSScriptAnalyzer to Unit Tests
Tests/JiraPS.Tests.ps1	12	12	Joshua Taliaferro	e83a4a716bc2479351f76a1cb099e59e87479fa2	https://github.com/AtlassianPS/JiraPS/commit/e83a4a716bc2479351f76a1cb099e59e87479fa2	2015-09-17T22:18:56-05:00	Added extensive module tests
Tests/JiraPS.Tests.ps1	49	49	Oliver Lipkau	1f61a714b208735fa804241b5a5eb86333400fbc	https://github.com/AtlassianPS/JiraPS/commit/1f61a714b208735fa804241b5a5eb86333400fbc	2017-06-20T15:45:04+02:00	Added PSScriptAnalyzer to Unit Tests
Tests/JiraPS.Tests.ps1	80	80	Joshua Taliaferro	e83a4a716bc2479351f76a1cb099e59e87479fa2	https://github.com/AtlassianPS/JiraPS/commit/e83a4a716bc2479351f76a1cb099e59e87479fa2	2015-09-17T22:18:56-05:00	Added extensive module tests
docs/viewing_issues.rst	1	73	Joshua Taliaferro	0b095d967e86af202f39f25a78d71aad632f463c	https://github.com/AtlassianPS/JiraPS/commit/0b095d967e86af202f39f25a78d71aad632f463c	2016-12-15T14:52:56-06:00	Continued work on documentation
docs/viewing_issues.rst	74	74	Oliver Lipkau	6c36cb7d8db2cc8538581a7de4bb3952c5c2119e	https://github.com/AtlassianPS/JiraPS/commit/6c36cb7d8db2cc8538581a7de4bb3952c5c2119e	2017-06-27T06:12:29+02:00	Enhance repo's environment (#147)
